variable,test_year,country_code,train_through_year,n_train_country_years,forecast,actual,abs_error,naive_forecast,naive_abs_error
gdp_growth,2016,AFG,2015,162,6.892562608060238,2.26031420279821,4.632248405262027,1.45131466066431,0.8089995421339
gdp_growth,2016,ARE,2015,162,4.576889038898123,5.65790147196586,1.0810124330677366,7.08766622657654,1.4297647546106802
gdp_growth,2016,BGD,2015,162,6.151207755190308,7.11347821270093,0.9622704575106225,6.55263987816197,0.5608383345389605
gdp_growth,2016,BHR,2015,162,4.141487417993208,3.81499327422425,0.3264941437689579,2.50787205267615,1.3071212215480998
gdp_growth,2016,BTN,2015,162,5.578366138648941,8.47594339232963,2.897577253680688,6.66080128866197,1.8151421036676592
gdp_growth,2016,DJI,2015,162,7.262328228779842,7.1234323372872,0.13889589149264214,7.30898563450799,0.18555329722078984
gdp_growth,2016,DZA,2015,162,3.132400452222165,3.90000000017621,0.767599547954045,3.20000000089023,0.6999999992859802
gdp_growth,2016,EGY,2015,162,2.079786068609504,4.34664345601914,2.266857387409636,4.37201907781687,0.02537562179773012
gdp_growth,2016,ETH,2015,162,10.312552315589777,9.43348265981905,0.879069655770726,10.3924630141307,0.9589803543116489
gdp_growth,2016,IND,2015,162,5.935776566703046,8.25630550176662,2.3205289350635745,7.99625378567987,0.2600517160867506
gdp_growth,2016,IRN,2015,162,1.416788362738283,8.8150866425182,7.398298279779917,-1.42488493937503,10.23997158189323
gdp_growth,2016,IRQ,2015,162,8.786826636449055,13.7873730187089,5.000546382259845,2.60676642939541,11.18060658931349
gdp_growth,2016,ISR,2015,162,4.405727949846341,4.53601939236572,0.13029144251937907,2.23599889603805,2.30002049632767
gdp_growth,2016,JOR,2015,162,2.887331078452097,2.11166806967252,0.7756630087795768,2.52261671092148,0.41094864124896
gdp_growth,2016,KWT,2015,162,4.7107641858290465,2.92607584256388,1.7846883432651666,0.592770817217982,2.333305025345898
gdp_growth,2016,LBN,2015,162,3.2807404043373305,1.55454940856943,1.7261909957679005,0.462320792597581,1.092228615971849
gdp_growth,2016,LBY,2015,162,-0.7019125734860661,-1.4909411172622,0.789028543776134,-0.842656252118843,0.648284865143357
gdp_growth,2016,LKA,2015,162,7.571423934800426,5.05362488993089,2.5177990448695358,4.20595547501601,0.84766941491488
gdp_growth,2016,MAR,2015,162,3.7297692264295077,0.52118550608968,3.2085837203398277,4.34458297635238,3.8233974702627003
gdp_growth,2016,MDV,2015,162,7.074364544808358,6.37528306716864,0.6990814776397176,3.86813536494475,2.50714770222389
gdp_growth,2016,NPL,2015,162,4.527247948425295,0.433113719381524,4.094134229043771,3.97605327162971,3.5429395522481864
gdp_growth,2016,OMN,2015,162,4.310171913464327,5.04642394571691,0.7362520322525832,5.01705799719045,0.02936594852646035
gdp_growth,2016,PAK,2015,162,3.2476259185209093,6.57383828511043,3.3262123665895205,4.21794209572506,2.35589618938537
gdp_growth,2016,PSE,2015,162,5.387856685047307,8.86461881995935,3.4767621349120432,3.72129967114788,5.14331914881147
gdp_growth,2016,QAT,2015,162,7.731670064895547,3.06419188430156,4.667478180593987,4.75334572438737,1.68915384008581
gdp_growth,2016,SAU,2015,162,6.332316658004216,1.70404739202878,4.628269265975436,4.65512316652699,2.95107577449821
gdp_growth,2016,SDN,2015,162,-3.8904359566354865,3.46764218409288,7.358078140728367,1.91017689052751,1.5574652935653701
gdp_growth,2016,SOM,2015,162,7.768924213010492,7.03487260042162,0.7340516125888721,10.4621881235147,3.42731552309308
gdp_growth,2016,SYR,2015,162,-15.591672460269766,-6.40568496867387,9.185987491595895,-4.17969204561759,2.22599292305628
gdp_growth,2016,TUN,2015,162,2.199998999962165,1.117231963992,1.0827670359701649,0.967834205635981,0.1493977583560191
gdp_growth,2016,TUR,2015,162,7.611454085839729,3.32366508200445,4.287789003835279,5.80557386628684,2.4819087842823904
gdp_growth,2016,YEM,2015,162,4.6858070484260335,-9.37512379736752,14.060930845793553,-27.9945462502541,18.61942245288658
gdp_growth,2017,AFG,2016,194,5.688687177292001,2.6470032027451,3.0416839745469013,2.26031420279821,0.3866889999468901
gdp_growth,2017,ARE,2016,194,5.351346234574534,-1.06137114472548,6.412717379300014,5.65790147196586,6.71927261669134
gdp_growth,2017,BGD,2016,194,6.110626863617991,6.59024999794057,0.47962313432257897,7.11347821270093,0.5232282147603602
gdp_growth,2017,BHR,2016,194,3.564519240543472,4.95383534123657,1.3893161006930983,3.81499327422425,1.1388420670123205
gdp_growth,2017,BTN,2016,194,5.380446353184858,2.08684522733067,3.293601125854188,8.47594339232963,6.389098164998959
gdp_growth,2017,DJI,2016,194,7.26408548325036,5.458091517212,1.8059939660383604,7.1234323372872,1.6653408200752002
gdp_growth,2017,DZA,2016,194,2.9935615637384725,1.49999999895587,1.4935615647826024,3.90000000017621,2.4000000012203397
gdp_growth,2017,EGY,2016,194,2.501263669261926,4.18122099961562,1.679957330353694,4.34664345601914,0.16542245640351982
gdp_growth,2017,ETH,2016,194,10.520368110792031,9.56418965754014,0.9561784532518907,9.43348265981905,0.13070699772108973
gdp_growth,2017,IND,2016,194,6.256238990971053,6.79538341902422,0.5391444280531665,8.25630550176662,1.4609220827424005
gdp_growth,2017,IRN,2016,194,-1.26213601184361,3.02685468694025,4.28899069878386,8.8150866425182,5.788231955577949
gdp_growth,2017,IRQ,2016,194,5.312832830281551,-1.81975035118309,7.132583181464641,13.7873730187089,15.60712336989199
gdp_growth,2017,ISR,2016,194,3.51891226438802,4.34394518932547,0.8250329249374495,4.53601939236572,0.19207420304025025
gdp_growth,2017,JOR,2016,194,2.9061060524297866,2.50770398070352,0.3984020717262666,2.11166806967252,0.3960359110309999
gdp_growth,2017,KWT,2016,194,3.4812070923856693,-4.71222270495362,8.193429797339288,2.92607584256388,7.6382985475175
gdp_growth,2017,LBN,2016,194,2.5140504746474646,0.903028464073813,1.6110220105736515,1.55454940856943,0.651520944495617
gdp_growth,2017,LBY,2016,194,-0.6110922739422119,32.4918021862688,33.10289446021101,-1.4909411172622,33.982743303531
gdp_growth,2017,LKA,2016,194,6.767684339114051,6.46068127080994,0.3070030683041107,5.05362488993089,1.40705638087905
gdp_growth,2017,MAR,2016,194,4.642611459315196,5.05789816173446,0.41528670241926413,0.52118550608968,4.536712655644781
gdp_growth,2017,MDV,2016,194,5.956267884546808,7.07442863215275,1.118160747605942,6.37528306716864,0.6991455649841098
gdp_growth,2017,NPL,2016,194,5.16321750621154,8.97727935643466,3.814061850223121,0.433113719381524,8.544165637053137
gdp_growth,2017,OMN,2016,194,4.441283331087203,0.304057565922449,4.137225765164755,5.04642394571691,4.742366379794461
gdp_growth,2017,PAK,2016,194,2.9419068854364996,4.43262590683975,1.4907190214032502,6.57383828511043,2.14121237827068
gdp_growth,2017,PSE,2016,194,4.003616008827574,1.41936756294787,2.5842484458797044,8.86461881995935,7.44525125701148
gdp_growth,2017,QAT,2016,194,7.501914618223588,-1.49760470227838,8.999519320501967,3.06419188430156,4.56179658657994
gdp_growth,2017,SAU,2016,194,6.640580096710403,1.18210705878283,5.458473037927574,1.70404739202878,0.52194033324595
gdp_growth,2017,SDN,2016,194,-3.162227218151088,0.70925628476644,3.871483502917528,3.46764218409288,2.75838589932644
gdp_growth,2017,SOM,2016,194,8.98806598934543,14.7357956045195,5.747729615174071,7.03487260042162,7.700923004097881
gdp_growth,2017,SYR,2016,194,-13.07279077677843,-0.723346297115341,12.349444479663088,-6.40568496867387,5.682338671558529
gdp_growth,2017,TUN,2016,194,1.9373766778073562,2.25261437620587,0.3152376983985137,1.117231963992,1.1353824122138698
gdp_growth,2017,TUR,2016,194,7.790794191729326,7.82585730002594,0.03506310829661441,3.32366508200445,4.50219221802149
gdp_growth,2017,YEM,2016,194,-5.282495853836083,-5.07179568062152,0.2107001732145628,-9.37512379736752,4.303328116746
gdp_growth,2018,AFG,2017,226,5.1035916214654895,1.18922812944517,3.9143634920203194,2.6470032027451,1.45777507329993
gdp_growth,2018,ARE,2017,226,6.946248313000514,1.53720634021511,5.409041972785404,-1.06137114472548,2.59857748494059
gdp_growth,2018,BGD,2017,226,6.376007107147093,7.31941263014136,0.9434055229942668,6.59024999794057,0.72916263220079
gdp_growth,2018,BHR,2017,226,3.337777347352972,2.05258864979861,1.285188697554362,4.95383534123657,2.90124669143796
gdp_growth,2018,BTN,2017,226,7.299333347266985,3.50187185732737,3.797461489939615,2.08684522733067,1.4150266299966998
gdp_growth,2018,DJI,2017,226,7.284000979331493,4.77433934943193,2.509661629899563,5.458091517212,0.68375216778007
gdp_growth,2018,DZA,2017,226,3.6775363185412737,1.40000000088281,2.2775363176584635,1.49999999895587,0.09999999807306015
gdp_growth,2018,EGY,2017,226,2.8049751133224596,5.33110861887155,2.5261335055490903,4.18122099961562,1.1498876192559297
gdp_growth,2018,ETH,2017,226,10.33313992508122,6.81614778557282,3.5169921395083996,9.56418965754014,2.7480418719673203
gdp_growth,2018,IND,2017,226,6.881173573637292,6.45385134495295,0.4273222286843419,6.79538341902422,0.34153207407126995
gdp_growth,2018,IRN,2017,226,1.524601180699809,-3.74796015711334,5.2725613378131495,3.02685468694025,6.774814844053591
gdp_growth,2018,IRQ,2017,226,10.134655142929551,2.63385099105624,7.500804151873311,-1.81975035118309,4.45360134223933
gdp_growth,2018,ISR,2017,226,3.7094761820412177,4.05349952888294,0.344023346841722,4.34394518932547,0.29044566044253006
gdp_growth,2018,JOR,2017,226,2.7002648210991542,1.85383415616927,0.8464306649298843,2.50770398070352,0.65386982453425
gdp_growth,2018,KWT,2017,226,5.164275540408368,2.74333045031415,2.420945090094218,-4.71222270495362,7.455553155267769
gdp_growth,2018,LBN,2017,226,2.5249884248594205,-1.88470575631651,4.40969418117593,0.903028464073813,2.787734220390323
gdp_growth,2018,LBY,2017,226,-8.57814337927361,7.9413678529104,16.51951123218401,32.4918021862688,24.5504343333584
gdp_growth,2018,LKA,2017,226,6.195754719096437,2.31008425504933,3.8856704640471067,6.46068127080994,4.15059701576061
gdp_growth,2018,MAR,2017,226,3.0021111013088606,3.06564133025955,0.0635302289506896,5.05789816173446,1.99225683147491
gdp_growth,2018,MDV,2017,226,5.855242662003592,8.5689555834747,2.7137129214711084,7.07442863215275,1.4945269513219506
gdp_growth,2018,NPL,2017,226,2.5103748353750177,7.62237610397933,5.112001268604312,8.97727935643466,1.3549032524553306
gdp_growth,2018,OMN,2017,226,5.622865617963459,1.28710391543288,4.335761702530579,0.304057565922449,0.9830463495104311
gdp_growth,2018,PAK,2017,226,3.9597268351552417,6.15170261099519,2.191975775839948,4.43262590683975,1.71907670415544
gdp_growth,2018,PSE,2017,226,6.421564989789319,1.22707737782703,5.194487611962289,1.41936756294787,0.19229018512083984
gdp_growth,2018,QAT,2017,226,7.912714822179282,1.23487220191065,6.677842620268632,-1.49760470227838,2.73247690418903
gdp_growth,2018,SAU,2017,226,6.049583019167236,3.2269508901591,2.8226321290081358,1.18210705878283,2.0448438313762702
gdp_growth,2018,SDN,2017,226,-1.571412113618179,-2.6809305497999,1.109518436181721,0.70925628476644,3.39018683456634
gdp_growth,2018,SOM,2017,226,6.930454205571812,2.05431507261069,4.876139132961122,14.7357956045195,12.68148053190881
gdp_growth,2018,SYR,2017,226,-13.42582376674605,1.39323324059961,14.81905700734566,-0.723346297115341,2.116579537714951
gdp_growth,2018,TUN,2017,226,1.5570325405309844,2.60696965356362,1.0499371130326356,2.25261437620587,0.3543552773577501
gdp_growth,2018,TUR,2017,226,6.108061848245926,3.46815306092219,2.639908787323736,7.82585730002594,4.35770423910375
gdp_growth,2018,YEM,2017,226,-6.867656180444259,0.752447592962554,7.620103773406813,-5.07179568062152,5.824243273584074
gdp_growth,2019,AFG,2018,258,4.972355060782546,3.91160341625552,1.0607516445270262,1.18922812944517,2.72237528681035
gdp_growth,2019,ARE,2018,258,5.174263289043114,1.27129120536284,3.9029720836802735,1.53720634021511,0.2659151348522699
gdp_growth,2019,BGD,2018,258,6.265268064165806,7.88191515117722,1.6166470870114145,7.31941263014136,0.5625025210358601
gdp_growth,2019,BHR,2018,258,4.178062654508502,2.05287774418655,2.1251849103219524,2.05258864979861,0.00028909438793967013
gdp_growth,2019,BTN,2018,258,6.168322718638689,5.75514851246506,0.413174206173629,3.50187185732737,2.25327665513769
gdp_growth,2019,DJI,2018,258,6.820940377477479,5.54508081154978,1.275859565927699,4.77433934943193,0.7707414621178499
gdp_growth,2019,DZA,2018,258,3.348678900408868,0.899999999219148,2.44867890118972,1.40000000088281,0.500000001663662
gdp_growth,2019,EGY,2018,258,2.779630435804005,5.55209307084222,2.7724626350382153,5.33110861887155,0.2209844519706703
gdp_growth,2019,ETH,2018,258,10.759953329362247,8.36408573111346,2.3958675982487865,6.81614778557282,1.5479379455406406
gdp_growth,2019,IND,2018,258,6.930200571382889,3.87143694070524,3.0587636306776487,6.45385134495295,2.58241440424771
gdp_growth,2019,IRN,2018,258,3.1193543487105155,-2.36143538770575,5.480789736416265,-3.74796015711334,1.3865247694075902
gdp_growth,2019,IRQ,2018,258,7.355146423251073,5.5137905789381,1.8413558443129725,2.63385099105624,2.8799395878818603
gdp_growth,2019,ISR,2018,258,3.8611748457299053,3.57898762923605,0.28218721649385525,4.05349952888294,0.47451189964688956
gdp_growth,2019,JOR,2018,258,2.8027520585702073,1.85633006592765,0.9464219926425572,1.85383415616927,0.0024959097583800993
gdp_growth,2019,KWT,2018,258,2.1200870482271092,2.26381706595791,0.14373001773080096,2.74333045031415,0.4795133843562396
gdp_growth,2019,LBN,2018,258,2.8114912981882174,-6.91492472851026,9.726416026698477,-1.88470575631651,5.03021897219375
gdp_growth,2019,LBY,2018,258,2.844839415478792,-11.1960828853386,14.040922300817392,7.9413678529104,19.137450738249
gdp_growth,2019,LKA,2018,258,7.072402316824307,-0.220483886824823,7.29288620364913,2.31008425504933,2.530568141874153
gdp_growth,2019,MAR,2018,258,3.7295706884567363,2.89097476137077,0.8385959270859664,3.06564133025955,0.1746665688887803
gdp_growth,2019,MDV,2018,258,5.740972665223035,6.92305989050099,1.1820872252779546,8.5689555834747,1.6458956929737107
gdp_growth,2019,NPL,2018,258,3.7988390889109143,6.65705543110468,2.8582163421937654,7.62237610397933,0.9653206728746504
gdp_growth,2019,OMN,2018,258,4.595001356535159,-1.12863801728058,5.723639373815739,1.28710391543288,2.41574193271346
gdp_growth,2019,PAK,2018,258,3.695886177473767,2.49763692943365,1.198249248040117,6.15170261099519,3.6540656815615398
gdp_growth,2019,PSE,2018,258,5.671899571902679,1.36268746558062,4.309212106322059,1.22707737782703,0.13561008775358996
gdp_growth,2019,QAT,2018,258,5.832868393551613,0.688240954592672,5.144627438958941,1.23487220191065,0.546631247317978
gdp_growth,2019,SAU,2018,258,4.868762713313984,1.65158925617395,3.217173457140034,3.2269508901591,1.5753616339851502
gdp_growth,2019,SDN,2018,258,-0.5451609214771429,-2.17825104530091,1.6330901238237672,-2.6809305497999,0.5026795044989898
gdp_growth,2019,SOM,2018,258,10.739741310086526,2.80033312513012,7.939408184956406,2.05431507261069,0.74601805251943
gdp_growth,2019,SYR,2018,258,-11.923048383410576,1.22072818348491,13.143776566895486,1.39323324059961,0.1725050571147
gdp_growth,2019,TUN,2018,258,1.5892963382966308,1.55009304966742,0.03920328862921085,2.60696965356362,1.0568766038962
gdp_growth,2019,TUR,2018,258,7.254037921618535,1.30162365464503,5.952414266973505,3.46815306092219,2.16652940627716
gdp_growth,2020,AFG,2019,289,3.945125038407043,-2.35110067203466,6.296225710441703,3.91160341625552,6.26270408829018
gdp_growth,2020,ARE,2019,289,4.778517461154011,-8.69343363776639,13.4719510989204,1.27129120536284,9.964724843129229
gdp_growth,2020,BGD,2019,289,6.286192648206155,3.44801755122445,2.838175096981705,7.88191515117722,4.43389759995277
gdp_growth,2020,BHR,2019,289,3.912451537227211,-5.9113629524152,9.82381448964241,2.05287774418655,7.964240696601749
gdp_growth,2020,BTN,2019,289,5.379176865050622,-10.2183974208569,15.597574285907523,5.75514851246506,15.973545933321962
gdp_growth,2020,DJI,2019,289,6.297964530351371,1.2021151728969,5.095849357454471,5.54508081154978,4.342965638652879
gdp_growth,2020,DZA,2019,289,3.2025242724844825,-4.99999999908597,8.202524271570454,0.899999999219148,5.899999998305118
gdp_growth,2020,EGY,2019,289,3.050625323694924,3.55016483883115,0.4995395151362261,5.55209307084222,2.0019282320110703
gdp_growth,2020,ETH,2019,289,9.957500121754926,6.05953089248577,3.8979692292691555,8.36408573111346,2.3045548386276904
gdp_growth,2020,IND,2019,289,7.381238984167911,-5.77772470687303,13.158963691040942,3.87143694070524,9.649161647578271
gdp_growth,2020,IRN,2019,289,1.982674262113208,4.44180865358672,2.459134391473512,-2.36143538770575,6.803244041292469
gdp_growth,2020,IRQ,2019,289,6.195276123007172,-12.0367930960454,18.232069219052573,5.5137905789381,17.5505836749835
gdp_growth,2020,ISR,2019,289,3.976858314039592,-1.80206927953466,5.778927593574252,3.57898762923605,5.38105690877071
gdp_growth,2020,JOR,2019,289,2.6840576995931484,-1.15257534158022,3.8366330411733687,1.85633006592765,3.00890540750787
gdp_growth,2020,KWT,2019,289,2.299963002799559,-4.81731593381585,7.117278936615409,2.26381706595791,7.081132999773761
gdp_growth,2020,LBN,2019,289,3.216453607737382,-21.3998996914321,24.616353299169482,-6.91492472851026,14.48497496292184
gdp_growth,2020,LBY,2019,289,7.27854562993725,-29.4552967282824,36.73384235821965,-11.1960828853386,18.2592138429438
gdp_growth,2020,LKA,2019,289,6.979091569719965,-4.62451503712715,11.603606606847116,-0.220483886824823,4.404031150302327
gdp_growth,2020,MAR,2019,289,3.681735367983763,-7.17820744246774,10.859942810451503,2.89097476137077,10.06918220383851
gdp_growth,2020,MDV,2019,289,6.419276273706281,-32.9088287752921,39.32810504899838,6.92305989050099,39.83188866579309
gdp_growth,2020,NPL,2019,289,4.466287700173362,-2.3696206292072,6.835908329380562,6.65705543110468,9.02667606031188
gdp_growth,2020,OMN,2019,289,4.6651087935051,-3.37972052697999,8.04482932048509,-1.12863801728058,2.25108250969941
gdp_growth,2020,PAK,2019,289,4.731507584832018,-1.27408744338709,6.005595028219108,2.49763692943365,3.77172437282074
gdp_growth,2020,PSE,2019,289,5.089973751398124,-11.3184661065134,16.408439857911524,1.36268746558062,12.68115357209402
gdp_growth,2020,QAT,2019,289,5.350872733915152,-3.5576039896784,8.908476723593552,0.688240954592672,4.245844944271072
gdp_growth,2020,SAU,2019,289,4.976440129926346,-3.80478901996312,8.781229149889466,1.65158925617395,5.45637827613707
gdp_growth,2020,SDN,2019,289,-0.9183083594851443,-3.62980082410752,2.7114924646223755,-2.17825104530091,1.4515497788066098
gdp_growth,2020,SOM,2019,289,9.513569244494267,-2.76455696202532,12.278126206519588,2.80033312513012,5.56489008715544
gdp_growth,2020,SYR,2019,289,-10.25264342861288,0.954914586675713,11.207558015288592,1.22072818348491,0.2658135968091969
gdp_growth,2020,TUN,2019,289,1.9241272639398708,-8.97512622934723,10.899253493287102,1.55009304966742,10.52521927901465
gdp_growth,2020,TUR,2019,289,7.209785839718055,1.80306247087255,5.406723368845505,1.30162365464503,0.5014388162275201
gdp_growth,2021,AFG,2020,320,4.805230728386043,-20.7388393676343,25.54407009602034,-2.35110067203466,18.387738695599637
gdp_growth,2021,ARE,2020,320,5.729941946748525,4.55280140106356,1.1771405456849653,-8.69343363776639,13.24623503882995
gdp_growth,2021,BGD,2020,320,7.174854479820991,6.93867912442445,0.2361753553965409,3.44801755122445,3.4906615731999997
gdp_growth,2021,BHR,2020,320,4.798632087269057,4.35004091668986,0.4485911705791974,-5.9113629524152,10.26140386910506
gdp_growth,2021,BTN,2020,320,7.7385573324886145,4.42136738945015,3.317189943038464,-10.2183974208569,14.639764810307051
gdp_growth,2021,DJI,2020,320,6.474145271989591,4.40715667561153,2.066988596378061,1.2021151728969,3.20504150271463
gdp_growth,2021,DZA,2020,320,3.7154342456648397,3.79999999900707,0.08456575334223038,-4.99999999908597,8.79999999809304
gdp_growth,2021,EGY,2020,320,3.704602539601202,3.29064601193245,0.413956527668752,3.55016483883115,0.2595188268987001
gdp_growth,2021,ETH,2020,320,10.045230193438195,5.64153069324176,4.403699500196435,6.05953089248577,0.4180001992440099
gdp_growth,2021,IND,2020,320,8.265330120163664,9.68959249191741,1.4242623717537448,-5.77772470687303,15.46731719879044
gdp_growth,2021,IRN,2020,320,0.32444471834965816,4.13089685034471,3.806452131995052,4.44180865358672,0.31091180324200973
gdp_growth,2021,IRQ,2020,320,8.658962662317208,1.5021807095434,7.156781952773808,-12.0367930960454,13.5389738055888
gdp_growth,2021,ISR,2020,320,4.696880644567216,9.33534690236249,4.638466257795274,-1.80206927953466,11.13741618189715
gdp_growth,2021,JOR,2020,320,3.0012675051472604,3.75201276755828,0.7507452624110198,-1.15257534158022,4.9045881091385
gdp_growth,2021,KWT,2020,320,3.352506672542619,1.67213054307859,1.680376129464029,-4.81731593381585,6.48944647689444
gdp_growth,2021,LBN,2020,320,3.806581258843793,-7.00123862514116,10.807819883984953,-21.3998996914321,14.398661066290941
gdp_growth,2021,LBY,2020,320,7.215504058120684,28.2996823429147,21.084178284794014,-29.4552967282824,57.7549790711971
gdp_growth,2021,LKA,2020,320,6.548805741751059,4.2074764950026,2.341329246748459,-4.62451503712715,8.831991532129749
gdp_growth,2021,MAR,2020,320,5.0373043789874385,8.15473889823681,3.117434519249371,-7.17820744246774,15.332946340704549
gdp_growth,2021,MDV,2020,320,12.31572451112388,37.507870124321,25.19214561319712,-32.9088287752921,70.4166988996131
gdp_growth,2021,NPL,2020,320,6.109613169230136,4.838149614115,1.2714635551151359,-2.3696206292072,7.2077702433222
gdp_growth,2021,OMN,2020,320,4.14449059662465,2.5821749892893,1.5623156073353504,-3.37972052697999,5.961895516269291
gdp_growth,2021,PAK,2020,320,4.966870565950284,6.51388575852702,1.547015192576736,-1.27408744338709,7.7879732019141095
gdp_growth,2021,PSE,2020,320,6.387125734243234,7.01198227592003,0.6248565416767953,-11.3184661065134,18.33044838243343
gdp_growth,2021,QAT,2020,320,5.224026399487978,1.62684671918775,3.5971796803002283,-3.5576039896784,5.18445070886615
gdp_growth,2021,SAU,2020,320,5.280120432653066,6.51959698325419,1.2394765506011236,-3.80478901996312,10.32438600321731
gdp_growth,2021,SDN,2020,320,-0.9163571038031902,-1.8685204827207,0.9521633789175098,-3.62980082410752,1.7612803413868199
gdp_growth,2021,SOM,2020,320,9.343922787977515,3.44719850031242,5.896724287665095,-2.76455696202532,6.21175546233774
gdp_growth,2021,SYR,2020,320,-8.58490578545674,1.7896919997567,10.37459778521344,0.954914586675713,0.834777413080987
gdp_growth,2021,TUN,2020,320,3.4022906533197115,4.73603648206102,1.3337458287413084,-8.97512622934723,13.71116271140825
gdp_growth,2021,TUR,2020,320,6.252660919149346,11.811094450607,5.558433531457654,1.80306247087255,10.008031979734449
gdp_growth,2022,AFG,2021,351,7.888043898054002,-6.24017199240269,14.128215890456692,-20.7388393676343,14.498667375231609
gdp_growth,2022,ARE,2021,351,2.291925504050626,7.51452414254605,5.222598638495424,4.55280140106356,2.9617227414824905
gdp_growth,2022,BGD,2021,351,6.2721641511024835,7.09982877575158,0.8276646246490964,6.93867912442445,0.16114965132713
gdp_growth,2022,BHR,2021,351,2.1713398682458953,6.18016125475185,4.0088213865059545,4.35004091668986,1.83012033806199
gdp_growth,2022,BTN,2021,351,3.835357793867896,5.21386783786224,1.3785100439943436,4.42136738945015,0.7925004484120892
gdp_growth,2022,DJI,2021,351,5.428956226179144,5.16653702854374,0.26241919763540444,4.40715667561153,0.7593803529322098
gdp_growth,2022,DZA,2021,351,1.4954844933295404,3.60000000094915,2.1045155076196096,3.79999999900707,0.1999999980579199
gdp_growth,2022,EGY,2021,351,3.748144381868087,6.58784560870467,2.8397012268365835,3.29064601193245,3.2971995967722205
gdp_growth,2022,ETH,2021,351,9.882146555328337,5.32175988485454,4.560386670473797,5.64153069324176,0.3197708083872204
gdp_growth,2022,IND,2021,351,4.438886927201413,7.6093649776932,3.1704780504917878,9.68959249191741,2.080227514224209
gdp_growth,2022,IRN,2021,351,0.6553129117482592,4.35281087521344,3.697497963465181,4.13089685034471,0.22191402486873013
gdp_growth,2022,IRQ,2021,351,4.7777275209598296,7.95904804990212,3.1813205289422903,1.5021807095434,6.45686734035872
gdp_growth,2022,ISR,2021,351,2.1692901147145727,6.36407234798706,4.194782233272488,9.33534690236249,2.97127455437543
gdp_growth,2022,JOR,2021,351,1.805503875727734,2.7468615450031,0.941357669275366,3.75201276755828,1.0051512225551802
gdp_growth,2022,KWT,2021,351,1.5896276730984913,6.75866711966617,5.1690394465676786,1.67213054307859,5.08653657658758
gdp_growth,2022,LBN,2021,351,-0.5040523216025488,-0.621678970663112,0.1176266490605632,-7.00123862514116,6.379559654478048
gdp_growth,2022,LBY,2021,351,-6.094421234144108,-8.29981811198795,2.2053968778438415,28.2996823429147,36.59950045490265
gdp_growth,2022,LKA,2021,351,4.170043778793399,-7.34919311146656,11.51923689025996,4.2074764950026,11.55666960646916
gdp_growth,2022,MAR,2021,351,1.3461958069261017,1.81269242194809,0.46649661502198825,8.15473889823681,6.342046476288719
gdp_growth,2022,MDV,2021,351,-3.9517054663820277,13.8260895184139,17.77779498479593,37.507870124321,23.6817806059071
gdp_growth,2022,NPL,2021,351,4.201862726030348,5.6313145568451,1.4294518308147524,4.838149614115,0.7931649427301002
gdp_growth,2022,OMN,2021,351,2.5330116501895854,7.98570728354278,5.452695633353194,2.5821749892893,5.4035322942534805
gdp_growth,2022,PAK,2021,351,3.0828670632328805,4.7781068690358,1.6952398058029194,6.51388575852702,1.73577888949122
gdp_growth,2022,PSE,2021,351,1.783616559983201,4.08276027347105,2.2991437134878487,7.01198227592003,2.92922200244898
gdp_growth,2022,QAT,2021,351,3.716137962478157,4.18500970982862,0.4688717473504629,1.62684671918775,2.55816299064087
gdp_growth,2022,SAU,2021,351,2.743019697222981,12.0005874752929,9.25756777806992,6.51959698325419,5.48099049203871
gdp_growth,2022,SDN,2021,351,-1.4095137635744106,-0.957816591119183,0.45169717245522756,-1.8685204827207,0.910703891601517
gdp_growth,2022,SOM,2021,351,7.395617228024608,2.71821202053759,4.677405207487018,3.44719850031242,0.72898647977483
gdp_growth,2022,SYR,2021,351,-8.111963410899419,-0.20247264200475,7.909490768894669,1.7896919997567,1.99216464176145
gdp_growth,2022,TUN,2021,351,0.013109319162741384,2.75228761004381,2.7391782908810685,4.73603648206102,1.9837488720172098
gdp_growth,2022,TUR,2021,351,4.072262214920785,5.44122511322401,1.3689628983032245,11.811094450607,6.3698693373829895
gdp_growth,2023,AFG,2022,382,2.308225831481165,2.26694373649188,0.041282094989285145,-6.24017199240269,8.50711572889457
gdp_growth,2023,ARE,2022,382,2.0781739577638563,4.30113648499413,2.2229625272302735,7.51452414254605,3.2133876575519205
gdp_growth,2023,BGD,2022,382,6.323936512916845,5.77511237007889,0.5488241428379546,7.09982877575158,1.3247164056726897
gdp_growth,2023,BHR,2022,382,2.121513653477667,3.87811614845566,1.7566024949779933,6.18016125475185,2.3020451062961897
gdp_growth,2023,BTN,2022,382,3.7551347400886197,4.63215702969933,0.8770222896107107,5.21386783786224,0.5817108081629092
gdp_growth,2023,DJI,2022,382,5.174201182287722,6.80733529403308,1.633134111745358,5.16653702854374,1.64079826548934
gdp_growth,2023,DZA,2022,382,1.780799081751611,4.10000000005964,2.319200918308029,3.60000000094915,0.49999999911048976
gdp_growth,2023,EGY,2022,382,3.1668742512706514,3.76028052279247,0.5934062715218187,6.58784560870467,2.8275650859122003
gdp_growth,2023,ETH,2022,382,9.444753287808497,6.59424599054353,2.8505072972649677,5.32175988485454,1.2724861056889898
gdp_growth,2023,IND,2022,382,5.356760920575928,7.210224629335,1.8534637087590724,7.6093649776932,0.3991403483582001
gdp_growth,2023,IRN,2022,382,1.0017271475877743,5.33235116079808,4.330624013210306,4.35281087521344,0.9795402855846396
gdp_growth,2023,IRQ,2022,382,3.371959694677477,0.517705525140073,2.8542541695374037,7.95904804990212,7.441342524762047
gdp_growth,2023,ISR,2022,382,3.4485248544277844,2.06272504731618,1.3857998071116047,6.36407234798706,4.30134730067088
gdp_growth,2023,JOR,2022,382,2.1847787555957234,3.12900102017251,0.9442222645767866,2.7468615450031,0.38213947516941005
gdp_growth,2023,KWT,2022,382,0.7978691977503405,-1.64087799968877,2.4387471974391106,6.75866711966617,8.39954511935494
gdp_growth,2023,LBN,2022,382,-2.280691336137027,-0.760584470257314,1.520106865879713,-0.621678970663112,0.13890549959420206
gdp_growth,2023,LBY,2022,382,3.6203495810924187,10.2000497852517,6.579700204159281,-8.29981811198795,18.49986789723965
gdp_growth,2023,LKA,2022,382,6.007456459074145,-2.0289296690344,8.036386128108546,-7.34919311146656,5.32026344243216
gdp_growth,2023,MAR,2022,382,3.1254155942071447,3.65564411017931,0.5302285159721651,1.81269242194809,1.8429516882312198
gdp_growth,2023,MDV,2022,382,4.5066542552940145,4.94286301229583,0.4362087570018156,13.8260895184139,8.88322650611807
gdp_growth,2023,NPL,2022,382,4.146104382520091,1.98254843461849,2.1635559479016013,5.6313145568451,3.6487661222266103
gdp_growth,2023,OMN,2022,382,1.6770886995390037,1.41401383200161,0.26307486753739373,7.98570728354278,6.5716934515411705
gdp_growth,2023,PAK,2022,382,3.753346980984618,-0.414935997088406,4.168282978073024,4.7781068690358,5.193042866124206
gdp_growth,2023,PSE,2022,382,2.8344996651349765,-0.97217780620403,3.8066774713390066,4.08276027347105,5.05493807967508
gdp_growth,2023,QAT,2022,382,3.0380921553750486,1.18715991623776,1.8509322391372887,4.18500970982862,2.99784979359086
gdp_growth,2023,SAU,2022,382,2.292170222175263,0.542592439393161,1.7495777827821022,12.0005874752929,11.457995035899739
gdp_growth,2023,SDN,2022,382,-1.6201505076353464,-29.4332716274387,27.813121119803352,-0.957816591119183,28.475455036319516
gdp_growth,2023,SOM,2022,382,7.0651609284749135,4.17524257571303,2.8899183527618835,2.71821202053759,1.45703055517544
gdp_growth,2023,TUN,2022,382,0.8584268738823503,0.184015548469745,0.6744113254126053,2.75228761004381,2.5682720615740653
gdp_growth,2023,TUR,2022,382,5.955743500224562,5.04512369812289,0.9106198021016718,5.44122511322401,0.3961014151011195
gdp_growth,2024,AFG,2023,412,0.2403952486231392,1.87319280045979,1.6327975518366507,2.26694373649188,0.3937509360320899
gdp_growth,2024,ARE,2023,412,3.030497413092306,3.99181200361831,0.9613145905260039,4.30113648499413,0.3093244813758198
gdp_growth,2024,BGD,2023,412,6.602734651955862,4.22325911250161,2.3794755394542513,5.77511237007889,1.5518532575772799
gdp_growth,2024,BHR,2023,412,2.816348166510859,2.89710543153512,0.08075726502426095,3.87811614845566,0.9810107169205402
gdp_growth,2024,BTN,2023,412,3.9639164842885775,7.49856206754038,3.5346455832518027,4.63215702969933,2.8664050378410497
gdp_growth,2024,DJI,2023,412,4.958660962162148,6.98048467276334,2.0218237106011916,6.80733529403308,0.17314937873026004
gdp_growth,2024,DZA,2023,412,1.839486861021788,3.69999999907979,1.860513138058002,4.10000000005964,0.4000000009798499
gdp_growth,2024,EGY,2023,412,3.898854588442159,2.3991692678251,1.499685320617059,3.76028052279247,1.36111125496737
gdp_growth,2024,ETH,2023,412,8.914406838761401,7.61277447616879,1.3016323625926116,6.59424599054353,1.0185284856252599
gdp_growth,2024,IND,2023,412,5.597401029572365,7.09927893176518,1.501877902192815,7.210224629335,0.11094569756982064
gdp_growth,2024,IRN,2023,412,1.1002292398087412,3.66312057949303,2.562891339684289,5.33235116079808,1.6692305813050496
gdp_growth,2024,IRQ,2023,412,4.955393063940586,-1.54525198319173,6.500645047132316,0.517705525140073,2.062957508331803
gdp_growth,2024,ISR,2023,412,4.384296113944994,0.953618469238535,3.430677644706459,2.06272504731618,1.1091065780776448
gdp_growth,2024,JOR,2023,412,2.1653943095876707,2.55605891810194,0.3906646085142693,3.12900102017251,0.5729421020705701
gdp_growth,2024,KWT,2023,412,2.64641580286023,-1.47401818168846,4.12043398454869,-1.64087799968877,0.1668598180003098
gdp_growth,2024,LBN,2023,412,-2.1295019823290198,-7.07989192861814,4.950389946289119,-0.760584470257314,6.319307458360826
gdp_growth,2024,LBY,2023,412,-0.3568425187409523,1.89995052025442,2.2567930389953723,10.2000497852517,8.30009926499728
gdp_growth,2024,LKA,2023,412,4.09226895105208,4.99241614398109,0.9001471929290092,-2.0289296690344,7.02134581301549
gdp_growth,2024,MAR,2023,412,2.7194656923054854,3.79336515978963,1.0738994674841447,3.65564411017931,0.13772104961032028
gdp_growth,2024,MDV,2023,412,6.695572122740625,3.49440422654285,3.201167896197775,4.94286301229583,1.44845878575298
gdp_growth,2024,NPL,2023,412,4.863215249110446,3.67787459697703,1.1853406521334162,1.98254843461849,1.69532616235854
gdp_growth,2024,OMN,2023,412,3.2509666513806263,1.63163231397978,1.6193343374008464,1.41401383200161,0.2176184819781699
gdp_growth,2024,PAK,2023,412,4.6895472167479815,3.08176295579301,1.6077842609549715,-0.414935997088406,3.496698952881416
gdp_growth,2024,PSE,2023,412,3.7649810521969984,-22.8573273913324,26.6223084435294,-0.97217780620403,21.88514958512837
gdp_growth,2024,QAT,2023,412,3.6208058191196857,3.10963283242745,0.5111729866922357,1.18715991623776,1.92247291618969
gdp_growth,2024,SAU,2023,412,4.935920676491753,2.64893068308965,2.2869899934021025,0.542592439393161,2.1063382436964893
gdp_growth,2024,SDN,2023,412,3.1272721994237207,-13.9643378424022,17.09161004182592,-29.4332716274387,15.4689337850365
gdp_growth,2024,SOM,2023,412,6.487184481723081,4.11139335779471,2.375791123928371,4.17524257571303,0.0638492179183201
gdp_growth,2024,TUN,2023,412,1.4290000723520104,1.61444564976986,0.18544557741784962,0.184015548469745,1.430430101300115
gdp_growth,2024,TUR,2023,412,5.98094725466485,3.3276230893799,2.6533241652849497,5.04512369812289,1.7175006087429905
gdp_growth,2025,BGD,2024,442,6.757060804017206,3.48990671836833,3.2671540856488757,4.22325911250161,0.7333523941332802
gdp_growth,2025,BHR,2024,442,3.0543297372657445,3.48137573668635,0.4270459994206055,2.89710543153512,0.5842703051512301
gdp_growth,2025,BTN,2024,442,3.5927854888488158,8.00502716233098,4.412241673482165,7.49856206754038,0.5064650947906006
gdp_growth,2025,DJI,2024,442,5.153988231417385,6.4954610524268,1.3414728210094156,6.98048467276334,0.48502362033653945
gdp_growth,2025,DZA,2024,442,2.098660253877596,3.815543719231,1.716883465353404,3.69999999907979,0.11554372015120995
gdp_growth,2025,EGY,2024,442,4.084414620949391,4.39201068570188,0.3075960647524889,2.3991692678251,1.9928414178767802
gdp_growth,2025,ETH,2024,442,8.55007960960443,9.7715182202934,1.2214386106889705,7.61277447616879,2.1587437441246102
gdp_growth,2025,IND,2024,442,5.755638097042532,7.56666179284244,1.811023695799908,7.09927893176518,0.4673828610772599
gdp_growth,2025,IRN,2024,442,1.721695904680952,-2.82597163290347,4.547667537584422,3.66312057949303,6.4890922123965
gdp_growth,2025,IRQ,2024,442,4.854811736710155,-2.15574219066178,7.0105539273719355,-1.54525198319173,0.6104902074700502
gdp_growth,2025,ISR,2024,442,4.335513778135564,2.93114966387968,1.4043641142558836,0.953618469238535,1.9775311946411451
gdp_growth,2025,JOR,2024,442,2.3360188634123236,2.82660839845745,0.49058953504512637,2.55605891810194,0.27054948035550996
gdp_growth,2025,KWT,2024,442,2.240919440448847,2.731825804492,0.4909063640431528,-1.47401818168846,4.20584398618046
gdp_growth,2025,LBY,2024,442,1.8091411736967131,13.3717080516958,11.562566877999087,1.89995052025442,11.47175753144138
gdp_growth,2025,LKA,2024,442,2.5025836891647764,4.9534339114043,2.4508502222395236,4.99241614398109,0.03898223257678968
gdp_growth,2025,MAR,2024,442,2.7828753060383953,4.59524349182247,1.8123681857840745,3.79336515978963,0.8018783320328398
gdp_growth,2025,MDV,2024,442,6.749515654153934,6.31092335003081,0.4385923041231239,3.49440422654285,2.8165191234879603
gdp_growth,2025,NPL,2024,442,4.353847076854805,4.43073194983359,0.07688487297878499,3.67787459697703,0.7528573528565601
gdp_growth,2025,OMN,2024,442,3.0539136918658856,2.39787382295398,0.6560398689119054,1.63163231397978,0.7662415089742003
gdp_growth,2025,PAK,2024,442,3.718868545365583,3.69842668749033,0.02044185787525299,3.08176295579301,0.61666373169732
gdp_growth,2025,PSE,2024,442,6.54616356398875,4.34444072337577,2.2017228406129803,-22.8573273913324,27.20176811470817
gdp_growth,2025,QAT,2024,442,3.100647582078514,2.90166036660493,0.1989872154735841,3.10963283242745,0.20797246582251994
gdp_growth,2025,SAU,2024,442,4.229183766851184,4.50246560191663,0.273281835065446,2.64893068308965,1.85353491882698
gdp_growth,2025,SDN,2024,442,-2.0897314989068336,3.06427942935869,5.1540109282655235,-13.9643378424022,17.02861727176089
gdp_growth,2025,SOM,2024,442,6.287139695016963,2.99114404482197,3.295995650194993,4.11139335779471,1.12024931297274
gdp_growth,2025,TUN,2024,442,1.1043168869095894,2.49311010666248,1.3887932197528905,1.61444564976986,0.8786644568926198
gdp_growth,2025,TUR,2024,442,6.144917513827678,3.60462514082589,2.5402923730017877,3.3276230893799,0.2770020514459901
inflation,2016,AFG,2015,159,6.228210859696326,4.38389195513915,1.8443189045571762,-0.661709164713742,5.0456011198528925
inflation,2016,ARE,2015,159,1.6901805504565737,1.61748808904198,0.07269246141459362,4.06996608361593,2.4524779945739503
inflation,2016,BGD,2015,159,7.743540175985802,5.51352572692995,2.2300144490558527,6.19428022984984,0.68075450291989
inflation,2016,BHR,2015,159,2.039275980152161,2.78679347602044,0.7475174958682786,1.84862742374977,0.9381660522706698
inflation,2016,BTN,2015,159,8.449515140334473,3.21988689395718,5.229628246377293,4.54814395082205,1.32825705686487
inflation,2016,DJI,2015,159,2.6275484783086895,2.4025290543489,0.22501942395978958,-0.522166521445793,2.924695575794693
inflation,2016,DZA,2015,159,4.870704057881434,6.39769480268757,1.5269907448061364,4.78444700693889,1.6132477957486806
inflation,2016,EGY,2015,159,9.38502535300634,13.813606214829,4.428580861822661,10.370490343517,3.443115871312001
inflation,2016,ETH,2015,159,16.418341254163348,6.62813337230924,9.790207881854109,9.56889955968623,2.9407661873769895
inflation,2016,IND,2015,159,8.184787389877869,4.94821634062134,3.2365710492565283,4.90697344127249,0.04124289934885006
inflation,2016,IRN,2015,159,24.304343345680838,7.24542548952979,17.058917856151048,12.4846815611533,5.23925607162351
inflation,2016,IRQ,2015,159,3.5347158815298987,0.556521397155548,2.9781944843743506,1.39333028780268,0.836808890647132
inflation,2016,ISR,2015,159,1.4296541456719265,-0.535168195718695,1.9648223413906214,-0.617342577642765,0.08217438192407
inflation,2016,JOR,2015,159,3.3194762675558103,-0.778430463054142,4.097906730609952,-0.876851359704049,0.09842089664990705
inflation,2016,KWT,2015,159,3.4067558995601877,3.19839776658374,0.20835813297644767,3.27170166092133,0.07330389433758988
inflation,2016,LBN,2015,159,3.2386338098005587,-0.783359624361508,4.0219934341620664,-3.74914524799629,2.9657856236347824
inflation,2016,LBY,2015,159,7.214790426369174,25.853874212446,18.639083786076828,10.4022933588151,15.451580853630901
inflation,2016,LKA,2015,159,5.7212013548769,3.9588884659307,1.7623128889461999,3.76836783062096,0.19052063530974017
inflation,2016,MAR,2015,159,1.1959128125952432,1.63531114327064,0.4393983306753968,1.5579071134626,0.07740402980804006
inflation,2016,MDV,2015,159,6.053982682127586,0.502509413611612,5.551473268515974,0.953206658777607,0.45069724516599496
inflation,2016,NPL,2015,159,8.84284430317976,8.7903433200464,0.052500983133359824,7.86890895590891,0.9214343641374905
inflation,2016,OMN,2015,159,1.9248710289706554,1.10920805807027,0.8156629709003855,0.0652901330286599,1.04391792504161
inflation,2016,PAK,2015,159,8.109582597556889,3.7651191635658,4.3444634339910895,2.52932817254229,1.23579099102351
inflation,2016,PSE,2015,159,2.1568049015818906,-0.219106604907316,2.3759115064892065,1.43161145810476,1.6507180630120761
inflation,2016,QAT,2015,159,2.35559479922088,2.6765917009819,0.3209969017610197,1.8140772393776,0.8625144616042999
inflation,2016,SAU,2015,159,3.2480205746862625,2.05347076823965,1.1945498064466125,1.22269318552328,0.8307775827163699
inflation,2016,SDN,2015,159,29.263406991649084,17.750253831196,11.513153160453083,16.9095706050977,0.840683226098303
inflation,2016,SSD,2015,159,27.94066423207143,379.999585624026,352.0589213919546,52.7663304192143,327.2332552048117
inflation,2016,SYR,2015,159,25.37599166601778,47.7051615298923,22.329169863874522,38.4611429599733,9.244018569919
inflation,2016,TUN,2015,159,4.437384080873848,3.62939937384381,0.8079847070300379,4.437371273215,0.8079718993711897
inflation,2016,TUR,2015,159,7.892487869697798,7.7751341532833,0.11735371641449799,7.67085364845885,0.10428050482444995
inflation,2017,AFG,2016,190,4.3898614343250895,4.97595150553833,0.5860900712132402,4.38389195513915,0.5920595503991795
inflation,2017,ARE,2016,190,1.7256674214329324,1.96682557818842,0.24115815675548768,1.61748808904198,0.34933748914644003
inflation,2017,BGD,2016,190,4.201682638336315,5.70207015717239,1.5003875188360745,5.51352572692995,0.18854443024244016
inflation,2017,BHR,2016,190,3.2260261217533426,1.38671830576406,1.8393078159892826,2.78679347602044,1.4000751702563798
inflation,2017,BTN,2016,190,0.6783552007118989,4.95508366985129,4.276728469139391,3.21988689395718,1.73519677589411
inflation,2017,DJI,2016,190,2.0226975644388916,0.577285724560661,1.4454118398782305,2.4025290543489,1.8252433297882389
inflation,2017,DZA,2016,190,7.474151472501813,5.59111590961664,1.8830355628851727,6.39769480268757,0.8065788930709301
inflation,2017,EGY,2016,190,15.845542728406892,29.5066083940039,13.66106566559701,13.813606214829,15.6930021791749
inflation,2017,ETH,2016,190,3.153983639092722,10.6871150284238,7.5331313893310785,6.62813337230924,4.05898165611456
inflation,2017,IND,2016,190,2.314777986522313,3.32817337461305,1.013395388090737,4.94821634062134,1.6200429660082905
inflation,2017,IRN,2016,190,1.145678927881569,8.04492437660278,6.89924544872121,7.24542548952979,0.7994988870729891
inflation,2017,IRQ,2016,190,-0.8232240486398102,0.184058898847553,1.0072829474873632,0.556521397155548,0.37246249830799505
inflation,2017,ISR,2016,190,-1.8949848205023962,0.249807840123008,2.1447926606254044,-0.535168195718695,0.7849760358417031
inflation,2017,JOR,2016,190,-3.356479946866198,3.32389447576097,6.6803744226271675,-0.778430463054142,4.102324938815112
inflation,2017,KWT,2016,190,2.8337563285772855,2.17183298510006,0.6619233434772256,3.19839776658374,1.02656478148368
inflation,2017,LBN,2016,190,-3.095511523778187,4.32135218303191,7.416863706810097,-0.783359624361508,5.104711807393418
inflation,2017,LBY,2016,190,37.25109216541572,25.8036184788337,11.447473686582018,25.853874212446,0.050255733612299736
inflation,2017,LKA,2016,190,2.8892230140593407,7.70413767850602,4.814914664446679,3.9588884659307,3.7452492125753194
inflation,2017,MAR,2016,190,1.922021059752202,0.754663249323619,1.167357810428583,1.63531114327064,0.880647893947021
inflation,2017,MDV,2016,190,-2.546661993169816,2.81747338234509,5.3641353755149055,0.502509413611612,2.314963968733478
inflation,2017,NPL,2016,190,8.665303065860178,2.77703998300211,5.888263082858067,8.7903433200464,6.01330333704429
inflation,2017,OMN,2016,190,0.37626084322688014,1.58909413567799,1.2128332924511098,1.10920805807027,0.47988607760772006
inflation,2017,PAK,2016,190,0.31261617826899535,4.08537368032608,3.7727575020570843,3.7651191635658,0.3202545167602797
inflation,2017,PSE,2016,190,-1.9032166348371506,0.212570934228881,2.1157875690660317,-0.219106604907316,0.431677539136197
inflation,2017,QAT,2016,190,3.962310667526069,0.394878914083005,3.567431753443064,2.6765917009819,2.2817127868988947
inflation,2017,SAU,2016,190,0.9366497614221032,-0.834845735027162,1.771495496449265,2.05347076823965,2.888316503266812
inflation,2017,SDN,2016,190,15.238791950940417,32.3516260968437,17.112834145903285,17.750253831196,14.6013722656477
inflation,2017,SSD,2016,190,582.8340900682153,187.851630279442,394.9824597887733,379.999585624026,192.147955344584
inflation,2017,SYR,2016,190,64.81410925695756,18.0752696281771,46.73883962878047,47.7051615298923,29.6298919017152
inflation,2017,TUN,2016,190,3.429239525346868,5.30884839565844,1.8796088703115714,3.62939937384381,1.6794490218146296
inflation,2017,TUR,2016,190,7.558228122009598,11.1443110840764,3.5860829620668015,7.7751341532833,3.369176930793099
inflation,2018,AFG,2017,221,5.502755302830316,0.626149149168847,4.876606153661469,4.97595150553833,4.349802356369483
inflation,2018,ARE,2017,221,1.9173632354958836,3.06863379251997,1.1512705570240862,1.96682557818842,1.1018082143315497
inflation,2018,BGD,2017,221,6.471260804466145,5.54362139486476,0.9276394096013849,5.70207015717239,0.1584487623076294
inflation,2018,BHR,2017,221,1.7853241505570565,2.08766938046978,0.3023452299127236,1.38671830576406,0.7009510747057202
inflation,2018,BTN,2017,221,6.224941009230086,2.72396386183713,3.5009771473929563,4.95508366985129,2.23111980801416
inflation,2018,DJI,2017,221,1.4500152458281714,0.138836400011405,1.3111788458167664,0.577285724560661,0.438449324549256
inflation,2018,DZA,2017,221,5.418593160796095,4.26999020467084,1.1486029561252549,5.59111590961664,1.3211257049457998
inflation,2018,EGY,2017,221,19.676736587227857,14.4014657807422,5.275270806485658,29.5066083940039,15.105142613261702
inflation,2018,ETH,2017,221,12.969064291012483,13.8330356586661,0.8639713676536172,10.6871150284238,3.1459206302422995
inflation,2018,IND,2017,221,5.2022651825345205,3.93882646691643,1.2634387156180904,3.32817337461305,0.6106530923033802
inflation,2018,IRN,2017,221,15.180701433308927,18.0141183371874,2.833416903878474,8.04492437660278,9.969193960584622
inflation,2018,IRQ,2017,221,1.6122603993740656,0.367441488936828,1.2448189104372376,0.184058898847553,0.183382590089275
inflation,2018,ISR,2017,221,0.5492930800559361,0.805060379528526,0.2557672994725899,0.249807840123008,0.5552525394055181
inflation,2018,JOR,2017,221,2.7664056061326097,4.46231108475481,1.6959054786222003,3.32389447576097,1.1384166089938401
inflation,2018,KWT,2017,221,2.714219218091235,0.543133148199567,2.171086069891668,2.17183298510006,1.628699836900493
inflation,2018,LBN,2017,221,3.2063791933372747,6.07698907889607,2.8706098855587956,4.32135218303191,1.7556368958641606
inflation,2018,LBY,2017,221,18.45199078053544,13.1702038536722,5.281786926863239,25.8036184788337,12.633414625161501
inflation,2018,LKA,2017,221,6.469425728324053,2.135037737132,4.334387991192052,7.70413767850602,5.56909994137402
inflation,2018,MAR,2017,221,1.0371340787559813,1.80391671141896,0.7667826326629787,0.754663249323619,1.049253462095341
inflation,2018,MDV,2017,221,3.8190305914060834,-0.133373386117595,3.9524039775236783,2.81747338234509,2.950846768462685
inflation,2018,NPL,2017,221,5.78716555819468,4.40659410175714,1.38057145643754,2.77703998300211,1.6295541187550295
inflation,2018,OMN,2017,221,1.5697343003903266,0.889312370970404,0.6804219294199225,1.58909413567799,0.6997817647075859
inflation,2018,PAK,2017,221,5.329920140836039,5.07805725868917,0.25186288214686936,4.08537368032608,0.9926835783630903
inflation,2018,PSE,2017,221,0.8722019640689972,-0.195107773730735,1.0673097377997323,0.212570934228881,0.407678707959616
inflation,2018,QAT,2017,221,1.660861601165965,0.255815382724408,1.4050462184415569,0.394878914083005,0.139063531358597
inflation,2018,SAU,2017,221,0.9580237282258125,2.46594308994843,1.5079193617226174,-0.834845735027162,3.3007888249755917
inflation,2018,SDN,2017,221,30.33129841628847,63.2925073455888,32.961208929300334,32.3516260968437,30.9408812487451
inflation,2018,SSD,2017,221,141.68724795063156,83.5015294922,58.18571845843155,187.851630279442,104.35010078724198
inflation,2018,SYR,2017,221,25.25334288407839,0.940983843906769,24.31235904017162,18.0752696281771,17.134285784270332
inflation,2018,TUN,2017,221,4.853392216659026,7.30759176031652,2.454199543657494,5.30884839565844,1.9987433646580808
inflation,2018,TUR,2017,221,9.450134906510703,16.3324638988929,6.882328992382197,11.1443110840764,5.188152814816501
inflation,2019,AFG,2018,252,3.55317773553514,2.30237251516834,1.2508052203668,0.626149149168847,1.6762233659994932
inflation,2019,ARE,2018,252,2.3907826550138744,-1.93108114782173,4.321863802835605,3.06863379251997,4.9997149403417
inflation,2019,BGD,2018,252,6.370224536041144,5.59199639930629,0.778228136734854,5.54362139486476,0.04837500444152987
inflation,2019,BHR,2018,252,2.067808545633802,1.00582004702137,1.061988498612432,2.08766938046978,1.08184933344841
inflation,2019,BTN,2018,252,5.1861615096293585,2.72643037388832,2.4597311357410385,2.72396386183713,0.002466512051189973
inflation,2019,DJI,2018,252,1.2280201588475663,3.31763203299603,2.0896118741484635,0.138836400011405,3.178795632984625
inflation,2019,DZA,2018,252,4.842149973960897,1.95176821052892,2.890381763431977,4.26999020467084,2.31822199414192
inflation,2019,EGY,2018,252,13.625296719632821,9.15279959324804,4.472497126384781,14.4014657807422,5.248666187494159
inflation,2019,ETH,2018,252,14.161580239323712,15.8096321719344,1.648051932610688,13.8330356586661,1.9765965132682997
inflation,2019,IND,2018,252,5.4119688807883595,3.72950573539123,1.6824631453971293,3.93882646691643,0.20932073152519992
inflation,2019,IRN,2018,252,19.048823534712888,39.9073455697784,20.858522035065512,18.0141183371874,21.893227232591
inflation,2019,IRQ,2018,252,1.6137947246711848,-0.198965380023882,1.8127601046950668,0.367441488936828,0.56640686896071
inflation,2019,ISR,2018,252,0.7905291437534423,0.817645940292794,0.02711679653935173,0.805060379528526,0.012585560764267978
inflation,2019,JOR,2018,252,3.311492985426903,0.761514047265601,2.549978938161302,4.46231108475481,3.7007970374892087
inflation,2019,KWT,2018,252,1.9885292394584773,1.09184802655856,0.8966812128999173,0.543133148199567,0.5487148783589929
inflation,2019,LBN,2018,252,4.042260872984248,3.00538949390383,1.0368713790804183,6.07698907889607,3.0715995849922404
inflation,2019,LBY,2018,252,13.26846397639556,-2.16217883470591,15.430642811101471,13.1702038536722,15.332382688378111
inflation,2019,LKA,2018,252,4.119654095443394,3.52839358231811,0.5912605131252842,2.135037737132,1.39335584518611
inflation,2019,MAR,2018,252,1.476137372582079,0.303386036590383,1.1727513359916961,1.80391671141896,1.500530674828577
inflation,2019,MDV,2018,252,2.4957579172574884,0.220029731065383,2.2757281861921053,-0.133373386117595,0.353403117182978
inflation,2019,NPL,2018,252,6.345683821580371,5.56616035243723,0.7795234691431414,4.40659410175714,1.15956625068009
inflation,2019,OMN,2018,252,1.2804876843724444,0.490815362820671,0.7896723215517734,0.889312370970404,0.39849700814973305
inflation,2019,PAK,2018,252,5.749860850137445,10.5780305672025,4.828169717065055,5.07805725868917,5.49997330851333
inflation,2019,PSE,2018,252,0.6793388959073853,1.58018333639455,0.9008444404871648,-0.195107773730735,1.775291110125285
inflation,2019,QAT,2018,252,1.4916711959427431,-0.666641124861147,2.15831232080389,0.255815382724408,0.9224565075855551
inflation,2019,SAU,2018,252,2.3223426942907146,-1.19298644533328,3.5153291396239945,2.46594308994843,3.6589295352817097
inflation,2019,SDN,2018,252,43.7603296366285,50.9940515002965,7.233721863668002,63.2925073455888,12.298455845292303
inflation,2019,SSD,2018,252,97.91467952079114,87.2413641500032,10.673315370787932,83.5015294922,3.7398346578032005
inflation,2019,SYR,2018,252,17.20685474027769,13.4175653228571,3.7892894174205907,0.940983843906769,12.476581478950331
inflation,2019,TUN,2018,252,5.736981526885806,6.72007532863799,0.983093801752184,7.30759176031652,0.5875164316785302
inflation,2019,TUR,2018,252,11.799076396246761,15.1768215720022,3.3777451757554395,16.3324638988929,1.1556423268906997
inflation,2020,AFG,2019,283,3.9263627283810045,5.60188791482224,1.6755251864412353,2.30237251516834,3.2995153996538997
inflation,2020,ARE,2019,283,0.3506579266685753,-2.07940317940944,2.430061106078015,-1.93108114782173,0.14832203158770985
inflation,2020,BGD,2019,283,6.294444395161442,5.69107474746211,0.6033696476993313,5.59199639930629,0.09907834815582017
inflation,2020,BHR,2019,283,1.6116135929897708,-2.31770629331379,3.9293198863035608,1.00582004702137,3.3235263403351603
inflation,2020,BTN,2019,283,4.90203947660246,5.62936522632508,0.7273257497226204,2.72643037388832,2.9029348524367604
inflation,2020,DJI,2019,283,2.448278455066878,1.77900535643955,0.6692730986273281,3.31763203299603,1.53862667655648
inflation,2020,DZA,2019,283,3.793967835495959,2.41513094083414,1.378836894661819,1.95176821052892,0.4633627303052199
inflation,2020,EGY,2019,283,11.491414984621489,5.04493288977539,6.4464820948460995,9.15279959324804,4.107866703472651
inflation,2020,ETH,2019,283,14.964325649511778,20.3563468559061,5.392021206394322,15.8096321719344,4.5467146839717
inflation,2020,IND,2019,283,5.149991369886302,6.6234367762853,1.473445406398998,3.72950573539123,2.8939310408940697
inflation,2020,IRN,2019,283,28.21307540140169,30.5941390387295,2.381063637327813,39.9073455697784,9.313206531048898
inflation,2020,IRQ,2019,283,1.2294322923775722,0.574162679425856,0.6552696129517163,-0.198965380023882,0.773128059449738
inflation,2020,ISR,2019,283,0.7966181824212666,-0.575254620897756,1.3718728033190226,0.817645940292794,1.39290056119055
inflation,2020,JOR,2019,283,1.8750472608416764,0.333294350628378,1.5417529102132983,0.761514047265601,0.42821969663722304
inflation,2020,KWT,2019,283,2.0530111107879256,2.101729548274,0.04871843748607452,1.09184802655856,1.0098815217154402
inflation,2020,LBN,2019,283,2.975320088377441,84.8643330472041,81.88901295882665,3.00538949390383,81.85894355330026
inflation,2020,LBY,2019,283,6.76358066887187,1.44703656998741,5.31654409888446,-2.16217883470591,3.60921540469332
inflation,2020,LKA,2019,283,4.480076814915248,6.15394508391738,1.6738682690021323,3.52839358231811,2.62555150159927
inflation,2020,MAR,2019,283,0.8782180940421181,0.705968661338261,0.17224943270385717,0.303386036590383,0.402582624747878
inflation,2020,MDV,2019,283,2.3402353017092463,-1.36977425569811,3.710009557407356,0.220029731065383,1.589803986763493
inflation,2020,NPL,2019,283,6.611845558479187,5.05635826238499,1.5554872960941974,5.56616035243723,0.50980209005224
inflation,2020,OMN,2019,283,1.0654684887645187,-0.40640291946585,1.4718714082303688,0.490815362820671,0.897218282286521
inflation,2020,PAK,2019,283,7.999977074754659,9.74011619320125,1.7401391184465904,10.5780305672025,0.8379143740012509
inflation,2020,PSE,2019,283,1.3293500361625687,-0.735332001092191,2.0646820372547596,1.58018333639455,2.315515337486741
inflation,2020,QAT,2019,283,0.9598946845512313,-2.5403150300476,3.5002097145988316,-0.666641124861147,1.873673905186453
inflation,2020,SAU,2019,283,0.7866376656831778,3.37234961012303,2.5857119444398524,-1.19298644533328,4.56533605545631
inflation,2020,SDN,2019,283,40.817617074628586,163.257782355458,122.44016528082942,50.9940515002965,112.2637308551615
inflation,2020,SSD,2019,283,97.88242130662124,29.6758435538572,68.20657775276405,87.2413641500032,57.56552059614601
inflation,2020,TUN,2019,283,5.670457342980795,5.63415115897625,0.03630618400454466,6.72007532863799,1.08592416966174
inflation,2020,TUR,2019,283,11.83422538023078,12.2789574462574,0.44473206602661897,15.1768215720022,2.8978641257448015
inflation,2021,AFG,2020,313,5.148977068201279,5.13320340824963,0.015773659951649144,5.60188791482224,0.4686845065726102
inflation,2021,ARE,2020,313,-0.007749032246068044,0.179935336174431,0.18768436842049904,-2.07940317940944,2.2593385155838708
inflation,2021,BGD,2020,313,6.241933622454354,5.54565430773473,0.6962793147196242,5.69107474746211,0.1454204397273804
inflation,2021,BHR,2020,313,0.09643985065413196,-0.60631938514085,0.702759235794982,-2.31770629331379,1.71138690817294
inflation,2021,BTN,2020,313,5.871465788447715,7.3468144053353,1.475348616887585,5.62936522632508,1.7174491790102193
inflation,2021,DJI,2020,313,1.8905846078806627,1.18086783934059,0.7097167685400727,1.77900535643955,0.59813751709896
inflation,2021,DZA,2020,313,3.7575002621092386,7.22606307415477,3.4685628120455316,2.41513094083414,4.81093213332063
inflation,2021,EGY,2020,313,9.41651191229105,5.21404940513043,4.20246250716062,5.04493288977539,0.16911651535504024
inflation,2021,ETH,2020,313,17.05721499805063,26.8395221557722,9.782307157721572,20.3563468559061,6.483175299866101
inflation,2021,IND,2020,313,6.199100802857288,5.13140747176364,1.0676933310936478,6.6234367762853,1.49202930452166
inflation,2021,IRN,2020,313,25.73989245813779,43.3890162681514,17.649123810013613,30.5941390387295,12.7948772294219
inflation,2021,IRQ,2020,313,1.376879660647034,6.04186489058043,4.6649852299333965,0.574162679425856,5.467702211154574
inflation,2021,ISR,2020,313,0.19189980984560912,1.47965474722561,1.287754937380001,-0.575254620897756,2.054909368123366
inflation,2021,JOR,2020,313,1.538658633004009,1.34609377243118,0.19256486057282918,0.333294350628378,1.0127994218028018
inflation,2021,KWT,2020,313,2.3592220800066475,3.42362947609188,1.0644073960852327,2.101729548274,1.32189992781788
inflation,2021,LBN,2020,313,38.35610406351901,154.756096023393,116.399991959874,84.8643330472041,69.89176297618891
inflation,2021,LBY,2020,313,7.189314211990246,2.86833027751015,4.320983934480097,1.44703656998741,1.4212937075227399
inflation,2021,LKA,2020,313,5.487803035724513,7.01478071238195,1.5269776766574372,6.15394508391738,0.86083562846457
inflation,2021,MAR,2020,313,0.9781230438652209,1.40195883962006,0.4238357957548391,0.705968661338261,0.695990178281799
inflation,2021,MDV,2020,313,1.3702450907511445,0.543149688737013,0.8270954020141316,-1.36977425569811,1.9129239444351231
inflation,2021,NPL,2020,313,6.249628010951334,4.12676744440695,2.122860566544383,5.05635826238499,0.9295908179780392
inflation,2021,OMN,2020,313,0.5977370042900618,1.68221185876085,1.0844748544707883,-0.40640291946585,2.0886147782267
inflation,2021,PAK,2020,313,7.954669577250632,9.49641577285205,1.5417461956014176,9.74011619320125,0.24370042034919948
inflation,2021,PSE,2020,313,0.35390862372727067,1.23748102831369,0.8835724045864193,-0.735332001092191,1.9728130294058808
inflation,2021,QAT,2020,313,-0.04905391555113647,2.30446565742003,2.3535195729711664,-2.5403150300476,4.84478068746763
inflation,2021,SAU,2020,313,2.492860277539152,3.06328988941548,0.5704296118763281,3.37234961012303,0.30905972070755006
inflation,2021,SDN,2020,313,90.72324391271042,359.093040778999,268.3697968662886,163.257782355458,195.835258423541
inflation,2021,SSD,2020,313,71.9107840350494,10.5167158294358,61.39406820561361,29.6758435538572,19.1591277244214
inflation,2021,TUN,2020,313,5.3424145224986646,5.706350208307,0.36393568580833513,5.63415115897625,0.07219904933074961
inflation,2021,TUR,2020,313,11.01995678608604,19.5964926913324,8.576535905246361,12.2789574462574,7.3175352450750015
inflation,2022,AFG,2021,343,5.164301366655497,13.7121023720065,8.547801005351003,5.13320340824963,8.57889896375687
inflation,2022,ARE,2021,343,0.48922098533491887,5.29122604376849,4.802005058433571,0.179935336174431,5.111290707594059
inflation,2022,BGD,2021,343,5.785672659687707,7.69695437176898,1.9112817120812728,5.54565430773473,2.15130006403425
inflation,2022,BHR,2021,343,-0.0050402987157476264,3.62574104304482,3.630781341760567,-0.60631938514085,4.23206042818567
inflation,2022,BTN,2021,343,6.912201299477287,5.6391667139637,1.273034585513587,7.3468144053353,1.7076476913715997
inflation,2022,DJI,2021,343,1.3336374533917708,5.17222088647606,3.838583433084289,1.18086783934059,3.99135304713547
inflation,2022,DZA,2021,343,6.451951084871014,9.26551551551553,2.813564430644515,7.22606307415477,2.0394524413607593
inflation,2022,EGY,2021,343,7.22849978668231,13.8956609775178,6.66716119083549,5.21404940513043,8.68161157238737
inflation,2022,ETH,2021,343,23.649969617881283,33.8898797100898,10.239910092208518,26.8395221557722,7.0503575543176
inflation,2022,IND,2021,343,5.144312608785958,6.69903414079858,1.5547215320126222,5.13140747176364,1.56762666903494
inflation,2022,IRN,2021,343,37.82968029566139,43.4884641742179,5.6587838785565125,43.3890162681514,0.09944790606650145
inflation,2022,IRQ,2021,343,4.775391662311529,4.9947659638103,0.21937430149877102,6.04186489058043,1.04709892677013
inflation,2022,ISR,2021,343,1.1501451138383838,4.41162725488371,3.261482141045326,1.47965474722561,2.9319725076580996
inflation,2022,JOR,2021,343,1.5086080920185847,4.22915568897117,2.720547596952586,1.34609377243118,2.88306191653999
inflation,2022,KWT,2021,343,3.0764234322381214,3.98064961990313,0.9042261876650084,3.42362947609188,0.5570201438112496
inflation,2022,LBN,2021,343,112.66881954421709,171.205491336641,58.5366717924239,154.756096023393,16.449395313247976
inflation,2022,LBY,2021,343,5.420219416606175,4.51030149235695,0.9099179242492248,2.86833027751015,1.6419712148468002
inflation,2022,LKA,2021,343,6.406726294630964,49.7211021114327,43.314375816801736,7.01478071238195,42.70632139905075
inflation,2022,MAR,2021,343,1.3283043900804394,6.65704202759067,5.328737637510231,1.40195883962006,5.25508318797061
inflation,2022,MDV,2021,343,1.1325005354309594,2.3305404647725,1.1980399293415407,0.543149688737013,1.7873907760354872
inflation,2022,NPL,2021,343,4.867058146812141,7.6702057938028,2.8031476469906584,4.12676744440695,3.5434383493958492
inflation,2022,OMN,2021,343,1.4528154157575994,2.5061425061425,1.0533270903849006,1.68221185876085,0.8239306473816499
inflation,2022,PAK,2021,343,8.505875545322848,19.8738599646655,11.367984419342651,9.49641577285205,10.37744419181345
inflation,2022,PSE,2021,343,1.055762234678983,3.74122391852077,2.685461683841787,1.23748102831369,2.50374289020708
inflation,2022,QAT,2021,343,2.178229781381438,4.99527553740761,2.817045756026172,2.30446565742003,2.6908098799875804
inflation,2022,SAU,2021,343,2.6163367955585954,2.47407371925372,0.14226307630487556,3.06328988941548,0.5892161701617602
inflation,2022,SDN,2021,343,268.677006050047,138.80846024176,129.868545808287,359.093040778999,220.284580537239
inflation,2022,SSD,2021,343,39.52124871745803,-6.68732094212668,46.20856965958471,10.5167158294358,17.20403677156248
inflation,2022,TUN,2021,343,5.619104724314549,8.30646124447623,2.687356520161681,5.706350208307,2.6001110361692303
inflation,2022,TUR,2021,343,16.909620581142917,72.3088359891207,55.39921540797778,19.5964926913324,52.712343297788294
inflation,2023,AFG,2022,373,10.268930746932913,-4.64470870797775,14.913639454910662,13.7121023720065,18.35681107998425
inflation,2023,ARE,2022,373,3.6219577960835156,1.62670837213248,1.9952494239510357,5.29122604376849,3.66451767163601
inflation,2023,BGD,2022,373,7.166518865396285,9.8835030377921,2.716984172395814,7.69695437176898,2.1865486660231195
inflation,2023,BHR,2022,373,2.6783543182002267,0.0746206782192256,2.603733639981001,3.62574104304482,3.5511203648255942
inflation,2023,BTN,2022,373,5.8171085277426595,4.22934419929251,1.5877643284501497,5.6391667139637,1.4098225146711902
inflation,2023,DJI,2022,373,3.812864186137799,1.44905087029086,2.363813315846939,5.17222088647606,3.7231700161852
inflation,2023,DZA,2022,373,7.50145101921657,9.32217375928322,1.8207227400666506,9.26551551551553,0.05665824376769102
inflation,2023,EGY,2022,373,12.859730745663052,33.8847763115546,21.025045565891553,13.8956609775178,19.989115334036804
inflation,2023,ETH,2022,373,27.057596711374483,30.2188278135278,3.161231102153316,33.8898797100898,3.671051896562002
inflation,2023,IND,2022,373,6.229338191235288,5.64914318907925,0.5801950021560387,6.69903414079858,1.0498909517193304
inflation,2023,IRN,2022,373,36.42193402181694,44.5791857572797,8.157251735462765,43.4884641742179,1.0907215830618
inflation,2023,IRQ,2022,373,3.892421869156722,4.35835351089595,0.46593164173922785,4.9947659638103,0.6364124529143504
inflation,2023,ISR,2022,373,2.8922356639828437,4.22522603168918,1.3329903677063366,4.41162725488371,0.18640122319452956
inflation,2023,JOR,2022,373,3.337449959072896,2.08486986327134,1.252580095801556,4.22915568897117,2.1442858256998303
inflation,2023,KWT,2022,373,3.384286900922036,3.64216403030709,0.2578771293850539,3.98064961990313,0.3384855895960399
inflation,2023,LBN,2022,373,113.52494948658205,221.341644023365,107.81669453678296,171.205491336641,50.13615268672402
inflation,2023,LBY,2022,373,6.767727678186178,2.3731753143518,4.394552363834379,4.51030149235695,2.13712617800515
inflation,2023,LKA,2022,373,31.99431876370826,16.5411742279832,15.453144535725063,49.7211021114327,33.1799278834495
inflation,2023,MAR,2022,373,4.47072145962737,6.09114152504141,1.6204200654140397,6.65704202759067,0.56590050254926
inflation,2023,MDV,2022,373,2.405733432451326,2.90372427754586,0.49799084509453406,2.3305404647725,0.57318381277336
inflation,2023,NPL,2022,373,7.2096829952309935,7.11587261530826,0.09381037992273367,7.6702057938028,0.5543331784945398
inflation,2023,OMN,2022,373,1.948166674000339,0.950782997762827,0.9973836762375119,2.5061425061425,1.555359508379673
inflation,2023,PAK,2022,373,14.678594345557638,30.7681280657005,16.08953372014286,19.8738599646655,10.894268101035
inflation,2023,PSE,2022,373,2.587512037992832,5.87110177678988,3.283589738797048,3.74122391852077,2.12987785826911
inflation,2023,QAT,2022,373,3.682329652649523,3.02764899198902,0.6546806606605031,4.99527553740761,1.9676265454185904
inflation,2023,SAU,2022,373,2.2451648094864076,2.32708518362706,0.08192037414065245,2.47407371925372,0.1469885356266598
inflation,2023,SSD,2022,373,33.086246648975994,2.38280434813754,30.703442300838454,-6.68732094212668,9.07012529026422
inflation,2023,TUN,2022,373,7.122455784345165,9.32899597507865,2.2065401907334845,8.30646124447623,1.0225347306024197
inflation,2023,TUR,2022,373,48.01291454668264,53.8594087593315,5.846494212648864,72.3088359891207,18.449427229789194
inflation,2024,AFG,2023,402,-0.9482153317187447,-6.60118564073726,5.6529703090185155,-4.64470870797775,1.95647693275951
inflation,2024,ARE,2023,402,1.5828557085569734,1.66336510224894,0.08050939369196652,1.62670837213248,0.03665673011645998
inflation,2024,BGD,2023,402,8.684683770355834,10.4657482763412,1.7810645059853663,9.8835030377921,0.5822452385491008
inflation,2024,BHR,2023,402,0.5552271813177774,0.919635459817651,0.3644082784998737,0.0746206782192256,0.8450147815984255
inflation,2024,BTN,2023,402,4.853502382366626,2.76131569624098,2.092186686125646,4.22934419929251,1.4680285030515297
inflation,2024,DJI,2023,402,1.6497462418076974,2.1120116728497,0.46226543104200246,1.44905087029086,0.6629608025588398
inflation,2024,DZA,2023,402,7.911934826793324,4.04611455313434,3.8658202736589837,9.32217375928322,5.27605920614888
inflation,2024,EGY,2023,402,26.093671376436006,28.2705899322083,2.1769185557722928,33.8847763115546,5.614186379346304
inflation,2024,ETH,2023,402,26.158355994768474,21.0377460577711,5.120609936997376,30.2188278135278,9.1810817557567
inflation,2024,IND,2023,402,5.584764401477384,4.95303550973661,0.6317288917407735,5.64914318907925,0.6961076793426395
inflation,2024,IRN,2023,402,38.736015998476226,32.455871402917,6.2801445955592285,44.5791857572797,12.123314354362705
inflation,2024,IRQ,2023,402,3.7043601227865364,2.6116961151764,1.0926640076101362,4.35835351089595,1.7466573957195495
inflation,2024,ISR,2023,402,3.0665609517712475,3.07480889805025,0.008247946279002605,4.22522603168918,1.1504171336389302
inflation,2024,JOR,2023,402,2.0998852156776344,1.55659611283953,0.5432891028381044,2.08486986327134,0.52827375043181
inflation,2024,KWT,2023,402,3.2692598505426513,2.89855072463762,0.37070912590503147,3.64216403030709,0.74361330566947
inflation,2024,LBN,2023,402,158.32400743993952,45.2430422716718,113.08096516826772,221.341644023365,176.0986017516932
inflation,2024,LBY,2023,402,4.974522597927342,2.12615766885021,2.848364929077132,2.3731753143518,0.24701764550159
inflation,2024,LKA,2023,402,14.045460954256873,-0.42936004906973,14.474821003326603,16.5411742279832,16.970534277052927
inflation,2024,MAR,2023,402,4.556423766583954,0.985256592004507,3.5711671745794473,6.09114152504141,5.1058849330369025
inflation,2024,MDV,2023,402,2.730923207644831,1.41093527910134,1.3199879285434908,2.90372427754586,1.49278899844452
inflation,2024,NPL,2023,402,6.918772952535182,4.6850965426577,2.233676409877482,7.11587261530826,2.43077607265056
inflation,2024,OMN,2023,402,1.0313848711407618,0.593589236248469,0.4377956348922928,0.950782997762827,0.357193761514358
inflation,2024,PAK,2023,402,22.79515613139812,12.6325318530452,10.162624278352919,30.7681280657005,18.135596212655297
inflation,2024,PSE,2023,402,4.187575113525538,53.6691458303782,49.48157071685266,5.87110177678988,47.79804405358832
inflation,2024,QAT,2023,402,2.709647355210943,1.26734310292375,1.4423042522871927,3.02764899198902,1.7603058890652699
inflation,2024,SAU,2023,402,2.165975420338428,1.68792112375809,0.47805429658033805,2.32708518362706,0.6391640598689701
inflation,2024,SSD,2023,402,31.58305826667309,91.4408220769046,59.8577638102315,2.38280434813754,89.05801772876706
inflation,2024,TUN,2023,402,8.051506771637573,7.20661657168794,0.8448901999496332,9.32899597507865,2.1223794033907097
inflation,2024,TUR,2023,402,41.05207593437699,58.5064507300342,17.454374795657216,53.8594087593315,4.647041970702702
inflation,2025,ARE,2024,431,1.5924903281775165,1.250865245598,0.3416250825795164,1.66336510224894,0.4124998566509399
inflation,2025,BGD,2024,431,8.91387568294757,8.7687628116114,0.14511287133617046,10.4657482763412,1.696985464729801
inflation,2025,BHR,2024,431,1.101253079735927,-0.137708855447902,1.238961935183829,0.919635459817651,1.057344315265553
inflation,2025,BTN,2024,431,4.080541649572155,3.55513663074987,0.5254050188222852,2.76131569624098,0.79382093450889
inflation,2025,DJI,2024,431,2.076518245049143,-0.313731799533481,2.390250044582624,2.1120116728497,2.4257434723831808
inflation,2025,DZA,2024,431,4.691228032037113,1.41835151429016,3.272876517746953,4.04611455313434,2.62776303884418
inflation,2025,EGY,2024,431,22.01406452900511,14.0735136645934,7.940550864411712,28.2705899322083,14.1970762676149
inflation,2025,ETH,2024,431,20.29399957985819,13.2296432836809,7.064356296177291,21.0377460577711,7.808102774090198
inflation,2025,IND,2024,431,5.247609440153585,2.39884954182294,2.8487598983306452,4.95303550973661,2.55418596791367
inflation,2025,IRN,2024,431,30.897068382175036,42.1712244965444,11.274156114369362,32.455871402917,9.7153530936274
inflation,2025,IRQ,2024,431,2.622795167528996,0.303454715219382,2.319340452309614,2.6116961151764,2.3082413999570184
inflation,2025,ISR,2024,431,2.2976713954648362,3.0414132155654,0.7437418201005639,3.07480889805025,0.03339568248485003
inflation,2025,JOR,2024,431,1.8258226655208798,1.76646490894206,0.0593577565788197,1.55659611283953,0.20986879610253006
inflation,2025,KWT,2024,431,2.8205419380405434,2.36195936682045,0.45858257122009327,2.89855072463762,0.5365913578171697
inflation,2025,LBN,2024,431,49.23946714534209,14.597595869611,34.64187127573109,45.2430422716718,30.6454464020608
inflation,2025,LBY,2024,431,5.02814255897433,1.84166666666702,3.1864758923073095,2.12615766885021,0.2844910021831899
inflation,2025,LKA,2024,431,3.9156511168915853,-4.76386036960983,8.679511486501415,-0.42936004906973,4.3345003205401
inflation,2025,MAR,2024,431,1.4286095772760108,0.701902154839545,0.7267074224364658,0.985256592004507,0.283354437164962
inflation,2025,MDV,2024,431,1.8897210947422445,4.00578494118752,2.1160638464452757,1.41093527910134,2.59484966208618
inflation,2025,NPL,2024,431,5.52087269328973,2.65334269811436,2.8675299951753703,4.6850965426577,2.03175384454334
inflation,2025,OMN,2024,431,0.8561805442670789,0.967741935483928,0.11156139121684905,0.593589236248469,0.3741526992354589
inflation,2025,PAK,2024,431,11.502491458460163,3.54555214890893,7.956939309551233,12.6325318530452,9.08697970413627
inflation,2025,PSE,2024,431,31.727133806153546,9.80840118100493,21.918732625148614,53.6691458303782,43.86074464937327
inflation,2025,SAU,2024,431,1.817494541823264,2.08420853585036,0.26671399402709595,1.68792112375809,0.3962874120922699
inflation,2025,TUN,2024,431,6.660928020319444,5.15100197572676,1.5099260445926843,7.20661657168794,2.0556145959611802
inflation,2025,TUR,2024,431,42.29299404175,34.8811629820306,7.411831059719397,58.5064507300342,23.6252877480036
