country_code,year,access_to_electricity_pct,agriculture_pct_gdp,external_debt_private_nonguaranteed_usd,external_debt_public_publicly_guaranteed_usd,external_debt_stock_total_usd,gdp_per_capita_usd,gni_per_capita_atlas_usd,industry_pct_gdp,internet_users_pct,life_expectancy_years,manufacturing_pct_gdp,population,services_pct_gdp,urban_population_pct
AFG,2010,42.7,26.2100685374552,,1975547213.6,2435844906.0,560.621505463146,530.0,21.1514206977128,4.0,60.702,12.5225768432907,28284089.0,48.8793769096891,22.2614799010924
AFG,2011,43.2,23.7436639877543,,2032464249.9,2485331046.1,606.694676337726,550.0,22.7402524820273,5.0,61.25,13.7791892429929,29347708.0,49.6968203962567,22.8205691572485
AFG,2012,69.1,24.390873626371,,2079786013.4,2580623924.1,651.417134470046,640.0,21.1578071539751,5.454500198,61.735,12.4860851363953,30560034.0,50.5793979236606,23.3434391310979
AFG,2013,68.0,22.8106627361766,,2106231492.2,2587774666.5,637.087099117099,670.0,20.4446053132561,5.900000095,62.188,11.4998672561905,31622704.0,52.6827434733525,23.8077136743646
AFG,2014,89.5,22.1370413719574,,2020951888.7,2529865267.8,625.054941813938,640.0,21.2296632181805,7.0,62.26,11.477587555803,32792523.0,52.9908650351499,24.1910166387726
AFG,2015,71.5,20.6343227166798,19000000.0,1989954793.3,2596917266.2,565.569730408751,590.0,22.1240424906926,8.260000229,62.27,11.4200060049012,33831764.0,53.2352934986503,24.4649118421568
AFG,2016,97.7,25.7403140364582,15000000.0,1949505964.6,2596050086.4,522.082215583898,560.0,10.4668076938201,11.0,62.646,4.1141966128347,34700612.0,59.0232164144095,24.6588345720126
AFG,2017,97.7,26.4201990834448,16000000.0,1981566648.7,2751986638.9,525.469770891619,530.0,10.0518739969063,13.5,62.406,3.53042246146676,35688935.0,58.3290500097748,24.8352821238871
AFG,2018,93.4,22.0428967527575,21543000.0,1948884923.6,2678760424.2,491.337221382603,520.0,13.3872469597976,16.79999924,62.443,6.16017721650239,36743039.0,59.4774229106653,24.9991645191406
AFG,2019,97.7,25.7739707394105,21293000.0,1943607688.1,2661685956.5,496.6025042585,520.0,14.0581123697768,17.60000038,62.941,7.04318108092508,37856121.0,55.4728067408306,25.1437258839803
AFG,2020,97.7,29.9755825210461,17748000.0,1958449755.2,3040072312.4,510.787063366811,490.0,12.9525996015547,17.04850006,61.454,7.52811462924912,39068979.0,52.5721090890613,25.2622103446137
AFG,2021,97.7,33.5976188725451,17748000.0,1907966305.2,3555784339.6,356.496214115892,380.0,14.2736570191788,16.51429939,60.417,8.49315681616916,40000412.0,47.160422387969,25.3478620272481
AFG,2022,85.3,33.7014323213923,17748000.0,1859403114.8,3393247241.7,357.261152798144,370.0,16.0503677223963,15.86629963,65.617,10.1902619598408,40578842.0,45.0499087998591,25.3939250580909
AFG,2023,85.3,34.7432471445174,17748000.0,1856685293.3,3428116975.5,413.757894705303,370.0,13.4498227120978,15.92840004,66.035,7.5409168634476,41454761.0,46.3743698691993,25.4730529631167
AFG,2024,87.8,34.2931004992905,17748000.0,1794720843.5,3344095867.1,416.871146273728,390.0,14.5203506635167,16.09499931,66.289,8.41781184357888,42647492.0,45.1614722268607,25.7007352636188
AFG,2025,,,,,,,,,,,,43844111.0,,25.9401644699898
ARE,2010,100.0,0.732325154252682,,,,44795.2846234991,42380.0,50.2592508031343,68.0,81.886,8.09883006159578,6869838.0,49.0084240426132,83.3714299144178
ARE,2011,100.0,0.65018165697003,,,,51921.8890746408,45610.0,55.7509521893027,78.0,81.898,7.85632364319134,7104538.0,43.5988661537274,83.5695007795347
ARE,2012,100.0,0.627730308351473,,,,53141.6251661086,51180.0,55.3564356841858,84.9999915049492,81.913,7.83235383214612,7391448.0,44.0158340074629,83.7643244751488
ARE,2013,100.0,0.631291108343877,,,,53247.2278745159,53780.0,52.9894306306823,88.0,81.95,7.69050880047885,7693031.0,46.379278260974,83.9558135814626
ARE,2014,100.0,0.625619164911727,,,,52725.2307981936,53360.0,50.7402385283328,90.4000107121939,81.99,7.87819425408936,8059440.0,48.6341423067556,84.1438806787019
ARE,2015,100.0,0.716283676441238,,,,44910.3458860776,49990.0,42.1587350173898,90.5,82.076,8.8850255543667,8505237.0,57.1249813061687,84.3284383471193
ARE,2016,100.0,0.740828105142589,,,,42721.1136110991,46180.0,39.8749869565396,90.6000073180483,82.195,9.0412591716862,8935095.0,59.3841849383177,84.5093991669984
ARE,2017,100.0,0.753711714951803,,,,43733.6242018215,42230.0,41.4122326585365,94.8199225383446,82.388,9.13505350559625,9223225.0,57.8340556265115,84.686675718659
ARE,2018,100.0,0.705621193856789,,,,47135.3478795605,44570.0,45.7440553690851,98.4500017817194,82.449,8.72303484298905,9346701.0,53.5503234370583,84.8601805824625
ARE,2019,100.0,0.734600479758574,,,,45938.6084572227,46690.0,43.4669519380736,99.1499979561243,82.596,8.84288272527487,9445785.0,55.7984475821678,85.0298263388195
ARE,2020,100.0,0.96297291257111,,,,37991.738387966,41310.0,40.3215993754054,100.0,81.936,8.99207371569774,9401038.0,58.7154277120232,85.1955255681984
ARE,2021,100.0,0.890366137304479,,,,44118.4936214315,43230.0,45.3811258793331,100.0,79.083,8.7723443499182,9575152.0,53.7285079833623,85.3571908511355
ARE,2022,100.0,0.740907378602023,,,,50759.7590190204,46990.0,49.3332871882473,100.0,80.487,8.54436252357344,10074977.0,49.9258054331506,85.5147347682487
ARE,2023,100.0,0.764071417912981,,,,49850.6945082084,51100.0,45.4007042021104,100.0,82.909,9.45859478112557,10483751.0,53.8352243799769,85.6680699002526
ARE,2024,100.0,0.76944375258092,,,,50273.5126243239,51550.0,44.3292712081948,100.0,83.069,9.37365289381873,10986400.0,54.9012850392245,85.8171088279791
ARE,2025,,,,,,,,,,,,11513149.0,,85.9617641324017
BGD,2010,55.3,17.0011812592919,1075960000.0,21145542685.2,26571755072.0,757.385280361508,780.0,24.9564767264585,3.700000048,68.009,16.1212283592006,152201981.0,53.4982962820487,27.7254372588696
BGD,2011,59.6,16.8099867573503,1454000000.0,22217936348.9,27046084648.2,837.336944695647,870.0,25.0452996007551,4.5,68.499,15.9967342498947,153591076.0,53.045792114203,28.1100162712427
BGD,2012,65.5,16.1775631732753,1789150000.0,24196786408.2,29155976742.1,859.680536375497,950.0,25.3099593902625,5.0,68.989,15.9142206710142,155070101.0,53.1515772385279,28.4787972894576
BGD,2013,61.5,15.4932779975908,2190812000.0,25034676366.2,32454687016.8,958.262989798283,1010.0,26.3070701636507,6.63,69.487,16.4420194729911,156532141.0,53.3901814188466,28.8407036106763
BGD,2014,62.4,15.3516208986344,3108674000.0,26541000314.4,35270692354.7,1094.46199702838,1080.0,26.3110467833576,9.052900314,70.016,16.6127076619157,157964929.0,53.6357543166708,29.1944442321013
BGD,2015,74.0,14.7829964369364,3357630000.0,27169735482.9,38770937144.2,1224.38647668165,1200.0,26.8313948329541,12.36880016,70.543,16.7886735625088,159383179.0,53.7138319423318,29.5395099477892
BGD,2016,75.9,13.4647923176039,3092904000.0,29095257693.1,41569252897.7,1649.28380858601,1400.0,31.0691513830358,16.89909935,71.075,20.3479480962979,160811932.0,51.2078039865767,29.8753915517965
BGD,2017,88.0,12.9572760433733,3395368000.0,35282720722.6,51068283464.6,1811.08221668646,1640.0,31.2482919641603,21.5,71.606,20.0750615064997,162186147.0,51.383900544644,30.2015798381799
BGD,2018,86.9,12.4800771856196,5237873000.0,41321842241.5,57125459320.6,1965.24372731467,2020.0,31.9828135899766,25.56509972,72.122,20.8022959266315,163523103.0,50.890160724185,30.5175656009959
BGD,2019,92.2,11.9753231358984,4900650000.0,46416580489.2,62468325028.8,2129.79896954606,2220.0,32.8525491977868,30.38310051,72.625,21.2079438820896,164913055.0,50.8492887427224,30.8228396343012
BGD,2020,96.2,11.9996868602485,5625101000.0,54830387715.7,73550857817.1,2248.85078828233,2320.0,32.9115650824449,36.10910034,71.421,20.5983315908994,166298024.0,51.5113093348259,31.1168927321524
BGD,2021,99.0,11.6328584271282,7614890000.0,62473497623.7,91477590071.6,2482.84917843357,2600.0,33.3160943869001,38.91744466,71.103,21.2356729879977,167658854.0,51.3015069352743,31.3992156886061
BGD,2022,99.4,11.2176010351595,7892419000.0,67541257286.6,96944431751.0,2716.48592780431,2850.0,33.9200804971876,41.61650085,74.265,21.7648193612213,169384897.0,51.0380826788136,31.673734726234
BGD,2023,99.5,11.0036900209598,9153010000.0,74054538879.0,101370771740.3,2551.01773827307,2880.0,34.5942721606063,44.50274195,74.672,22.3420188692022,171466990.0,51.1119129405073,32.1578465036834
BGD,2024,99.5,11.1648014276903,9292928000.0,77581679615.2,104486886261.1,2593.41611680774,2820.0,34.0971743458877,53.42171316,74.93,21.8929603584194,173562364.0,51.4166555046575,32.6783196323307
BGD,2025,,11.4240222467121,,,,2597.34352335275,2840.0,34.0275541755359,,,22.441399081658,175686899.0,52.1348168391294,33.2395847043975
BHR,2010,100.0,0.285542784290186,,,,21819.3291098099,19510.0,43.9268581860394,55.0,78.593,14.5894702377704,1228543.0,54.7856196764576,100.0
BHR,2011,100.0,0.279873967809159,,,,25032.7867743333,20040.0,48.2947958378082,76.9999665032303,79.141,15.0474932254141,1195020.0,50.6068677586612,100.0
BHR,2012,100.0,0.265180259339138,,,,26438.6733230428,24670.0,46.3397302766462,88.0,79.622,14.7645578720345,1208964.0,52.4449503421466,100.0
BHR,2013,100.0,0.264280047210277,,,,26989.7601148469,25970.0,46.6971284608616,90.0000397,79.998,14.6994276422304,1253191.0,52.1331512230717,100.0
BHR,2014,100.0,0.287965783699072,,,,26451.7965647453,25480.0,45.3135767644884,90.5031334814656,80.214,14.8385364760484,1314562.0,53.7209538895267,100.0
BHR,2015,100.0,0.301911232209971,,,,23734.0551143019,23640.0,39.0907990671172,93.4783007986129,80.338,17.1732865801602,1370322.0,59.7147216888712,100.0
BHR,2016,100.0,0.315996684624948,,,,23800.001440631,22720.0,38.2033398636175,97.9999807024146,80.407,17.8416468874405,1423726.0,60.7104509663565,100.0
BHR,2017,100.0,0.27707464645461,,,,24784.7693514607,22360.0,39.9934662996166,95.8781357543453,80.407,18.1844891096654,1501116.0,58.8266074582833,100.0
BHR,2018,100.0,0.275112316804637,,,,26324.4066549559,24200.0,41.4758871750475,98.6446725799886,80.412,17.1706919683066,1503091.0,57.2061547726912,100.0
BHR,2019,100.0,0.268674381904261,,,,27259.7438599327,25800.0,40.6177669647554,99.7015043807778,80.471,17.0407022619674,1483756.0,56.3995265649658,100.0
BHR,2020,100.0,0.303155113748103,,,,24342.8444554718,23870.0,39.1001079781372,99.67103159,78.683,18.0468944226138,1472204.0,57.8230716997095,100.0
BHR,2021,100.0,0.268626041292218,,,,27147.8083882286,25240.0,44.2164324898801,100.0,78.083,20.528955608,1504365.0,52.8740707167008,100.0
BHR,2022,100.0,0.246160469147506,,,,30470.5219276023,28300.0,46.3896273702963,100.0,80.992,20.9350892016844,1524693.0,49.2411387955769,100.0
BHR,2023,100.0,0.251492806718451,,,,29290.1284215098,28460.0,43.4381277604186,100.0,81.284,20.1297882520386,1577059.0,51.944952554339,100.0
BHR,2024,100.0,0.244977877737017,,,,29717.1424605273,28170.0,42.1777148976475,100.0,81.423,19.8667805404306,1588670.0,53.3036182185741,100.0
BHR,2025,,0.240579157170771,,,,30596.5794898885,28790.0,41.2104128762928,,,19.8945041496894,1600366.0,54.3219305027559,100.0
BTN,2010,73.3,12.4128589573486,,919405320.9,934629272.1,2435.5798056672,2180.0,39.32493053906,13.6,68.765,7.87736041683871,701632.0,43.0053074381572,33.9051967813552
BTN,2011,81.8,11.7996340560809,9882000.0,1043414808.3,1070492249.6,2787.97967608562,2430.0,37.4178826768856,14.39999962,69.28,7.42869932431373,709377.0,44.7529435650107,34.4637606688377
BTN,2012,91.5,11.5729895457402,7706000.0,1357737704.1,1449649027.4,2751.2128864294,2620.0,38.2126912443455,15.60000038,69.759,7.95902922340763,717279.0,42.3928113368956,35.0188644248365
BTN,2013,87.4,11.8526302443834,5092000.0,1613834794.5,1628150561.0,2679.95217201538,2630.0,38.8444853647316,22.39999962,70.161,7.50187955590297,725273.0,42.4570483572225,35.5740003158589
BTN,2014,91.4,12.0637822394106,1860000.0,1927205748.0,1941155641.3,2849.49998647303,2670.0,37.6449550742574,30.29999924,70.504,7.40898619356801,733139.0,43.0401099714327,36.1326606084122
BTN,2015,95.4,11.9950705393551,57744000.0,2045060882.4,2111104022.8,2954.04081911097,2740.0,38.4680946453953,39.79999924,70.797,7.31166063328875,740618.0,43.7448391110349,36.6983375690037
BTN,2016,99.3,12.0023717482714,60319000.0,2321213149.5,2389670352.4,3152.30905106786,2880.0,38.448996403302,46.50320053,71.119,6.8108295975252,747866.0,43.4015603426375,37.2745234641407
BTN,2017,97.7,12.9297924115136,55635000.0,2640779737.0,2707950876.9,3435.28804735662,2960.0,39.0388793784971,54.33549881,71.413,6.90939675932641,754335.0,43.2393187922464,37.8645544995016
BTN,2018,100.0,13.5509200361014,55104000.0,2584230634.3,2651977085.0,3400.20417245342,3150.0,35.2652134391702,63.48680115,71.711,8.74705665402725,759759.0,45.6144367238745,38.4661892776975
BTN,2019,100.0,12.9339527848851,51454000.0,2716292989.2,2803804731.6,3576.87987100503,3370.0,33.0939030506784,74.17939758,72.005,6.13116669148632,764824.0,49.6273581830858,39.0746823405146
BTN,2020,100.0,15.703075564462,41356000.0,3185320870.6,3236756638.4,3191.66906999331,3040.0,31.7909765311756,76.85079956,72.253,4.92917106171464,770006.0,49.9816378154438,39.6888839873439
BTN,2021,100.0,15.7947840049801,43858000.0,3186306538.0,3268867963.8,3570.61257980872,3300.0,31.6232724038612,85.63688389,72.448,7.22418278235388,775442.0,50.1791654417428,40.3075199874379
BTN,2022,100.0,14.6710119560904,43858000.0,3076881642.9,3160243054.4,3711.32767981591,3600.0,31.8248447380802,88.35620117,72.754,8.72709229133396,780914.0,51.196794354919,40.9365143617581
BTN,2023,100.0,14.9931086909036,43858000.0,3187642815.9,3266699740.1,3831.32535564326,3730.0,29.4044714589229,90.02140045,72.975,7.85181849393028,786385.0,52.7907800840706,41.7352457989939
BTN,2024,100.0,14.1490576006591,43858000.0,3322918899.6,3400087106.3,4228.05102403654,3910.0,31.6714138415403,91.27739716,73.262,6.61794085826323,791524.0,51.5211183188511,42.5645249803412
BTN,2025,,13.6806760206392,,,,4492.78400306618,4310.0,33.1602867332639,,,,796682.0,53.159040451554,43.4301832473753
DJI,2010,57.9,,,611551056.3,768541095.7,1213.23352553429,,,6.5,60.743,,930251.0,,70.6486554782903
DJI,2011,58.1,,,641216411.3,769520335.7,1306.34552844977,,,7.0,61.337,,948558.0,,70.6776532458676
DJI,2012,54.6,,,632579864.0,802385752.1,1400.19357858954,,,9.399999619,61.719,,966747.0,,70.7266311335377
DJI,2013,58.6,1.19392304728354,,665055815.9,820599815.1,2075.94498424748,,11.3865800627511,12.69999981,62.116,1.95656960422745,984824.0,80.5749435790169,70.7969331287484
DJI,2014,58.9,1.22411023326762,,813173439.3,943103980.6,2214.62084142432,,11.612957172612,17.0,62.427,2.7748356788478,1002717.0,80.3757215180893,70.8899032189478
DJI,2015,59.1,1.05900752644099,,1174322941.3,1227496569.6,2376.12554719873,2280.0,11.3951494809576,22.89999962,62.833,2.73555807602599,1020313.0,80.2864982413037,71.0068853915837
DJI,2016,59.8,0.99558771996226,,1602776809.9,1702240895.4,2510.4300076241,2370.0,11.3387071221455,30.79999924,63.335,2.83557314687334,1037653.0,80.6844688233518,71.1492236341041
DJI,2017,60.2,1.29424095183589,,1944879880.0,2266964232.8,2618.95521147369,2450.0,12.4061244543166,55.6814092453962,63.71,3.10152709601158,1054841.0,79.2106257072114,71.318261933957
DJI,2018,62.4,1.41671102035767,,2045009716.0,2321379194.7,2718.08338799203,2600.0,13.991615352663,57.06169891,64.105,3.31583463198092,1071882.0,77.5190312641123,71.5153442785902
DJI,2019,64.7,1.51935229833123,,2145538062.8,2552579803.4,2837.16902340932,2780.0,14.6103467336685,58.4762001,64.381,3.70296002372685,1088709.0,76.9845361801201,71.7418146554518
DJI,2020,64.5,1.99744473588682,221342000.0,2353516908.8,2900369858.3,2844.88810647853,2780.0,14.5456933567204,59.92570114,64.2,4.48288266022238,1105188.0,77.268147602583,71.9990170519895
DJI,2021,65.4,3.00716226184265,20500000.0,2406568216.5,3206547225.4,3025.91126413549,2990.0,15.4059788148715,61.41120148,63.83,5.21745786343541,1121248.0,75.1140795195897,72.2882954556515
DJI,2022,65.0,2.63101792247644,30014000.0,2409101288.5,3170133063.9,3133.25779772463,3310.0,15.0308727802738,63.77600098,65.54,5.02666091887994,1137096.0,76.3885243704718,72.6109938538856
DJI,2023,65.2,2.50202235262172,10000000.0,2836502659.1,3428806710.3,3381.29779710722,3500.0,14.432376023443,64.75869751,65.987,4.70200377488926,1152944.0,77.1152748633996,72.8408245988921
DJI,2024,69.2,2.5119476858486,10000000.0,2827914989.5,3457016382.4,3552.72335079222,3640.0,15.913892950777,65.29889679,66.202,5.28432022949322,1168722.0,76.0847593876274,72.9052635052978
DJI,2025,,2.27199545061851,,,,3905.604954681,3960.0,16.5818071012259,,,,1184076.0,75.6567306363114,72.9758660686475
DZA,2010,98.9,7.53171561491377,967500000.0,2662058549.0,7253019348.3,4912.78585503672,4870.0,45.2431946364671,12.5,74.144,9.3708250521221,36188236.0,43.6024032576579,67.1235057867459
DZA,2011,99.0,7.08352512171367,817970000.0,2255421235.8,6054554674.7,5916.31364364343,5050.0,44.9869856015855,14.89999962,74.383,9.73343874629741,36903376.0,44.6513051761826,67.7344007507578
DZA,2012,98.8,8.02697167412095,821930000.0,1648494864.4,5516939176.2,6033.64884689543,5630.0,43.1950549091774,18.20000076,74.609,8.5589556099004,37646166.0,44.9114940485958,68.3421258553675
DZA,2013,99.2,9.12007464194984,620490000.0,1453345460.4,5247039317.8,5979.60138960585,5970.0,39.7438543670176,22.5,74.809,8.02018645677549,38414171.0,46.7933663667477,68.9463836079277
DZA,2014,99.3,9.40707440856373,685380000.0,1124989848.9,5521236298.5,6094.69392314956,6030.0,38.5614138325673,29.5,74.992,9.87797970942307,39205031.0,47.9036022305248,69.5468765157615
DZA,2015,99.4,10.5327896965018,317760000.0,870237199.5,4671438792.0,4685.05902729002,5390.0,32.7565009315894,38.20000076,75.159,7.11001759889613,40019529.0,52.1103711658838,70.1433070861612
DZA,2016,99.4,11.0683130545794,213640000.0,1652733703.2,5463041852.5,4424.98529027556,4920.0,32.205164049828,42.94549942,75.31,6.89853876611083,40850721.0,52.3939905220294,70.7353778263851
DZA,2017,99.5,11.0318809304784,188230000.0,1715902945.2,5706819221.4,4554.66753957828,4440.0,33.4766949498416,47.69110107,75.431,7.33456829401543,41689299.0,51.2221393515536,71.3227912436551
DZA,2018,99.6,11.2438301354995,202030000.0,1522846832.2,5710492428.3,4577.21029180491,4450.0,35.3432586054084,49.0384680793271,75.555,7.07738040001596,42505035.0,49.4261444653673,71.905249845153
DZA,2019,99.5,11.4791798857164,172950000.0,1398178227.5,5492379098.5,4468.45341883656,4480.0,33.5743211841578,55.79069901,75.682,6.40396994400067,43294546.0,50.4800694011749,72.4824561380175
DZA,2020,99.7,12.8341693887186,232220000.0,1436411495.2,5177879567.2,3743.5419522929,4020.0,30.0235803787213,63.47269821,73.257,6.28239503315548,44042091.0,52.8041887035021,73.0541126293395
DZA,2021,99.8,11.2354345605089,235700000.0,1240364502.3,7378780279.1,4160.55926736925,4120.0,36.3214812457704,72.21240234,75.208,8.18955643268695,44761099.0,48.4879581553143,73.6199218261573
DZA,2022,100.0,10.6470638553472,234840000.0,1055683570.3,7129258689.2,4960.30334332888,4430.0,43.0521306240802,74.78150177,76.129,10.2173706724576,45477389.0,42.7463000437695,74.1795862354514
DZA,2023,100.0,13.3692450434856,281800000.0,992764612.9,7315267064.9,5370.477235078,4950.0,37.5476547378243,76.19760132,76.261,9.12018358899041,46164219.0,45.5476795606292,74.732808364138
DZA,2024,100.0,13.9597061505767,278340000.0,851551211.0,6898271361.0,5752.99076651465,5370.0,36.1956789537864,77.4178009,76.475,9.45462250569716,46814308.0,46.7949847002474,75.2792907190618
DZA,2025,,14.5120041000651,,,,6051.00322704182,5850.0,34.7988339380982,,,,47435312.0,45.6814597798915,75.8187358069877
EGY,2010,99.4,13.3407591579645,53750000.0,32217518388.3,36803931990.1,2455.08194645282,2200.0,35.7845184816841,21.6,69.078,16.102270843693,89196072.0,46.2327200397812,42.9057175520154
EGY,2011,99.4,13.8691050980964,16250000.0,30787534306.7,35208762810.6,2590.64384891965,2380.0,35.9517175990081,25.6,69.232,15.7671942236161,91093059.0,45.7160236306615,42.8634168470177
EGY,2012,99.7,11.2727652713919,20000000.0,32003684136.0,40061753451.8,2996.0677072015,2630.0,39.2513148623634,26.4,69.464,16.1654744133278,93161001.0,51.771621185884,42.8118514138525
EGY,2013,99.9,11.2743496022361,12288000.0,42322833213.8,46534987114.9,3025.52563552448,2810.0,39.8869544184046,29.4,69.632,16.608374543109,95333553.0,52.3007390883681,42.7514277188751
EGY,2014,99.8,11.3377089201878,21356000.0,37128907198.0,41772774970.9,3133.39102265541,3000.0,39.890323943662,33.8946039115275,69.911,16.7744460093897,97528654.0,52.320985915493,42.6825522284408
EGY,2015,99.3,11.3940627685257,22500000.0,44182236526.4,49873938935.6,3306.98159414141,3100.0,36.6302017267482,37.8193834276939,70.135,16.6974467040386,99597342.0,53.1705429845738,42.6056314089048
EGY,2016,100.0,11.769316084742,156619000.0,53230429714.3,69188517055.2,3270.6287768197,3200.0,32.4559533476046,41.2480670885772,70.437,16.8413264929505,101644589.0,54.4832841219458,42.5210717266225
EGY,2017,100.0,10.9863806449848,406499000.0,65651311662.0,84587108845.3,2395.10333299491,2880.0,34.3958677753768,44.9502042452857,70.709,16.59352061052,103696057.0,53.1699504909872,42.4486008687179
EGY,2018,100.0,10.8302490249025,445685000.0,79450202997.9,99457163486.3,2484.70315630508,2710.0,35.3298750589345,46.92433676792,70.974,16.3508895889589,105682094.0,51.6422459388796,42.4577177449969
EGY,2019,100.0,10.6971354538956,360238000.0,90135893318.8,114910260649.9,2962.98892023003,2640.0,35.8254244102931,57.2828663990195,71.213,15.9882989635454,107553158.0,50.7617519656898,42.4812027332648
EGY,2020,100.0,11.1668239443487,402342000.0,99815529975.7,132538717154.0,3511.11381026379,2960.0,32.3694442999707,71.91420096,69.79,16.3804560673536,109315124.0,52.0271088645451,42.5181534630674
EGY,2021,100.0,11.4369326589725,783587000.0,108691541278.1,145998330659.9,3827.35415374308,3470.0,31.1876357851451,72.05599976,68.976,15.4852838768741,110957008.0,52.4773050081794,42.5686062621468
EGY,2022,100.0,10.9457535224737,898953000.0,110213077288.6,163111452414.1,4233.30783744856,4040.0,32.7114314313038,72.19806556,71.01,15.9705322282435,112618250.0,51.4288499840612,42.6325129008032
EGY,2023,100.0,10.6003111645036,1879416000.0,117500425397.4,168182236339.6,3456.78965212363,3840.0,32.7344752545444,74.01190186,71.633,15.0639098410698,114535772.0,51.6487720818481,42.7098115041919
EGY,2024,100.0,13.7121128792805,2932893000.0,106926880074.6,155972716013.2,3338.47371043679,3510.0,32.5624789967949,74.64839935,71.806,13.8934615296088,116538258.0,48.932455490468,42.8004363938404
EGY,2025,,16.551922508574,,,,3085.80712036204,3260.0,32.0573402366538,,,14.4989288825664,118365995.0,47.3136363185232,42.9043204925248
ERI,2010,40.1,,,998425572.6,1037322233.9,539.699512069686,550.0,,0.610000014,63.665,,2945186.0,,35.6346549987793
ERI,2011,41.2,,,1010014612.5,1051012567.3,688.68165957684,650.0,,0.699999988,64.231,,2998485.0,,35.6706275939941
ERI,2012,42.3,,,949645127.1,990963322.4,,,,0.800000012,64.697,,3036988.0,,35.6824264526367
ERI,2013,43.5,,,893794569.0,942827437.0,,,,0.899999976,65.005,,3074360.0,,35.6713333129883
ERI,2014,44.6,,,829657547.6,907610925.5,,,,0.99000001,65.517,,3095173.0,,35.639720916748
ERI,2015,45.8,,,784572705.8,875473801.3,,,,1.083699942,65.909,,3105546.0,,35.591007232666
ERI,2016,46.9,,,753782109.0,800798598.7,,,,1.177099943,66.242,,3124698.0,,35.5254287719727
ERI,2017,48.0,,,776901390.2,825670657.9,,,,2.496099949,66.612,,3150347.0,,35.4427146911621
ERI,2018,49.1,,,742346760.8,797462901.6,,,,5.293000221,66.979,,3192760.0,,35.3451042175293
ERI,2019,50.3,,,725648736.7,779332773.6,,,,11.22379971,67.306,,3240194.0,,35.2352333068848
ERI,2020,51.4,,,739469216.7,798652429.3,,,,14.34939957,66.98,,3291271.0,,35.116138458252
ERI,2021,52.5,,,690679138.6,772098727.5,,,,,66.94,,3350183.0,,34.9871139526367
ERI,2022,55.4,,,646263040.9,727107699.5,,,,,67.789,,3409447.0,,34.8469276428223
ERI,2023,54.4,,,641297476.2,725945139.1,,,,,68.624,,3470390.0,,34.696403503418
ERI,2024,55.3,,,607189471.2,693278616.9,,,,,68.893,,3535603.0,,34.5365524291992
ERI,2025,,,,,,,,,,,,3607003.0,,34.5404504255216
ETH,2010,25.5,41.4468200699758,,6500051699.6,7287411658.5,330.619412798644,370.0,9.43512813822331,0.75,59.709,3.97390612014563,90538514.0,41.7550740909194,17.4937839508057
ETH,2011,23.0,41.2499638574537,,7942753673.3,8607523904.7,343.024942351887,380.0,9.6646421928884,1.100000024,60.595,3.68255139559386,93149970.0,41.4300565862634,17.863790512085
ETH,2012,29.0,44.3309427521463,,9944728371.1,10465118049.7,452.101031885754,400.0,9.47613796506918,2.900000095,61.443,3.42006071889612,95798767.0,38.5815204962798,18.2061367034912
ETH,2013,30.8,41.2395055340925,,11896356906.9,12585463066.0,484.039833104062,450.0,10.9445569914695,4.599999905,62.161,3.702189003056,98438751.0,39.6700979759192,18.615514755249
ETH,2014,27.2,38.5204496889284,,16202538305.3,16946037499.2,549.986577082588,530.0,13.4713245062584,7.699999809,62.927,3.99132524576571,101115610.0,39.8920084959331,19.0262870788574
ETH,2015,29.0,36.0569753905786,,19497094126.8,20443875424.1,597.912113218663,570.0,16.2977936386153,13.8551755555556,63.592,4.4046191387627,103867135.0,39.5457091545031,19.451566696167
ETH,2016,42.9,34.6969564523634,,22134594466.1,23396722284.1,641.651523286233,620.0,21.9325618536317,15.3669238595896,64.162,5.69139715520615,106718162.0,36.7245794030803,19.8763618469238
ETH,2017,44.3,33.7792813400479,,25235394829.6,26170602394.7,696.348429076216,670.0,23.5819066692345,15.62440014,64.766,6.18658862115693,109666481.0,36.6336554444575,20.3084850311279
ETH,2018,44.8,31.218806650139,,28851072282.7,29842524863.7,739.702022272086,730.0,27.3057073073258,15.88619995,65.257,5.82761795063908,112664152.0,36.4097339173082,20.7838096618652
ETH,2019,48.0,33.6333246910556,,29576811585.8,30377335498.2,793.473247218996,790.0,24.8223642567601,15.98460007,65.741,5.59436815447675,115737383.0,37.1502538857618,21.2486705780029
ETH,2020,51.1,35.5582700358115,,31016157752.2,32364057104.1,829.790982552951,820.0,23.1022952225268,16.06959915,65.969,5.30328095402222,118917671.0,36.8280723461663,21.6260051727295
ETH,2021,54.2,37.5791137563489,,30152292984.2,32000197807.2,893.009835441784,880.0,21.8500262627975,16.6981031,65.33,4.60568847862545,122138588.0,36.5357433727102,22.1067085266113
ETH,2022,55.0,37.6422268391462,,29043868834.0,30620768251.9,982.103161502198,960.0,22.7175269594537,17.9836998,66.897,4.24106228559317,125384287.0,36.5535172722288,22.7367687225342
ETH,2023,55.4,35.7864807851174,,31910431158.7,33273672181.5,1055.81091593061,1030.0,24.4836822236256,20.33749962,67.315,4.47900683976997,128691692.0,36.9795925806776,23.0586471557617
ETH,2024,56.6,34.7737782046291,,33950250175.6,36548259483.3,1133.88279681256,1100.0,25.3549716563985,21.94129944,67.603,4.39391406309022,132059767.0,37.4719406431566,23.6222839355469
ETH,2025,,32.8186147009719,,,,932.729352775179,1110.0,27.7637225418579,,,4.20246448198783,135472051.0,36.5746477461315,24.1096952088946
IND,2010,76.3,17.0265090136912,127289639000.0,100563268387.3,290427544563.2,1347.51939071367,1210.0,30.7250782285817,7.5,67.162,17.0299342498624,1243481564.0,45.0337495625601,30.9042190810094
IND,2011,79.5,17.191973558015,142313869000.0,107925728806.8,334399298473.1,1445.46127486037,1350.0,30.1616797630407,10.07,67.623,16.1393374446289,1261224954.0,45.4421452512796,31.2746502853309
IND,2012,79.9,16.8453770661356,173217995000.0,119894791006.4,392576050359.7,1429.32199520032,1460.0,29.3985276965289,11.10000038,68.076,15.8169230071066,1278674502.0,46.3011472980511,31.5898935604399
IND,2013,83.1,17.1484235433697,206950691000.0,121461812286.0,427245079805.9,1432.84397512195,1500.0,28.4048995600246,12.30000019,68.499,15.253022692586,1295829511.0,46.6987147692338,31.9096789235237
IND,2014,85.1,16.7919345145039,213654172000.0,152515175893.8,457507409077.4,1553.88396075118,1540.0,27.6564012026443,13.5,68.932,15.0655701107589,1312277191.0,47.8224137556558,32.2288233408821
IND,2015,88.0,16.1745081068401,229444505000.0,162310887267.5,478831010025.1,1583.99815907985,1580.0,27.34739147794,14.89999962,69.326,15.5838545863713,1328024498.0,47.7837481204463,32.5472990022299
IND,2016,89.6,16.3638005616331,213247629000.0,153013284921.7,455541896498.9,1707.50892912243,1670.0,26.6189999399789,16.5,69.709,15.1622371332529,1343944296.0,47.7494012900074,32.8650780972823
IND,2017,91.8,16.5583314049368,225284025000.0,183017515967.3,511575707373.6,1950.10468280866,1790.0,26.5000166464804,18.20000076,70.068,15.0182387501718,1359657400.0,47.6708899682407,33.1821328157539
IND,2018,95.7,16.031630686449,231178894000.0,180539953724.2,521175685410.0,1966.25455171679,1970.0,26.4120919013735,20.0813000379384,70.415,14.8815306673017,1374659064.0,48.4315663156522,33.4984353473598
IND,2019,95.9,16.7555683032837,256729144000.0,192007477543.8,561017395481.3,2041.42863698585,2070.0,24.5914753075066,29.52350044,70.746,13.4558075633394,1389030312.0,50.0849578546822,33.8139578818147
IND,2020,96.5,18.6685376603727,262911384000.0,192805075629.9,564979321177.1,1907.04251637669,1900.0,25.1229058078344,43.40544313,70.156,14.1204853576923,1402617695.0,47.9326881092162,34.1286726088333
IND,2021,99.6,17.3725615260314,268901719000.0,205281682146.0,611987174447.7,2239.61384367482,2170.0,26.466523606501,49.2580986,67.282,14.3770288531286,1414203896.0,47.8472234596709,34.4425517181304
IND,2022,99.2,18.2106659929942,260404303000.0,205217150708.4,615514904164.5,2279.98145719369,2360.0,25.6040259797277,55.9,71.698,13.3327202623974,1425423212.0,47.1727519374304,34.7555673994206
IND,2023,99.5,17.6565389328245,283349552000.0,214911618610.1,647556415555.5,2434.44826340989,2490.0,25.5525555206094,60.25230026,72.003,13.312843875072,1438069596.0,47.5864648020094,35.0676918424186
IND,2024,99.9,17.5735799524173,316357573000.0,238949800499.3,716456023890.4,2591.9916607122,2550.0,25.1722625905927,64.9434967,72.235,13.1392199491326,1450935791.0,47.9706270733631,35.3788972368389
IND,2025,,16.2342483910129,,,,2702.47987141553,2760.0,25.2049600095376,70.0,,13.4710550684648,1463865525.0,49.337715077834,35.689155772396
IRN,2010,99.4,6.49939072557201,0.0,5959567188.3,19768742370.1,6291.19443655454,5910.0,44.2093794197457,15.9,74.39,12.7839080636811,77420842.0,51.1373145239641,70.6092626774386
IRN,2011,99.5,4.64211620456629,0.0,4750904847.8,17260291984.0,8025.68743364356,6680.0,46.2322885720868,19.0,74.721,13.7921914678481,78383598.0,48.7236875755503,71.204050944517
IRN,2012,99.5,6.79693716710654,0.0,4347214490.5,7481954468.2,8114.08099831877,7310.0,42.0941632127045,22.73,75.039,16.3771989024111,79370580.0,50.4291162835523,71.7633634041294
IRN,2013,99.8,8.77490977276026,0.0,4040211250.8,7013042464.9,6222.74194840326,7220.0,42.7788684660118,29.95,75.349,15.7296956213052,80414686.0,47.6419116595481,72.3030873515412
IRN,2014,100.0,9.37842415684426,0.0,3320128109.2,5817911004.0,5672.06372896319,6660.0,39.2282280462408,39.353614505223,75.635,15.5847556165887,81502045.0,49.3556902392447,72.8324070385223
IRN,2015,100.0,10.0916014141126,0.0,2460324353.0,6455859301.0,4952.73355532178,5460.0,32.1747396532204,45.3349761533285,75.907,13.4507444091979,82619362.0,55.1819574554845,73.3561403575949
IRN,2016,100.0,8.44788029281743,0.0,826827142.6,6058410415.5,5710.59947089104,5530.0,34.3222829592861,53.2267716709857,76.155,13.3188366338022,83812228.0,54.0362259638003,73.8796100096595
IRN,2017,99.9,8.49044927227644,0.0,589258286.2,6819093933.4,6000.93346404409,5640.0,36.1413931191139,64.0439736249513,76.396,14.1352502087451,85026754.0,52.2187211572302,74.4011840820312
IRN,2018,100.0,9.63092024660805,1199674000.0,437139539.8,5773699803.6,4783.01067340237,5390.0,37.1484284566829,70.2005650008363,76.621,16.2321484820513,86117998.0,50.0804565914419,74.8034286499023
IRN,2019,100.0,11.8081014676882,914686000.0,370082138.3,4855393068.1,3997.4935449585,4710.0,33.4149250633862,72.4509047672065,76.855,18.6553365055555,87051648.0,51.6940341555612,75.2038879394531
IRN,2020,100.0,11.6933506979702,893910000.0,418801442.7,5433188395.8,3202.50003502169,3980.0,37.2091421301924,75.56986637,74.141,22.8664333169659,87723443.0,48.8099207761974,75.5986404418945
IRN,2021,100.0,10.6344854027271,727358000.0,332365274.2,10348874166.9,4605.14881318992,4110.0,39.2258766162135,78.5957366,73.752,23.4410696987665,88455488.0,47.7420163958042,75.9926376342773
IRN,2022,100.0,10.6950417706195,727358000.0,396711185.2,9459955524.4,4721.20437099984,4390.0,41.2187779051327,81.71649933,76.799,22.2248337587519,89524246.0,45.3409025944645,76.3342208862305
IRN,2023,100.0,10.750872506583,727358000.0,388146480.3,9900872535.1,5049.29931642754,5070.0,38.7761581460708,83.71050262,77.654,21.6209508991788,90608707.0,47.6289165729509,76.6759567260742
IRN,2024,100.0,10.8003685937198,727358000.0,323488047.1,9654298895.5,5190.16959024821,5130.0,36.0697233713856,85.3404007,77.854,20.5908961207021,91567738.0,49.7874655706935,77.0201263427734
IRN,2025,,10.5944482254371,,,,3924.38017821898,4650.0,39.6408220367612,,,,92417681.0,47.0937322635311,77.3761530941751
IRQ,2010,98.4,5.16228354680036,,,,4461.75196161555,4390.0,55.7934951548678,2.5,68.092,2.26990680451983,31045366.0,39.6860480275684,69.0582953378474
IRQ,2011,98.0,4.56377343749618,,,,5775.54229080293,4740.0,62.5480287876873,5.0,68.435,2.82190329286093,32161424.0,33.4821077639761,69.1252233869916
IRQ,2012,99.3,4.12427143758484,,,,6477.59618450955,5980.0,60.576988513607,7.099999905,68.827,2.72177631792452,33654842.0,35.8893880581268,69.2222213745117
IRQ,2013,99.0,4.76843971585529,,,,6650.35282247395,6620.0,57.69152678908,9.199999809,69.047,2.29763484409581,35281989.0,37.9634247963375,69.444450378418
IRQ,2014,99.2,4.92940777204755,,,,6249.39226978969,6440.0,55.3075963759279,11.6453267304545,69.679,1.87706381634762,36550059.0,40.1122330492623,69.6666641235352
IRQ,2015,99.4,4.19186817517212,,15545223030.9,19135602755.0,4440.14189252367,5460.0,45.340288824262,15.21440029,69.977,2.1752084247609,37560535.0,51.2496561823717,69.920524597168
IRQ,2016,99.7,3.97718981146129,,18147231927.8,23353445730.2,4334.42096404188,5060.0,46.1825020614016,19.87719917,68.683,2.25286887717333,38469627.0,50.7798718007565,69.9123778259643
IRQ,2017,99.9,2.97672780101335,,21978614420.3,28081416224.6,4759.2846435467,4430.0,51.3296814634291,25.96920013,69.788,2.17439874253532,39337353.0,47.0337230035122,69.8944511190753
IRQ,2018,99.9,2.81581764320492,,22475314270.2,27797448159.7,5646.68932074742,4820.0,54.1699427538136,33.92810059,71.116,2.03197771830623,40265624.0,44.1911800508283,69.8765148865842
IRQ,2019,100.0,3.77000825306199,,22705596068.1,27486478709.1,5671.8568632942,5520.0,53.1094032824868,44.3263465511579,71.245,2.13753149649538,41192171.0,44.4241091757329,69.8683395385742
IRQ,2020,100.0,6.08867414692412,,22804738064.5,26328297576.5,4295.18945121228,4720.0,39.9040972152303,53.67779922,69.651,2.5884272681538,42116605.0,54.8196487805,69.8683166503906
IRQ,2021,100.0,3.27919752953038,,20613870737.4,25360186233.3,4868.49431080783,4740.0,54.6088877710074,65.00219727,70.704,2.47340478053043,43071211.0,42.6181068349405,69.8682708740234
IRQ,2022,100.0,2.05870621388374,,17935651987.7,22722727263.8,6520.73154560584,5510.0,65.2721245594509,78.71560926,72.037,2.24623679872033,44070551.0,33.1587203052795,69.8682861328125
IRQ,2023,100.0,3.10603121448412,,15685589004.2,20318433379.4,5965.31835077761,5920.0,53.9604851597879,81.80889893,72.324,3.01603625131993,45074049.0,43.6679408901657,69.868278503418
IRQ,2024,100.0,3.39457505861722,300000000.0,12931630316.7,17517006333.0,6073.61032342708,6030.0,51.5717701751509,81.47450256,72.424,4.08706182141497,46042015.0,45.76618170304,69.8861494108913
IRQ,2025,,3.41368848141125,,,,5409.67899716967,5690.0,45.3907401476956,,,3.99653911601582,47020774.0,52.2722650068713,69.9396739468105
ISR,2010,100.0,1.83828057709311,,,,31398.9266927022,30770.0,20.8568652254978,67.5,81.6024390243903,14.043791039316,7623600.0,66.7427152391172,91.7316426703946
ISR,2011,100.0,1.85284294203979,,,,34476.7252065949,32820.0,20.1387855782418,68.8738779907441,81.6560975609756,13.5908818669391,7765800.0,67.5534630041115,91.7304024673781
ISR,2012,100.0,1.49484781325948,,,,33268.7066672115,33500.0,20.4673367409591,70.8,81.7048780487805,13.7690007635811,7910500.0,67.9355103997546,91.7276502819515
ISR,2013,100.0,1.5233149487473,,,,36980.622214228,35470.0,20.5754790666646,70.250311945,82.0560975609756,12.9828311268844,8059500.0,67.6308295595479,91.7227831465406
ISR,2014,100.0,1.39092717696261,,,,38265.3651949373,37000.0,19.9649384224167,75.0177531628076,82.1536585365854,12.5092649781181,8215700.0,68.0577220423209,91.7151980935716
ISR,2015,100.0,1.42574237362895,,,,36138.13561386,36900.0,19.9967940857239,77.3520896572253,82.0512195121951,12.9237212257425,8380100.0,68.2509380291374,91.7042921554705
ISR,2016,100.0,1.45872080858947,,,,37571.2561196275,37240.0,19.1747519313502,79.6531241815281,82.4073170731707,12.0961436457446,8546000.0,69.0665910321573,91.6894623646632
ISR,2017,100.0,1.44031962010396,,,,41013.2575323519,38600.0,18.6810595382266,81.5811835871611,82.5512195121951,11.5023862456544,8713300.0,70.1761637750873,91.6701057535759
ISR,2018,100.0,1.39351241557999,,,,42269.3770257585,41960.0,18.8779508643639,83.7331569615326,82.8024390243903,11.678065693861,8882800.0,70.1482557732948,91.6456193546346
ISR,2019,100.0,1.35332886174885,,,,44091.8678022544,44110.0,18.9502208227104,86.7878776180583,82.8048780487805,11.6354672967477,9054000.0,70.4511708134579,91.6154002002652
ISR,2020,100.0,1.37217783069975,,,,44590.8237253282,43330.0,19.4824194045547,90.12734091,82.6487804878049,12.3190734802149,9215100.0,70.2594165334813,91.5788453228939
ISR,2021,100.0,1.33051800415199,,,,52258.4693499398,49640.0,18.9071512661919,90.29689758,82.5,11.9008173223304,9371400.0,70.667321291066,91.5353517549466
ISR,2022,100.0,1.18596323576565,,,,54947.2091250715,55460.0,19.2164026469324,91.85079615,82.7,12.0735689690971,9557500.0,70.5027339425603,91.4979834273327
ISR,2023,100.0,1.39228590650126,,,,52126.4489280033,54480.0,18.1095322410277,87.03842615,83.1951219512195,11.4833400691841,9849000.0,72.4524533292347,91.5089569794505
ISR,2024,100.0,1.28513289583824,,,,54216.5218142787,53090.0,17.2250963788776,88.18242225,83.1975609756098,11.2422190872096,10002200.0,72.846943224759,91.536188843818
ISR,2025,,,,,,60336.8477964194,56180.0,,,,,10122800.0,,91.5783060866328
JOR,2010,100.0,4.97053082877959,1264789000.0,6323223163.6,16894215040.7,4139.04283161368,3950.0,28.2254980108813,27.2,73.797,17.0273626395621,7297043.0,55.6725687705241,82.2601083887084
JOR,2011,99.6,4.59269751586294,1501014000.0,6126047071.4,17477930466.6,4363.42800211536,4140.0,29.0139578202987,34.9,73.929,17.4312319514199,7480424.0,55.2876012093754,83.5505043825064
JOR,2012,99.5,3.97973556725392,1803253000.0,6115952264.0,18297915662.4,4593.83609729005,4400.0,28.1081114632299,37.0,74.087,17.0397122805091,7587127.0,56.8241480693032,84.9592629639423
JOR,2013,99.7,3.97733734427352,2145338000.0,8684990532.2,23003169930.4,4739.02253641778,4510.0,27.649231876622,41.4,74.282,17.714415635766,7991809.0,56.8785225642831,86.4627110188335
JOR,2014,99.8,4.24636795376777,2112704000.0,9531781506.8,24125234088.8,4610.60460269382,4380.0,27.7526247466984,46.2,74.606,17.303213490517,8791710.0,56.6802868110822,88.0371754329978
JOR,2015,99.9,4.43181485575889,2366620000.0,10854758224.8,25598481274.6,4441.61896013754,4220.0,27.8075756380239,54.22000122,75.06,16.8941877472506,9544729.0,56.6627368477007,89.8881391939133
JOR,2016,100.0,4.64825852368191,2314366000.0,12506629257.7,27110465347.6,4366.06999647268,4200.0,27.2809702412381,56.15000153,75.55,16.6342767215741,10006367.0,56.9326459629893,90.56272794707
JOR,2017,100.0,4.56751477814013,2460155000.0,15158743078.9,30051818034.6,4449.34618076611,4300.0,27.0180054886121,64.5,76.071,16.640481827841,10234226.0,56.7132130738762,90.8764609714428
JOR,2018,99.9,4.46958792425547,3070704000.0,16363168363.7,31925591353.8,4533.97658437205,4480.0,26.5225865984798,65.2,76.491,16.3691562005082,10462306.0,56.7986372748123,91.2008859099729
JOR,2019,99.9,4.39686183197217,3614366000.0,16852819252.5,33493554481.7,4557.79334729121,4580.0,26.6766263222712,70.08470154,76.865,16.2672175469361,10671891.0,57.3739869954865,91.515966492507
JOR,2020,99.9,4.73287537525391,3905070000.0,18778487927.6,38038131759.6,4411.48321838396,4460.0,25.9968690119366,78.4178009,75.583,15.7398635538202,10865228.0,58.0169639841402,91.8216722992319
JOR,2021,99.9,4.82885342865116,4069718000.0,19865916632.4,41757187873.1,4581.71967230365,4650.0,25.9424024132434,85.999997,74.204,15.4545367497795,11066356.0,57.128044862892,92.117972910453
JOR,2022,100.0,4.76761883150185,3606761000.0,19227242486.9,41170195546.7,4754.41362207378,4810.0,27.2393929604017,90.4999984,77.088,15.6966755214311,11256263.0,56.3893780997628,92.4048379066163
JOR,2023,100.0,4.95629590864962,3568451000.0,22489380179.8,44559287366.0,4906.23543006639,4890.0,26.790780203604,92.53443944,77.814,16.3810729367401,11439213.0,57.5358008679515,92.682236868336
JOR,2024,100.0,5.24177916006358,2709577000.0,23707731206.0,46966040104.7,5073.92103605892,4880.0,26.8665066748688,95.62244985,77.981,16.8649437367506,11552876.0,57.363972712669,92.9501393764286
JOR,2025,,5.56169367394688,,,,5347.77731384797,5260.0,27.3701721892728,,,17.3719425926956,11520684.0,56.7678244696911,93.2085150119551
KWT,2010,100.0,0.451728985475114,,,,39212.252220155,42850.0,66.0655582815397,61.40000153,77.7262195121951,5.97790318611957,2943372.0,47.0401906716711,100.0
KWT,2011,100.0,0.438835825324165,,,,49169.6063813095,44350.0,72.7249733972566,65.7690706867398,78.052243902439,5.6131394558656,3132814.0,38.8294818780374,100.0
KWT,2012,100.0,0.359874300848834,,,,52155.2225833921,50830.0,74.8123207433144,70.44999695,78.3950243902439,5.96446653129308,3337109.0,36.780475654361,100.0
KWT,2013,100.0,0.355177608949371,,,,49651.0439275077,53530.0,73.0986938777857,75.45999908,78.7418048780488,5.87984162345434,3507844.0,38.1405373589437,100.0
KWT,2014,100.0,0.450636106109894,,,,44368.7813457751,51350.0,70.5483167543953,78.69999695,79.0803414634146,5.54227898196232,3665876.0,42.1708386044131,100.0
KWT,2015,100.0,0.537729008869637,,,,29882.2126495698,41830.0,55.9358456541559,82.0,79.3765609756098,6.97750997601227,3834574.0,58.4383547268602,100.0
KWT,2016,100.0,0.518592131185869,,,,27323.6890735517,34920.0,52.134780154177,85.59999847,79.6775853658537,7.20205740085411,4004096.0,60.710435050585,100.0
KWT,2017,100.0,0.525092139249465,,,,29047.6536135703,30650.0,55.6192158978196,97.9999893344615,79.9160731707317,7.50147665024303,4154812.0,56.789146483868,100.0
KWT,2018,100.0,0.44590687116951,,,,32067.9623756889,32340.0,60.1276537174576,99.5988495907557,80.1063658536585,7.42772872434798,4323515.0,51.7512772593754,100.0
KWT,2019,100.0,0.370434138380291,,,,31707.8737443551,35680.0,57.7186566770031,99.5426764518489,81.969756097561,6.37931499205825,4442316.0,54.6024842626311,100.0
KWT,2020,100.0,0.496326689989677,,,,25236.0755848941,33150.0,48.4612101735294,99.10587017,78.7609756097561,9.09212377718903,4400267.0,66.9624896439687,100.0
KWT,2021,100.0,0.473024818982534,,,,34018.6342592913,35990.0,58.3067931153035,99.7,78.7365853658537,11.0425527919078,4360865.0,53.4881361305761,100.0
KWT,2022,100.0,0.402460238899801,,,,39981.7691035833,39120.0,65.7663289580606,99.74729919,80.5878048780488,7.8743575039131,4589643.0,44.820980636545,100.0
KWT,2023,100.0,0.468514016254576,,,,34091.9714813002,42040.0,60.2656226708529,99.74731125,83.1878048780488,7.54800991399076,4853420.0,52.1545642214846,100.0
KWT,2024,100.0,0.490910108743826,,,,32855.7209688827,41110.0,57.7073494929421,99.74729919,84.580487804878,7.96462339439403,4897263.0,55.6638825460997,100.0
KWT,2025,,0.530516126274945,,,,32312.3119953634,,54.1153897826702,100.0,,7.7428262302651,4865298.0,59.6249951530893,100.0
LBN,2010,99.5,3.86195936751946,23470619000.0,20396005755.3,47828988866.1,7625.81051551165,7340.0,13.809376206629,43.68000031,77.529,7.72153380341759,5041288.0,71.8617767348569,87.6392192810679
LBN,2011,99.7,3.80460970714467,25152131000.0,20792425480.4,49669741104.3,7834.96257108993,7720.0,14.506216070168,52.0,77.768,7.57931418515021,5096020.0,73.5399992816103,87.8270813653079
LBN,2012,99.5,3.76453077704882,27033642000.0,24257709990.7,55735120974.3,8406.98405608118,8000.0,15.4855197381508,61.24980164,77.941,7.3880328196001,5235742.0,72.9665422887919,88.0195066808075
LBN,2013,99.6,3.9553991560217,28922720000.0,25739092354.0,62119370082.4,8162.37929361396,7880.0,16.3437962275105,70.5,78.037,7.52441395625991,5743436.0,72.0828493278447,88.2165478464663
LBN,2014,99.7,4.02280590517852,30939204000.0,25244021869.2,64468852046.2,7577.6413302369,7440.0,16.2094101272442,73.0,78.148,7.53256666556356,6346990.0,73.7326618919194,88.4182574811842
LBN,2015,99.7,3.28466326670943,32849341000.0,26735924131.5,68232175837.7,7714.1099998804,7360.0,15.7051846447457,74.0,78.275,8.04853930548165,6472469.0,73.8065438599639,88.6246882038608
LBN,2016,99.8,2.72714945763945,33692881000.0,27716753631.1,69523800483.9,8089.012088155,7670.0,15.9539038084869,76.11000061,78.306,8.35641017095378,6323060.0,74.20253290968,88.835892633396
LBN,2017,99.9,2.79291148520091,35139630000.0,30010452683.8,74188954317.3,8608.21084982387,8260.0,14.9268797796791,78.18080139,78.192,8.28789155701475,6160128.0,75.4187807415965,89.0519233886895
LBN,2018,99.7,3.23189728304163,40762895000.0,33093350836.9,79671964766.9,9174.53666204759,8700.0,13.8056023781184,80.90000153,78.263,7.44505027672016,5984119.0,76.9908055119369,89.272833088641
LBN,2019,100.0,3.16909985150245,35343281000.0,33340745090.8,73914514299.2,8905.88005497437,8630.0,12.4991181838946,81.48120117,78.208,7.05147171311738,5794594.0,79.3126428766445,89.4986743521503
LBN,2020,100.0,3.07825000560689,25081373000.0,33386173849.6,68899942020.6,5561.19166950397,6350.0,6.63816639544826,82.0664978,76.299,2.94371948788659,5702398.0,87.4214492992388,89.729499798117
LBN,2021,100.0,1.40016561487545,19645631000.0,33301311432.0,66924113512.2,4045.37391066234,4770.0,2.7586320737767,82.65599823,73.65,1.42682987688995,5718122.0,94.1483347283905,89.965362045441
LBN,2022,100.0,1.1895732629522,17124400000.0,33392012703.2,67100895977.6,3654.35845534878,4130.0,2.39076209975393,81.46479797,78.003,,5744489.0,88.6220737442903,90.206313713022
LBN,2023,100.0,0.966455367369224,14531271000.0,33567692787.5,66329049009.2,3477.72489842684,3710.0,2.0863020184691,81.7059021,77.817,,5773493.0,42.3804623372256,90.4524074197598
LBN,2024,100.0,1.04505447197468,13572106000.0,33728240178.5,67389006707.2,4473.27134441128,3560.0,2.63395915623125,80.63400269,77.945,,5805962.0,35.7279421027064,90.703695784554
LBN,2025,,,,,,,,,,,,5849421.0,,90.9602314263044
LBY,2010,81.9,1.79953001101668,,,,11600.9068649472,11550.0,75.7449869936204,14.0,72.196,3.95888224723431,6497839.0,32.1610487205157,88.1177139282227
LBY,2011,80.3,3.05766833710666,,,,7593.8391525702,6080.0,53.8989087023988,14.0,69.95,3.70922472929545,6343203.0,60.4271917105475,88.0970458984375
LBY,2012,78.7,1.81559365235981,,,,14975.8902795144,13310.0,73.7369299183248,15.19999981,72.188,2.31116044510223,6179328.0,38.0498684426903,88.0727920532227
LBY,2013,77.1,2.41548515289585,,,,11951.7134126011,11960.0,65.1237589148371,16.5,72.339,2.96399418096206,6304628.0,49.5688944454069,88.0451431274414
LBY,2014,75.5,3.51667860719144,,,,8926.42074591474,9130.0,46.7692775548728,17.76000023,71.3,4.56529868891668,6427252.0,67.8416782304827,88.0142059326172
LBY,2015,73.8,4.3862973349324,,,,7458.48917756374,8370.0,34.8289693278703,25.0,71.644,4.14078951865904,6531819.0,72.4462059977024,87.8159103393555
LBY,2016,72.2,4.61177989572916,,,,7525.80299308216,7670.0,26.0770762664238,35.0,71.799,3.65524337067447,6632126.0,77.8397088024993,87.8160056703177
LBY,2017,70.6,3.87477645520451,,,,9965.83236729757,9760.0,38.9800161101817,47.5,72.721,2.80678251468398,6738770.0,64.0663893322394,87.8166729870528
LBY,2018,67.0,3.66012922036917,,,,11196.5854810844,11000.0,49.676758007488,47.5,73.151,,6849055.0,52.9941083689439,87.818484275334
LBY,2019,68.5,2.04201619232517,,,,9963.19489084483,10100.0,49.9776179313478,71.40409851,72.941,,6951033.0,56.1374562146309,87.8220115209342
LBY,2020,69.4,4.326770152924,,,,6650.33810585348,7000.0,15.9502036425113,74.35810089,72.388,,7045399.0,88.3298040421117,87.8278267096263
LBY,2021,70.2,1.9292341608539,,,,4935.82787349801,6950.0,74.9121008371648,77.438797,72.062,,7135175.0,32.2272169143777,87.8365018271835
LBY,2022,70.0,1.68643769937353,,,,5986.63694851258,6010.0,76.8380798647142,80.64720154,74.462,,7223805.0,26.5756015796149,87.8486088593786
LBY,2023,73.2,1.7692779613025,,,,6026.51518708812,6160.0,78.8995280792827,82.10469818,69.339,,7305659.0,23.9767815007079,87.8647197919848
LBY,2024,77.4,2.39197609901835,,,,6569.16408678648,6790.0,73.4971404182672,81.95449829,71.121,,7381023.0,28.3399914639351,87.8854066107749
LBY,2025,,1.50083505042772,,,,6448.82415074121,7250.0,73.2498107962825,,,,7458555.0,26.9114111677186,87.9112413015221
LKA,2010,85.3,9.04833700695796,919000000.0,16429773255.2,21684210688.5,2808.36245207687,2360.0,27.7831982979266,6.912399769,74.463,18.4566842207205,20879089.0,53.0103501848071,17.2486209380693
LKA,2011,87.8,9.53315934995748,1212670000.0,18681699405.2,25795379781.1,3224.95745082305,2830.0,29.0731497644916,7.956399918,74.74,18.6156868794475,21009048.0,53.3645298044492,17.7881192817964
LKA,2012,87.0,7.91028886801456,3244727000.0,22954102769.6,35735908567.5,3327.77612404326,3340.0,30.9698538095878,9.00039959,75.187,19.7379423600008,21169458.0,54.204493062591,18.2617686748284
LKA,2013,90.2,7.9246041166418,4446217000.0,25429413567.3,39316198514.4,3739.43182292825,3630.0,30.7956807276274,10.04440022,75.546,18.0646306474511,20585000.0,54.515555670243,18.4323136480916
LKA,2014,92.7,8.08070792377259,7292237000.0,25826203879.2,42264361571.6,3972.04377042271,3810.0,30.5178954291897,10.5000026214106,75.757,17.1564291875524,20778000.0,54.6273859148658,18.6153877203724
LKA,2015,94.3,8.21693887934065,7644511000.0,27454469834.6,43926833891.1,4057.71582716521,3920.0,29.5354178731659,15.26249981,75.99,16.1769598771991,20970000.0,54.2106196151911,18.796256612131
LKA,2016,97.5,7.26171847766503,8048638000.0,30115690503.0,46662738616.2,4149.19189391879,4020.0,30.48271772947,22.19,76.136,16.018659247464,21209000.0,53.4181636949792,18.9747679368162
LKA,2017,97.5,7.43067877940601,8801820000.0,32625375176.7,50766665978.7,4398.88828786059,4220.0,31.1282786463629,25.07550049,76.239,14.891296047659,21453000.0,52.2395328654736,19.1507693078088
LKA,2018,99.6,7.5920639513666,8838953000.0,34355813920.6,52920652662.2,4358.56095905888,4350.0,30.0568195253216,28.33620071,76.485,15.0327786139962,21670000.0,53.6373194381874,19.3241083384127
LKA,2019,99.8,7.2562466999024,8826412000.0,36986947568.7,56118735647.0,4081.94772178134,4220.0,29.1910098708421,32.02090073,76.698,16.160801717524,21803000.0,55.7458586317871,19.4946326418437
LKA,2020,100.0,8.25132326034921,8983706000.0,37568683173.3,56875086630.2,3847.60136741182,3880.0,28.2358328750276,36.18473435,76.928,16.2859641029035,21919000.0,57.8323873796436,19.6621898312161
LKA,2021,100.0,8.78994016441411,9031759000.0,38491045714.9,58741883598.1,3996.96240531688,4010.0,29.9540097665519,44.45308724,76.278,17.9651186199509,22156000.0,55.874385350147,19.8266275195269
LKA,2022,100.0,8.4479528697634,9314447545.5,38488278143.9,58718751204.5,3342.63650438046,3620.0,29.8058315779478,48.3,77.3,19.6510544330762,22181000.0,57.0665321872281,19.9877933196367
LKA,2023,100.0,8.04312180256758,9001612000.0,41391968056.7,60544707010.4,3815.41531767474,3550.0,25.6710307504815,51.2,77.483,17.9723933987226,22037000.0,60.0610214917243,20.1455348442463
LKA,2024,100.0,8.37364946905484,8569475000.0,39541858681.4,56827528393.8,4545.36006870612,3870.0,25.4835532853095,54.59,77.672,17.4915508731994,21916000.0,57.4978361047906,20.2996997058686
LKA,2025,,8.36247166017662,,,,5002.07904353724,4670.0,25.4401366461187,,,17.1158915361628,21756000.0,54.6309397511069,20.4501355167937
MAR,2010,95.7,11.9620812709231,2588544000.0,21147705257.8,27347978062.1,3067.9853515625,3190.0,23.7119126900355,52.0,70.821,14.8171920253699,32467016.0,47.166110243688,58.3287516486646
MAR,2011,96.1,12.0819026098454,2833303000.0,22484476062.8,30016607498.1,3301.98876953125,3260.0,24.5065191885483,46.107482597,71.263,14.6656401995519,32912588.0,48.2264357061115,58.902576690412
MAR,2012,96.4,11.3297511522793,3699330000.0,25195619067.0,33925181786.7,3164.17724609375,3230.0,24.2659773507632,55.4160531914894,71.674,14.3615270032686,33355241.0,49.1349653712344,59.4348555979895
MAR,2013,97.2,12.3583661932506,4767710000.0,28447684912.6,39430846407.3,3379.7431640625,3350.0,24.1531288845084,56.0,72.117,14.5581548719729,33787571.0,47.6140626235819,59.9083499302469
MAR,2014,97.3,10.3531465249527,4571947000.0,30346704874.3,43338961889.4,3435.40698242188,3330.0,25.8132675090419,56.7746379160074,72.522,15.3452879513188,34204780.0,54.7549862499925,60.3030486171654
MAR,2015,97.3,11.7961931846113,5615242000.0,31364909580.2,44625383212.7,3146.24780273438,3300.0,25.6226817262287,57.0799993486116,72.894,14.984152955286,34607588.0,52.2029571874719,60.6417124737154
MAR,2016,97.8,10.3219651103177,6488660000.0,31665368205.9,47831451631.0,3140.85546875,3150.0,25.685104578574,58.271236420398,73.228,14.7595291382492,35023457.0,53.3932404781727,60.9657656537179
MAR,2017,100.0,11.1602887992375,8110799000.0,35039776449.7,51358094284.0,3296.52661132813,3160.0,25.405454806575,61.7622120123071,73.608,14.5941970328011,35446392.0,53.0987601129781,61.2761057031842
MAR,2018,98.1,11.3055402401365,8700381000.0,33759318329.3,50686138658.3,3501.69799804688,3380.0,25.2413538068182,64.8038651924043,73.946,14.8703562557049,35839760.0,53.070813570865,61.5695822753314
MAR,2019,99.6,10.8424017370039,9035563266.2,36771963618.5,55279299519.3,3508.09765625,3510.0,25.2499524130611,84.1203630467602,74.245,14.7633235363387,36210898.0,53.4781212999139,61.8430450233765
MAR,2020,100.0,10.6636401420592,10008034741.3,43949181587.2,66009840918.5,3268.0302734375,3260.0,26.0436433872433,84.12036305,73.133,15.177396164956,36584208.0,53.1903022793513,62.0933436005366
MAR,2021,100.0,11.9779439009277,10101912286.6,42422152195.1,65687357710.1,3785.93627929688,3630.0,25.9539090511005,88.13031937,73.385,15.2356757950841,36954442.0,51.7882000339975,62.3173276600289
MAR,2022,100.0,9.79618893785634,9851394080.6,41285713704.7,64971802459.6,3463.1376953125,3700.0,26.0855513037114,89.9,75.161,16.0498493107438,37329064.0,54.4992684878357,62.5118468550703
MAR,2023,100.0,11.1311743840061,10440086135.0,45116709743.6,69632222212.5,3813.72607421875,3780.0,25.3229740167851,91.0,75.313,15.7918531548633,37712505.0,53.7147502674415,62.673750838878
MAR,2024,100.0,10.5673287621047,11477469444.3,45727304918.4,67993946129.4,4153.1943359375,3840.0,25.6379794827026,91.2,75.493,15.2654153716279,38081173.0,52.7268616776438,62.7998124018197
MAR,2025,,10.5468998514808,,,,4672.46826171875,4360.0,25.245138579595,,,14.931928471929,38430770.0,52.3067602231989,63.1278612260269
MDV,2010,99.0,5.63412062612204,115248000.0,627808485.7,913686330.3,7173.59601844692,6000.0,9.43175580619357,26.53,76.756,2.28771084825406,360792.0,77.6940062981947,36.7646137762553
MDV,2011,99.1,5.385634653611,41943000.0,675194502.3,880681947.2,7424.520410971,6720.0,10.0744819854785,34.0,77.141,2.58052904651449,373674.0,75.0633081409914,37.1274623517731
MDV,2012,99.2,5.19060478867434,93441000.0,720029097.0,939044142.8,7461.29703686309,6810.0,9.79079162730297,38.93009949,77.512,2.62452727488947,386818.0,75.4770286319992,37.475963433544
MDV,2013,99.4,5.41343405241382,44787000.0,874664509.8,1024556824.2,8236.08177944126,7050.0,8.05840306592254,44.09999847,77.847,2.11838215713654,400070.0,75.576223617033,37.8257075155926
MDV,2014,100.0,5.30718633604263,196214000.0,747031126.1,1101101172.9,8939.07416571472,7720.0,8.4139107553832,49.27999878,78.187,1.98497323914953,413617.0,75.405092890608,38.1938859868107
MDV,2015,99.8,5.53360361810085,150666000.0,685301024.0,1004002006.3,9644.90655028145,8210.0,10.7232266023621,54.4620018,78.607,1.92794348282613,428154.0,72.3765842355726,38.5771510715291
MDV,2016,100.0,5.62856345772863,84899000.0,911809213.8,1137521463.6,9947.80744731739,8720.0,11.2741492757581,59.47750092,78.913,2.07833683806784,443308.0,69.9439456799519,38.9560872317815
MDV,2017,99.8,5.27109968794242,108072000.0,1234062577.4,1465514069.7,10509.628805812,9400.0,11.4251984593511,64.95500183,79.228,2.18421103604745,458287.0,69.4930565365242,39.32787719143
MDV,2018,100.0,5.12400558285918,69370000.0,2003328191.8,2321198855.1,11423.2838427029,10220.0,13.0536487046675,70.93689728,79.433,2.19273569064963,473099.0,68.4267005521203,39.6923354428279
MDV,2019,100.0,4.49402391073316,103722000.0,2226513398.7,2674811758.5,11740.2724029785,10730.0,11.9425437773352,77.46970367,79.707,2.13121452981657,487731.0,71.2654681353912,40.0492764783282
MDV,2020,100.0,7.57494511363438,358842000.0,2851867493.6,3661325289.9,7393.8886543933,7050.0,12.5605139140038,79.09780121,78.713,2.6859682263453,502118.0,70.787997194807,40.3985147902839
MDV,2021,100.0,5.30620393459186,410954000.0,3134363053.7,4099470066.5,10176.143882547,9350.0,9.19229759630424,81.95760345,78.052,2.13594481648086,516154.0,73.1643124551169,40.7398648710483
MDV,2022,100.0,5.06182473582962,408990000.0,3067184961.1,3992801782.9,11786.0191492983,10570.0,9.9186172924346,83.91189054,80.76,1.99500404232389,524106.0,73.567430802867,41.0641769690663
MDV,2023,100.0,5.08184564628541,417710000.0,3417559679.4,3999770239.2,12587.6126038651,11130.0,9.64044735636074,84.55290222,81.041,1.96608425232466,525994.0,70.7639209152849,41.5096832933973
MDV,2024,100.0,3.84195892285095,352727000.0,4115745282.8,4692462747.8,13379.3513577224,11540.0,9.19750766656193,85.23999786,81.285,1.57825099733604,527799.0,72.0973260767818,41.9982152717385
MDV,2025,,4.59079378253004,,,,14614.7208116541,12950.0,9.33032179524073,,,1.78727619957572,529676.0,69.8585304596462,42.5061567995467
NPL,2010,68.6,33.1793784908122,,3507426942.0,3787483271.7,585.278491984574,530.0,14.2007622567226,7.93,66.772,5.94613900034709,27341952.0,46.3988379106184,62.0156581578338
NPL,2011,67.3,30.805485476422,,3528236477.6,3826237147.3,785.518656222132,620.0,13.3934706003613,9.0,67.123,5.39690252451741,27464494.0,47.9028529380012,63.139949798584
NPL,2012,75.2,30.0760569589773,,3493093677.2,3809914765.9,788.202937148377,750.0,13.9771618083831,11.14929962,67.364,5.78522283353524,27534915.0,47.987452587316,63.6558406194333
NPL,2013,77.4,28.6226575274714,,3574454955.3,4012919215.7,803.269595420477,840.0,13.798337565324,13.30000019,67.598,5.75041430553108,27589996.0,48.7552170087503,64.1314570156048
NPL,2014,84.9,27.4618953626735,43025000.0,3439771625.3,3980972649.0,821.455224911731,860.0,13.564565231944,15.43999958,67.812,5.61219115976027,27672370.0,49.5640197527913,64.5640847098488
NPL,2015,82.0,26.518508431071,56555000.0,3543267395.8,4142916401.3,875.543635474862,870.0,13.1616546305814,17.58160019,67.374,5.3560555553661,27823629.0,50.5398969851676,64.9510094249155
NPL,2016,90.7,25.5178753726064,82984000.0,3665275282.8,4297388214.0,877.256454696737,860.0,12.6554177698827,20.70000076,68.444,4.88818962559367,27955462.0,51.5980440895029,65.2895168835553
NPL,2017,86.6,23.6995484588973,74686000.0,4299444858.2,4963402939.1,1034.28374906846,970.0,12.8625858898462,24.3,68.74,4.85567399386538,28011258.0,51.8497822865927,65.5768928085184
NPL,2018,93.9,22.3346720502565,129349000.0,4973775948.4,5510938186.4,1179.19843190389,1120.0,13.2006396345706,28.60000038,69.036,4.90647453944016,28079689.0,51.5904434669289,65.8104229225551
NPL,2019,89.9,21.583372760027,118271000.0,5847252810.3,6515787783.1,1203.14294706401,1240.0,13.0106754137816,33.33660126,69.299,4.98144138801895,28414064.0,52.0227162622952,65.9873929484157
NPL,2020,89.9,22.1800901927916,118271000.0,7056767894.4,7905810313.0,1154.21517578318,1190.0,12.0473199260523,36.96530151,69.106,4.47485439163579,28966574.0,53.9388467417554,66.1050886088505
NPL,2021,89.9,22.0214522788058,166238000.0,7759291529.0,8820883327.7,1252.75076731986,1250.0,11.7920425516798,40.98910141,68.385,4.76603766540233,29475010.0,51.537232774772,66.144235274522
NPL,2022,91.3,20.9143699815129,271002000.0,7958378765.9,9183774214.5,1385.91066002922,1380.0,12.1812284731342,45.45080185,70.087,4.8320719144747,29715436.0,52.4250544391455,66.2992968721053
NPL,2023,94.0,21.2987131119062,213122000.0,8618871893.6,9982808324.0,1382.38300895424,1430.0,11.9717042539656,45.80680084,70.354,4.54032315308082,29694614.0,55.3711684725339,66.5432933453944
NPL,2024,97.9,21.6736520881574,114035000.0,8870826934.3,10152157325.7,1460.28237984149,1480.0,12.0569372675441,46.32189941,70.636,5.01008065501509,29651054.0,54.8909878849941,66.772343163029
NPL,2025,,21.5578137957376,,,,1535.87781246307,1570.0,12.0505423178616,,,4.98224395298016,29618118.0,54.3679395133002,66.999424884859
OMN,2010,100.0,1.24729891956783,,,,23570.1798147325,22510.0,63.2733093237295,35.8278,77.184,10.0456182472989,2757446.0,39.9391756702681,75.1579724666274
OMN,2011,100.0,1.10041680929465,,,,25188.0074151885,20820.0,68.1872487230601,48.0,77.74,10.4645309385257,3076763.0,37.0144775788817,75.6585803514688
OMN,2012,100.0,1.01551086474633,,,,24642.2978768596,21960.0,67.5378696587491,60.0,78.187,9.93224968534933,3547106.0,37.4757131338017,76.088156621068
OMN,2013,100.0,1.14226556083793,,,,23458.0233840053,22920.0,64.9283987461105,66.45,78.633,9.40793050398492,3833913.0,39.731466379799,76.4914234214313
OMN,2014,100.0,1.11270719472095,,,,23160.6502252547,22060.0,62.0562918738146,70.22000122,79.03,8.63119620231856,4002439.0,42.3134546107489,76.8892576748951
OMN,2015,100.0,1.72976080728779,,,,18808.3077921839,20560.0,53.0988656602003,73.52999878,79.346,8.91611568746014,4184895.0,50.1154825983089,77.3025363037955
OMN,2016,100.0,1.98532211721536,,,,17110.1897460545,18550.0,47.9402499394191,76.8453904741456,79.581,7.91428670336137,4390877.0,53.3326409803718,77.7521362304688
OMN,2017,100.0,1.98459925247834,,,,17820.0661809335,16640.0,49.5943955174432,80.18560028,79.748,8.4951784209409,4537396.0,52.0222326580764,78.3142260040136
OMN,2018,100.0,1.84942019099591,,,,19901.7615642016,17250.0,53.893815370623,85.5,79.864,9.09106412005457,4597877.0,47.5068212824011,78.9655839720276
OMN,2019,100.0,1.99471933938581,,,,19180.1864152801,17860.0,51.3792329456517,90.25939941,79.946,8.02938031979303,4591241.0,50.673372829997,79.5780017545962
OMN,2020,100.0,2.46923308847714,,,,16784.8630630058,17190.0,47.1477222892227,95.23229321,77.763,8.35606019076856,4522497.0,55.0241201622629,80.0176378922722
OMN,2021,100.0,2.39218489397188,,,,19403.4600160211,17910.0,51.9269716464141,95.23880005,75.969,9.40969740290684,4500424.0,49.1562425542054,80.1239942103569
OMN,2022,100.0,2.10827114663434,,,,23223.5829405935,19270.0,59.4852077730217,95.24530029,77.911,10.5205216106671,4730226.0,42.3261771279215,80.0117053152301
OMN,2023,100.0,2.41559858874993,,,,21027.7384572657,19950.0,55.3716024616708,95.25170135,80.031,9.3490459545157,5049269.0,45.3040383777307,79.5702973228932
OMN,2024,100.0,2.60311068780179,,,,20285.2272765262,19520.0,54.1653226583944,95.25174678,80.246,10.0021187664263,5281538.0,46.0137001295149,79.4440302814714
OMN,2025,,2.808326710845,,,,19947.3966227092,,52.7418073331056,,,9.38083990233894,5494691.0,47.2079659880665,79.4781383307689
PAK,2010,87.1,22.6888101741789,4473000000.0,44009893158.0,63407877831.5,987.304571124485,1000.0,20.9650197800876,8.0,64.378,13.0355003666411,199239047.0,52.5995937357421,34.8159187475539
PAK,2011,87.8,23.819642978628,5759000000.0,45671141485.3,65010917821.7,1131.73513834324,1020.0,21.1864809532945,8.0,64.659,13.3811359313224,203746065.0,51.8065797217263,35.0113675889897
PAK,2012,88.6,23.3861955340345,5618000000.0,46547938873.7,63876676495.3,1204.36475491585,1110.0,21.9583720724829,8.100000381,64.883,13.7390762104055,207667125.0,51.5898687341456,35.2160229383731
PAK,2013,89.3,23.7075945934908,4813000000.0,45641931323.2,60219473309.0,1225.4340119198,1210.0,20.8910295084645,9.0,65.129,13.3207628541452,211073978.0,51.878053333919,35.4315352494366
PAK,2014,90.1,23.4927320097855,4727000000.0,49066936677.6,64281642245.6,1266.61340849959,1250.0,20.8659912298838,10.0,65.374,13.4140262892618,214264647.0,51.5633070162566,35.6595549759128
PAK,2015,91.0,23.2628407756242,4739000000.0,51101857664.9,68673371108.6,1380.47020838317,1280.0,19.602614668814,11.0,65.641,12.3014420948153,217290883.0,52.6865814332807,35.9017325715342
PAK,2016,91.8,22.3283302035697,6124753000.0,54652329578.0,75132689979.4,1424.69161195897,1360.0,18.1501179723214,12.385446763381,65.943,11.2109167506518,220138869.0,52.747401539414,36.1597184900333
PAK,2017,92.7,21.9632035366872,9927180000.0,66779643221.1,93080292741.6,1519.23459514248,1450.0,18.0993270885214,13.77999973,66.223,11.2993459112201,223273967.0,53.249254299638,36.4351548223399
PAK,2018,93.4,21.6512353593957,11686557000.0,73069991463.5,100120484567.5,1569.33814626355,1560.0,18.5890515927482,15.34000015,66.481,11.6027431620618,226928892.0,52.9323158239348,36.7478511550359
PAK,2019,93.9,20.6778713222887,14428357000.0,78316101524.1,110097413225.2,1390.41690981745,1520.0,19.5638945814483,17.070901719916,66.729,12.5872745902299,230800899.0,53.6204826290348,37.1091631735769
PAK,2020,94.5,21.8541325548966,14908526000.0,86908003281.9,117948502847.7,1278.39735206896,1370.0,18.5894635445816,18.935,65.701,11.4160734292379,235001746.0,53.680280706041,37.5080192948099
PAK,2021,94.9,22.6625080760743,15545345000.0,95292897342.3,130752452005.8,1455.31922370186,1420.0,18.8964082009484,,65.773,11.9347162169362,239477801.0,52.0255067386808,37.9333395514173
PAK,2022,95.0,22.3268646996031,16197875000.0,91113642059.5,127601482349.2,1538.3228133171,1510.0,20.4125955543613,,67.417,13.7586338644974,243700667.0,52.2312939861803,38.3740439760816
PAK,2023,95.6,23.426703596366,17452102000.0,93096118695.6,131021002940.1,1360.32417758419,1450.0,20.718694602313,,67.649,13.6467934627786,247504495.0,50.9693352713894,38.8191861872791
PAK,2024,95.7,23.7319671905124,18232066000.0,89555608082.9,129717513746.7,1479.47755241191,1430.0,20.281782302625,57.253,67.799,13.1475520639224,251269164.0,50.7097455434804,39.1734368360905
PAK,2025,,23.0212949096389,,,,1595.90912252837,1500.0,20.0628227554558,,,13.0208748319536,255219554.0,50.9274184497786,39.5256010979606
PSE,2010,99.9,9.00273717915612,,,,2557.07562356699,2510.0,18.6262459329649,37.40000153,73.302,12.2295098899964,3786161.0,57.6987037132676,83.8853491139676
PSE,2011,99.7,8.34249649118102,,,,2880.79843707909,2880.0,18.9342129964867,41.08000183,73.557,11.469591725445,3882986.0,60.2175914751343,84.2340950604341
PSE,2012,99.8,8.10589430228367,,,,3067.43872735614,3210.0,20.2360669702828,43.4,73.722,13.1106451295829,3979998.0,59.9775564365519,84.5465135943222
PSE,2013,99.9,7.59868299359994,,,,3315.29753909282,3470.0,18.5586918722948,46.59999847,74.14,11.898930857164,4076708.0,60.7687469941919,84.8178459889593
PSE,2014,99.9,7.83505007255338,,,,3352.11259506043,3560.0,17.9717935338142,53.6651997924171,72.781,10.7507666354532,4173398.0,61.4273358256431,85.0433335176723
PSE,2015,99.9,7.40889181529301,,,,3272.15432360708,3670.0,16.4252383269875,56.70000076,74.577,9.32123328848301,4270092.0,61.6830322636054,85.2182174537886
PSE,2016,100.0,7.60382722941306,,,,3527.61382413178,3900.0,17.2627779869396,59.90000153,74.917,10.0263543952121,4367088.0,60.9565477040518,85.3377390706351
PSE,2017,99.9,7.0405505952381,,,,3620.36048715937,3930.0,19.2317708333333,63.29999924,75.216,11.655505952381,4454805.0,58.9961557539682,85.3782255354
PSE,2018,100.0,7.3596451347333,,,,3562.33094270256,4190.0,19.2841256773528,64.3999937114499,75.38,11.5472518830714,4569087.0,59.977513731369,85.5351131070872
PSE,2019,100.0,7.05401698427058,,,,3656.85827137011,4200.0,18.4328946216476,70.6225837001758,75.811,11.2347156156069,4685306.0,61.1095222809117,85.8136174183656
PSE,2020,100.0,7.10160510439939,,,,3233.56863835858,3700.0,17.0283999819724,76.18160248,74.998,11.0470843500711,4803269.0,60.5516459885267,86.0741183743925
PSE,2021,100.0,6.31674857805511,,,,3678.63565662194,4270.0,17.6851289414104,,73.89,11.1933292837815,4922749.0,60.0751007786184,86.334956387337
PSE,2022,100.0,5.74521927421669,,,,3799.95527015163,4720.0,17.3927108606611,88.64690554,76.662,11.1956379953562,5043612.0,58.3308549216039,86.5961423216016
PSE,2023,100.0,4.87628185520872,,,,3607.41611858821,4450.0,16.6728378168081,86.63765334,65.17,11.003965634743,5165775.0,58.8003284125119,86.8576870415886
PSE,2024,100.0,5.52041905737065,,,,3028.25481286981,2980.0,16.2522086046613,,69.213,11.3180453146364,5289152.0,60.2089043447858,87.1196014117004
PSE,2025,,,,,,3171.10844621579,3250.0,,,,,5413596.0,,87.3818962963393
QAT,2010,100.0,0.117906662714488,,,,77387.2936379616,71900.0,68.1070162149107,69.0,79.444,8.96529767589939,1616832.0,33.7364555544577,98.5066232166665
QAT,2011,100.0,0.0966101306365461,,,,103261.510293068,82960.0,73.2142681700731,69.0,79.994,9.4627166768735,1624761.0,28.5571358862424,98.6300610210909
QAT,2012,100.0,0.0941964622110214,,,,108470.378825036,92750.0,73.4691607623801,69.3,80.499,10.5240057860378,1722438.0,28.4828037155017,98.7428010471968
QAT,2013,100.0,0.0960229515645713,,,,103697.008372373,96070.0,71.7682513257109,85.3,80.974,10.2049904181882,1916426.0,30.3224172454025,98.8357621827901
QAT,2014,100.0,0.117168462919326,,,,95840.6310094498,91410.0,69.7579474572513,91.48999786,81.395,10.1421524949587,2151745.0,32.8508108629948,98.901627838826
QAT,2015,100.0,0.161318389310859,,,,68985.2946961507,80090.0,57.4407932011631,92.8848264535481,81.785,8.91552530998815,2344557.0,46.0682464857373,98.9382407681154
QAT,2016,100.0,0.183872269651982,,,,61253.6375482797,69170.0,53.2052600553192,95.1246621661148,82.147,8.47608042005157,2477113.0,50.7781031848514,98.9855265345423
QAT,2017,100.0,0.214741536757396,,,,63279.8556949332,60920.0,56.6879653169453,97.3888491654164,82.458,8.04717029814568,2545820.0,47.3003409753676,99.0310125265978
QAT,2018,100.0,0.218257646242842,,,,71039.8490579352,63410.0,60.3815234948425,99.6528491261175,82.714,8.23742387263655,2580734.0,43.0924167580024,99.0755684762244
QAT,2019,100.0,0.260005315111579,,,,66841.3013484919,65700.0,57.1645660780351,99.6528042086389,82.945,8.33357267713641,2638657.0,46.4545282398717,99.1191696672067
QAT,2020,100.0,0.338750396492592,,,,51683.5054376677,57730.0,52.333430723643,99.65284913,80.409,7.91126040626678,2794148.0,52.7438680452718,99.1617913833034
QAT,2021,100.0,0.298239680088491,,,,71751.8831257169,66970.0,59.9840087955078,99.65280151,81.083,8.76190774011637,2504910.0,44.7688209283227,99.203408908243
QAT,2022,100.0,0.256559617750539,,,,88701.463352273,71050.0,65.3488994932063,98.03800201,81.857,9.28538916332181,2657333.0,38.5414362733182,99.243997525719
QAT,2023,100.0,0.292779131249811,,,,80195.8746508549,79430.0,60.3680507871752,98.15229797,82.368,8.66470474736787,2656032.0,45.280617448803,99.2835325193835
QAT,2024,100.0,0.29060905968663,,,,75685.0865779973,76570.0,58.7650131078911,98.08540344,82.522,8.18036559839047,2857822.0,45.3465716259882,99.3219891728394
QAT,2025,,0.30600137388372,,,,72524.9066385222,74330.0,57.0431932218338,,,7.87893000202641,2972215.0,47.0101970720218,99.3593427696312
SAU,2010,100.0,2.61912238524459,,,,22028.3901426586,21820.0,58.0314401714882,41.0,75.616,10.8283714782777,23978487.0,38.6088698481102,82.0791668544465
SAU,2011,100.0,2.15288829129967,,,,27126.7498747702,24110.0,63.0803869808085,47.5,75.808,9.93626585616017,25091867.0,34.0894612999603,82.2543876159947
SAU,2012,100.0,2.06209514825132,,,,28733.4375513452,27610.0,61.9428982819125,54.0,76.09,9.75495663553457,26168861.0,35.2326927816917,82.4311918025358
SAU,2013,100.0,2.14783287096443,,,,27865.465604962,28620.0,58.9702568849547,60.5,76.517,10.0246519761767,27624004.0,38.1484481310781,82.6071884619102
SAU,2014,100.0,2.27940419211986,,,,27805.4850319422,29080.0,56.1653404810043,64.713657369019,77.116,10.9905942901745,28309273.0,40.7584259766165,82.7822571294871
SAU,2015,100.0,2.75387031670143,,,,23256.1549553531,26580.0,44.6011697093878,69.6162358014004,77.776,13.0972378614193,29816382.0,51.6451922544441,82.9562773406163
SAU,2016,99.9,2.91802299444676,,,,22267.7217050387,23940.0,42.5305962013279,74.8792746891625,78.354,13.5336300941118,30954198.0,53.5509157775579,83.129128630626
SAU,2017,100.0,2.83525700890872,,,,23929.2907135982,23130.0,44.8899324686986,94.1755996113911,78.721,13.4207489311981,30977355.0,51.4336551370844,83.300690534822
SAU,2018,99.9,2.41396154385256,,,,29360.0658968566,26570.0,49.0147439495304,93.3100018480347,78.75,12.6216605937885,30196281.0,46.0223400101906,83.4708425884849
SAU,2019,100.0,2.45384656461481,,,,29566.7933827436,29140.0,45.7234459871756,95.7247355953812,78.313,12.8691119832432,30063799.0,49.0640913102722,83.6394643268678
SAU,2020,100.0,2.95556974627207,,,,24338.8307301067,26940.0,38.3004545080469,97.8623325,77.596,13.3861630791123,31552510.0,54.5874963582755,83.8064352851942
SAU,2021,100.0,2.44812792691627,,,,31920.7653655643,30480.0,45.957331100123,100.0,77.089,14.1394021512741,30784383.0,45.8018349629672,83.9716349986538
SAU,2022,100.0,2.21479159080364,,,,38510.2276211037,35110.0,53.1237705884733,100.0,77.31,15.1155743681524,32175224.0,40.2066530479076,84.1349430023993
SAU,2023,100.0,2.45769245330047,,,,36156.8562500172,36330.0,47.6052986491653,100.0,78.732,15.8916802507302,33702731.0,44.7549539980038,84.2962388315415
SAU,2024,100.0,2.50674671722133,,,,35527.786181866,35990.0,45.1706857794595,100.0,78.982,16.1043055665414,35300280.0,46.8660828725664,84.4554020211443
SAU,2025,,2.58995651280475,,,,34536.6555456551,36070.0,42.9716932273246,,,15.8166504334519,36973555.0,48.9257259421251,84.6123121062185
SDN,2010,36.0,30.6000000071348,,14637724839.5,22592936139.0,1305.63598632813,1230.0,20.4000000028071,,62.979,,35414399.0,49.0000000134509,32.7174026591513
SDN,2011,38.3,30.599999994069,,15288269758.4,21460776765.5,1332.6572265625,1250.0,20.3999999944516,,63.181,,36140806.0,48.9999999923471,32.9059760141986
SDN,2012,40.7,30.5999999961027,,15874514614.6,22078256122.2,1019.22210693359,1120.0,20.4000000003543,,63.427,,36923178.0,48.9999999946855,33.1425561614901
SDN,2013,43.1,30.6000000025472,,16561478718.8,22721571815.8,1138.62780761719,1060.0,21.1000000025472,,63.443,,37785849.0,48.3000000076415,33.4264777958103
SDN,2014,44.9,31.9000000019741,,16051543055.5,21971930557.2,1275.43835449219,1130.0,16.0000000018153,,63.99,,38823318.0,52.1000000052871,33.7624582408117
SDN,2015,48.0,31.3999999994923,,15945652458.2,21657638751.4,1292.37963867188,1180.0,15.4000000002734,12.0,64.375,,40024431.0,53.2000000002343,34.0914394628597
SDN,2016,50.5,31.6000000015638,,15690345595.1,21361100515.0,1033.21594238281,1140.0,16.9000000015638,14.0999999446534,64.677,,41259892.0,51.5000000031277,34.1881958841213
SDN,2017,53.0,31.7999999982698,,15985743591.0,21969836080.4,966.505676269531,1010.0,17.2999999991349,18.60000038,65.146,,42714306.0,50.8999999979814,34.2872225663509
SDN,2018,55.3,21.999999999848,,15762241860.1,21804346688.2,731.027465820313,810.0,20.6999999991489,,65.501,,44230596.0,57.2999999987234,34.382054222005
SDN,2019,57.6,20.19999999954,,16793947292.9,22843739036.9,709.975280761719,720.0,21.7999999999489,,65.803,,45548175.0,57.9999999994889,34.4727685824236
SDN,2020,59.7,20.4,,17084249810.0,23811151810.3,577.795227050781,600.0,21.5,,65.124,,46789231.0,58.1,34.5594433789246
SDN,2021,61.8,20.1999999999641,,15611116404.8,22976037485.2,712.122009277344,620.0,22.5000000000373,,64.46,,48066924.0,57.2999999999985,34.6421563427994
SDN,2022,63.2,26.4,,15252751360.9,22440226840.5,1046.24084472656,720.0,22.2,,65.695,,49383346.0,51.4,34.7209852053086
SDN,2023,66.0,30.2756760075975,,15364275697.1,22580297676.7,797.283447265625,660.0,28.3364187359122,,66.331,,50042791.0,41.3879052564524,34.7960076976764
SDN,2024,66.0,22.1813816000123,,14950741401.7,22020660462.5,984.607666015625,710.0,23.1519847472415,,66.521,,50448963.0,54.6666336526563,34.8673015510839
SDN,2025,,29.3570939629694,,,,1164.53991699219,900.0,33.649840671597,,,,51662147.0,36.9930654771171,34.9349444966605
SOM,2010,52.3,,,1878881910.7,2934384056.4,219.202453852397,290.0,,,48.9,,12261756.0,,38.5735080618592
SOM,2011,52.0,,,1878598214.9,2940364939.5,235.325945610434,250.0,,1.25,32.453,,12348830.0,,39.380318284448
SOM,2012,51.8,,,1870340509.2,2940422478.5,350.261946720512,280.0,,1.376700044,49.138,,12461160.0,,40.2722730087349
SOM,2013,51.5,,,1860267126.4,2938896763.1,393.398703952979,340.0,,1.5,54.016,,12869594.0,,41.2593474250273
SOM,2014,51.4,,,1799261700.8,2837118511.5,429.431656725102,410.0,,1.629999995,54.442,,13339491.0,,42.3515167236328
SOM,2015,51.2,,,1758825813.2,2770590306.7,445.583080073396,440.0,,1.75999999,55.056,,13806963.0,,43.8618107408479
SOM,2016,51.1,,,1743889509.0,2744666127.8,460.928490585175,450.0,,1.879999995,55.283,,14348740.0,,45.942842729174
SOM,2017,52.1,,,1785660135.5,2838649115.2,510.939952317726,500.0,,,52.19,,14916629.0,,48.3639630032265
SOM,2018,50.7,,,2050509722.3,5313257657.7,509.497273804534,510.0,,,54.767,,15452487.0,,50.9506215336872
SOM,2019,49.2,,,2049354387.5,5374181112.2,539.954816211694,520.0,,2.731400013,57.249,,16030971.0,,51.6421170703225
SOM,2020,49.9,,,2608537202.3,4591822809.5,518.16113333875,500.0,,15.02369976,57.095,,16651191.0,,52.286318011754
SOM,2021,49.3,,,2313140392.5,4142587646.4,549.056994756254,540.0,,23.87479973,55.703,,17271431.0,,52.9060649733324
SOM,2022,48.9,,,2311352699.3,4095256883.7,573.141165798229,570.0,,27.6,53.931,,17801897.0,,53.5010115886789
SOM,2023,50.3,,,2019304877.2,3093994159.7,596.885985135589,600.0,,26.12010002,58.816,,18358615.0,,54.0714435506882
SOM,2024,54.4,,,663722400.9,1799443760.8,629.538899449007,620.0,,27.94020081,58.967,,19009151.0,,54.6176465524521
SOM,2025,,,,,,661.173877723116,640.0,,,,,19654739.0,,55.1399062872976
SSD,2010,1.5,5.29379348275505,,,,1498.27034985194,,61.1436996609911,,57.485,2.33112377386204,9745953.0,33.5625068562538,17.535620199576
SSD,2011,2.8,4.67693681681883,,,,1448.98435006408,770.0,61.2256432446357,,57.674,2.06310989233561,10288109.0,34.0974199385455,17.7817678106789
SSD,2012,3.3,6.17613217428162,,,,1109.26050083408,800.0,51.1502922242999,1.5,58.241,2.71597155176802,10756240.0,42.6735756014185,18.0321885447664
SSD,2013,3.8,9.635809346303,,,,1650.18943353528,1080.0,22.2248278451082,2.200000048,58.285,4.01725107910169,11166275.0,68.1393629925541,18.2868996493633
SSD,2014,4.3,7.59650844428456,,,,1242.73450181032,1170.0,46.6994007328919,2.599999905,45.625,2.67583561781046,11235073.0,45.7040840248141,18.5459183719929
SSD,2015,4.8,10.3550274477245,,,,1080.14718624765,1050.0,33.0945353993221,3.0,39.757,3.53427701123526,11107561.0,56.5504512594544,18.8092619601773
SSD,2016,5.3,,,,,,,,3.5,36.72,,10830102.0,,19.0769476614377
SSD,2017,4.2,,,,,,,,4.1,35.351,,10259154.0,,19.3489927232944
SSD,2018,6.3,,,,,,,,4.800000191,51.905,,10122977.0,,19.6254143932663
SSD,2019,6.8,,,,,,,,6.671000004,58.129,,10423384.0,,19.9062299188719
SSD,2020,7.3,,,,,,,,,57.648,,10698467.0,,20.1914565476286
SSD,2021,7.7,,,,,,,,,57.047,,10865780.0,,20.4811115270532
SSD,2022,8.4,,,,,,,,,57.203,,11021177.0,,20.7752121046616
SSD,2023,5.4,,,,,,,,,57.617,,11483374.0,,21.0737755279692
SSD,2024,5.4,,,,,,,,,57.738,,11943408.0,,21.3768190444906
SSD,2025,,,,,,,,,,,,12188788.0,,21.6843599017401
SYR,2010,92.7,19.4389724414256,,4284407470.4,5276579226.5,2730.61487784917,2480.0,30.4265229777175,20.7,73.542,,22482421.0,50.1345006747884,55.6962002889119
SYR,2011,91.5,20.6469030981773,,4005638608.3,4980444783.4,2952.14372909443,2600.0,33.7332113590303,22.5,72.259,,22878098.0,45.6198775698793,58.4817704183521
SYR,2012,90.7,23.432298282026,,3955480469.3,4748208496.5,1897.66115018696,1980.0,25.0488124668991,24.30010033,66.206,,22759763.0,51.5188892510749,65.0896662830335
SYR,2013,90.4,25.1049303727798,,3906412593.0,4765860589.2,985.892669221634,1270.0,23.193609016883,26.20000076,65.146,,21666917.0,51.7014606108871,73.0620491886137
SYR,2014,90.2,26.8601256182656,,3671617520.3,4608449443.0,1060.59105887433,1070.0,19.4952280331484,28.09000015,65.492,,20273659.0,53.6446463480406,76.0
SYR,2015,90.0,33.1304655969871,,3528277984.4,4419183536.1,847.731545352582,900.0,15.4913376113713,29.97979927,63.265,,19424618.0,51.378207005958,75.7529067188542
SYR,2016,89.8,34.1668749627531,,3497197361.4,4367932030.6,656.349017520952,750.0,16.2367806484668,31.8696003,65.19,,19193834.0,49.5963506522692,75.15400963398
SYR,2017,89.6,40.6356090849324,,3653664156.6,4603897926.4,851.501972646386,720.0,17.2068655661833,32.70000076,65.651,,19224668.0,42.1575291783254,74.5395596323392
SYR,2018,86.0,39.0098877578608,,3647090821.1,4583582193.9,1098.06667935023,810.0,18.4959547270984,33.77000046,67.371,,19577845.0,42.4941743524037,74.0612602381775
SYR,2019,89.2,40.7410419328786,,3634865796.6,4590239653.7,1109.53933821464,970.0,15.9160457378987,,70.97,,20353534.0,43.3429053124234,73.8248788261986
SYR,2020,89.0,32.652890568598,,3751183313.2,4763247277.8,593.911771822527,820.0,20.3249119843557,,71.944,,21049429.0,43.3926209655976,73.4125031102512
SYR,2021,88.8,38.6743054965317,,3632210267.2,5028598331.8,688.566109726934,730.0,17.9924214597196,,72.418,,21628839.0,39.709530360564,73.0125007629395
SYR,2022,89.0,42.8517272820162,,3497976516.6,4862033265.3,1056.78264718197,720.0,11.9429158166427,,72.79,,22462173.0,44.7217048163099,72.6124992370605
SYR,2023,88.4,,,3501530080.5,4875542720.1,,,,,72.12,,23594623.0,,72.1673803143204
SYR,2024,89.3,,,3409607147.6,4756737935.6,,,,,72.56,,24672760.0,,72.0761345758254
SYR,2025,,,,,,,,,,,,25620427.0,,72.0836286208518
TUN,2010,99.5,6.846146170059,2402000000.0,14858476120.7,22659417009.8,4291.86120891575,4140.0,29.5235517709565,36.8,74.438,15.7239104074122,10765980.0,55.8976948687167,66.6280059814453
TUN,2011,99.5,7.57684450427472,2392823000.0,15105548793.6,22866532270.0,4420.64772206537,4060.0,30.54812597421,39.1,74.471,15.9695160833215,10886035.0,56.8340831798214,66.9191886197857
TUN,2012,99.5,8.30025725587419,2094045000.0,16673642183.1,25416510709.4,4297.26782454273,4250.0,30.1215368230456,41.4416008,74.599,15.4349464715618,11009647.0,57.0947002042078,67.2098922729492
TUN,2013,99.7,7.96930864809374,2186154000.0,16932035346.1,26262224742.9,4369.79345826358,4300.0,29.1379467288349,43.79999924,74.674,15.008243022509,11141361.0,58.023672140101,67.4999542236328
TUN,2014,99.8,8.57165956609159,2214288000.0,16999315978.6,27595974477.9,4458.97895464547,4310.0,27.1288836396189,46.15999985,74.784,14.5464536962829,11274288.0,57.5059874486204,67.7524643379101
TUN,2015,99.9,9.20589918732503,1747482000.0,18107330835.0,28197062216.1,4014.94773686432,4130.0,24.8970515198959,46.4999943435776,74.875,14.0105698969513,11402264.0,58.9457719298636,67.8807907104492
TUN,2016,100.0,8.52541115305462,2241697000.0,18604389072.9,29527167044.6,3847.80354448809,3930.0,24.0076023041992,49.5999948415756,75.007,13.8091385069721,11528674.0,59.7022255944941,68.0623356528248
TUN,2017,100.0,8.986045690927,1887904000.0,22262507705.6,33714237269.7,3619.03247319953,3700.0,23.624101204276,55.5001550633671,75.177,14.2010459605045,11650498.0,60.2679109708219,68.2877807617188
TUN,2018,99.8,9.88852551876126,2332138000.0,22539677597.3,35245100362.9,3628.10366464236,3700.0,23.6862252235906,64.1908102327387,75.37,14.5169070367437,11765514.0,59.4591341366813,68.5485240272509
TUN,2019,100.0,9.76625873287072,2879075000.0,23782583917.9,40224514020.4,3528.87213306798,3590.0,23.2353115777678,66.6999983024144,75.599,14.3189397678933,11875081.0,59.9417090281883,68.8206382576031
TUN,2020,99.9,10.3917002295357,2743962000.0,25777508357.7,41977373872.0,3548.65363663803,3270.0,21.5120069019708,68.55639648,75.004,13.6939016134445,11974057.0,60.1899882930928,69.1043166438476
TUN,2021,99.9,10.0900379034943,2984575000.0,23152380435.2,43022033493.3,3906.93926319391,3640.0,23.3568690771039,68.31552226,72.893,14.4468111955945,12048622.0,59.5291634928382,69.3997523770568
TUN,2022,100.0,10.8217247722212,2573909000.0,21634288205.9,41041206300.8,3707.29283414381,3890.0,25.9624438396638,,76.05,15.6275077181244,12119334.0,61.0687406100635,69.707138648303
TUN,2023,100.0,9.47367928951245,2028880000.0,22062431548.0,42407399347.3,3951.11683376921,3850.0,24.0937583898893,,76.508,15.1735279542762,12200431.0,62.0931279377135,70.0266686486584
TUN,2024,100.0,9.73863393101929,1686252000.0,20816257886.5,40459855368.3,4187.64079392362,3880.0,22.5572512872385,76.5,76.711,14.7948868494485,12277109.0,62.6074263616937,70.3585355691955
TUN,2025,,10.2934775669857,,,,4656.63818386852,4300.0,21.9594574988538,,,,12348573.0,62.6905689065828,70.7029326009864
TUR,2010,100.0,8.90737962747164,123079892000.0,93288915227.7,316646701767.8,10698.9699409757,10460.0,24.5086143505767,39.82,74.964,15.1158365547928,73142150.0,54.658291110913,69.3471253941487
TUR,2011,100.0,8.1265846445357,124266780000.0,95252921923.9,320983526166.8,11373.6355760885,11260.0,26.8475365830986,43.065710430925,74.823,16.5303098311021,74223629.0,53.1764169502883,71.0028723528334
TUR,2012,100.0,7.658344974583,135971404000.0,100270473605.7,353395551599.8,11776.7593362033,11950.0,26.6835564000517,45.13,75.552,15.9402307745547,75175827.0,54.0902575185714,73.7788680234324
TUR,2013,100.0,6.64997261417217,152129766000.0,106494108329.7,402178071207.6,12635.5570016068,12640.0,27.7513691316392,46.25,76.171,16.4008846890319,76147624.0,53.3643455931878,78.5218368384696
TUR,2014,100.0,6.53828042868413,163964561379.3,105783973059.7,413804313727.1,12209.3862327674,12670.0,28.1981753928692,51.0373665521645,76.452,16.9058575089632,77181884.0,53.828575166833,83.6024850744433
TUR,2015,100.0,6.87689834308907,190050081087.1,103604345502.1,399458974329.3,11064.6494504662,12080.0,27.9632974104138,53.7449791423583,76.539,16.7689719715354,78218479.0,53.3668283175625,87.2167107972537
TUR,2016,100.0,6.26556196399699,199010589000.0,108554426434.3,398941852378.3,10984.3643169061,11350.0,28.3385128402288,58.3477340145685,76.595,16.8380121277676,79277962.0,53.6443880043807,88.1020958581776
TUR,2017,100.0,6.19642323537778,217330837000.0,118859529273.6,446932919001.7,10756.3877677883,11140.0,29.0347245862534,64.6846176835371,77.037,17.5741769956451,80312698.0,53.5617425067038,88.0320472717286
TUR,2018,100.0,6.00418639185492,208774772000.0,123460831967.2,425763850698.8,9684.11819884721,10760.0,29.1851848904908,71.0427608433809,77.454,18.9095014162052,81407204.0,54.6144926867008,88.1655749576173
TUR,2019,100.0,6.6541535628227,188413329000.0,129002102130.3,414340675661.9,9395.23378001368,9970.0,27.0679926930773,73.9767022871511,77.737,18.2598551795211,82579440.0,56.5329774818317,88.6618152857124
TUR,2020,100.0,6.89122590909685,178487661000.0,138031426646.0,429283302461.7,8798.11791709313,9330.0,27.7974533640579,77.6695605,76.525,19.0347706467316,83384680.0,54.5738221616136,88.9303114965222
TUR,2021,100.0,5.70488171636816,171073962000.0,138015682050.1,434872791578.9,9981.76398411336,10230.0,30.8205598235418,81.40843745,75.722,22.1239158921094,84147318.0,53.1953606066903,89.1762048153239
TUR,2022,100.0,6.69360961922604,161743923000.0,139061189036.2,455963245504.7,10897.8397861365,10870.0,30.890102398727,83.43716576,77.591,21.8019507331825,84979913.0,52.1784720579494,89.0381164550781
TUR,2023,100.0,6.38984597795627,169021289000.0,148507676149.4,499814231476.7,13375.0947282864,11980.0,28.1932800305474,85.96074155,77.156,19.4686514459728,85325965.0,54.3519824455967,89.0218446796121
TUR,2024,100.0,5.82042467876951,172507248000.0,157127934803.6,514989218110.8,15892.7157287241,13430.0,25.5035682450148,87.3078767,77.421,16.8424801408013,85518661.0,57.5212773580131,89.3443122873887
TUR,2025,,5.20951196750004,,,,18599.4420922378,16300.0,24.0232052689053,89.77024003,,,85878556.0,59.4243639680082,89.494060002186
YEM,2010,60.8,9.87370902755356,,5944744525.7,6504445072.0,1155.20305261418,1040.0,52.9607477523107,12.35,67.223,,26754387.0,33.1655432216092,30.6232848305331
YEM,2011,62.0,9.75264427533183,,5887842504.5,6429107186.2,1186.47500581215,930.0,53.1065650909838,14.90499973,67.412,,27582897.0,33.1407906336272,30.9237389467026
YEM,2012,52.4,16.9903322750241,,6942115606.1,7585844974.3,1245.05068272078,1080.0,39.7484554361741,17.44650078,67.569,,28433647.0,39.2612122878001,31.2031839858628
YEM,2013,75.6,17.6849846837323,,6924480065.5,7688888675.9,1378.75002954928,1230.0,38.9944141504647,20.0,67.961,,29312952.0,39.3206011649279,31.4427187944215
YEM,2014,66.1,17.6765738204232,,6861844490.7,7723142216.8,1430.16420964026,1250.0,39.8882580148089,22.54999924,68.003,,30226309.0,38.4351681646387,31.8626162180918
YEM,2015,67.4,20.2059373997207,,6476660913.3,7298886699.6,1362.1738120601,1030.0,33.866159352981,24.08539963,66.761,,31159379.0,41.9279032478698,32.3883178702702
YEM,2016,68.9,25.0909130885165,,6322415766.8,7062871730.7,975.359417003225,970.0,25.9022680665842,24.57920074,67.105,,32109010.0,45.0068188448993,32.9512008005236
YEM,2017,79.2,26.9610663621827,,6316885577.2,7193099657.9,811.165970405745,880.0,25.9240409654207,,67.12,,33090921.0,43.114892673396,33.5586912522175
YEM,2018,62.0,28.7451403146812,,6205138005.7,7036509959.0,633.887202451545,740.0,25.4429978433173,,65.915,,34085182.0,41.8118618427961,34.2106045810864
YEM,2019,72.8,,,6188033657.6,7055219065.7,,,,17.49099922,66.567,,35111408.0,,34.9067561732024
YEM,2020,73.9,,,6251311659.2,7120836024.2,,,,,66.435,,36134863.0,,35.7025604580302
YEM,2021,74.9,,,6107650687.0,7601630730.3,,,,,66.019,,37140230.0,,36.0704951256305
YEM,2022,76.0,,,5895706365.7,7351067998.2,,,,,67.952,,38222876.0,,36.3226310308295
YEM,2023,83.6,,,5814628864.4,7283022249.3,,,,,69.295,,39390799.0,,36.5707979836506
YEM,2024,86.3,,,5664615782.8,7086874767.4,,,,,69.439,,40583164.0,,36.8077517596594
YEM,2025,,,,,,,,,,,,41773878.0,,37.0336664607078
