country_code,year,refugees_from,idps_from,asylum_seekers_from
IRN,2015,84950,0,57081
IRN,2016,94102,0,87535
IRN,2017,118639,0,75079
IRN,2018,129941,0,87367
IRN,2019,128998,0,86093
IRN,2020,135018,0,77229
IRN,2021,142994,0,68940
IRN,2022,122764,0,69237
IRN,2023,151757,0,63959
IRN,2024,158171,0,61176
IRN,2025,157912,0,49263
IRQ,2015,264086,4403287,237168
IRQ,2016,316056,3604285,278367
IRQ,2017,362536,2615988,272627
IRQ,2018,372332,1802832,256716
IRQ,2019,336274,1414632,302731
IRQ,2020,333200,1224108,272567
IRQ,2021,343899,1186556,254454
IRQ,2022,287446,1168619,228961
IRQ,2023,329032,1123663,192202
IRQ,2024,305504,1031475,151623
IRQ,2025,270671,997334,96887
ISR,2015,787,0,379
ISR,2016,487,0,548
ISR,2017,469,0,691
ISR,2018,492,0,683
ISR,2019,452,0,690
ISR,2020,373,0,663
ISR,2021,453,0,807
ISR,2022,902,0,813
ISR,2023,855,0,1232
ISR,2024,1307,0,1659
ISR,2025,1265,0,897
JOR,2015,1836,0,1829
JOR,2016,1919,0,2433
JOR,2017,2119,0,3467
JOR,2018,2430,0,4119
JOR,2019,2308,0,4722
JOR,2020,2486,0,4984
JOR,2021,2981,0,5795
JOR,2022,3550,0,5667
JOR,2023,3978,0,8207
JOR,2024,4990,0,14273
JOR,2025,5471,0,10736
LBY,2015,6077,434869,6042
LBY,2016,8831,174510,6521
LBY,2017,11205,180937,6842
LBY,2018,13868,170491,6786
LBY,2019,16033,355672,5986
LBY,2020,17523,278177,5440
LBY,2021,19090,179047,5717
LBY,2022,17811,161613,6076
LBY,2023,17958,125802,6054
LBY,2024,17235,32791,6358
LBY,2025,17161,32791,3802
MAR,2020,0,0,5
MAR,2023,0,0,5
MAR,2024,0,0,5
MAR,2025,0,0,9
OMN,2015,36,0,16
OMN,2016,35,0,24
OMN,2017,39,0,22
OMN,2018,42,0,28
OMN,2019,42,0,59
OMN,2020,47,0,70
OMN,2021,53,0,71
OMN,2022,59,0,99
OMN,2023,95,0,82
OMN,2024,118,0,91
OMN,2025,133,0,43
QAT,2015,21,0,12
QAT,2016,25,0,23
QAT,2017,31,0,39
QAT,2018,30,0,33
QAT,2019,36,0,36
QAT,2020,33,0,38
QAT,2021,47,0,35
QAT,2022,40,0,128
QAT,2023,58,0,58
QAT,2024,65,0,55
QAT,2025,73,0,28
SAU,2015,686,0,561
SAU,2016,937,0,987
SAU,2017,1219,0,1247
SAU,2018,1492,0,1436
SAU,2019,1721,0,1410
SAU,2020,2003,0,1249
SAU,2021,2167,0,1541
SAU,2022,1942,0,2537
SAU,2023,2090,0,1640
SAU,2024,2332,0,1539
SAU,2025,2368,0,385
SYR,2015,4873236,6563462,245857
SYR,2016,5524511,6325978,184337
SYR,2017,6310498,6150005,147179
SYR,2018,6654374,6183920,139576
SYR,2019,6615249,6146994,118450
SYR,2020,6702910,6701972,107085
SYR,2021,6848865,6865308,139754
SYR,2022,6559736,6780994,156616
SYR,2023,6355788,7248188,182954
SYR,2024,5952174,7408909,167334
SYR,2025,4865764,5542227,154355
TUN,2015,1554,0,2329
TUN,2016,1687,0,2062
TUN,2017,1826,0,2330
TUN,2018,1985,0,2749
TUN,2019,2068,0,2668
TUN,2020,1636,0,2829
TUN,2021,2201,0,4012
TUN,2022,2691,0,7923
TUN,2023,2800,0,9194
TUN,2024,3593,0,11415
TUN,2025,3711,0,10338
ARE,2015,17929,0,12142
ARE,2016,19792,0,13026
ARE,2017,22106,0,14588
ARE,2018,24850,0,16760
ARE,2019,27416,0,16627
ARE,2020,26553,0,16313
ARE,2021,27498,0,21016
ARE,2022,24390,0,27834
ARE,2023,23160,0,46356
ARE,2024,23736,0,55917
ARE,2025,23763,0,46292
YEM,2015,15901,2532032,10056
YEM,2016,18427,2025060,15870
YEM,2017,23555,2014062,24629
YEM,2018,31145,2144719,35876
YEM,2019,36522,3625716,34328
YEM,2020,32433,4002012,34870
YEM,2021,37615,4288739,35462
YEM,2022,40147,4523022,33524
YEM,2023,48044,4516341,33521
YEM,2024,51384,4795983,32810
YEM,2025,57327,4795983,25860
AFG,2015,2666294,1174306,258862
AFG,2016,2501447,1797551,369072
AFG,2017,2624265,1837079,333986
AFG,2018,2681267,2106893,310107
AFG,2019,2727556,2553390,251047
AFG,2020,2594827,2886317,238791
AFG,2021,2712869,3457744,262860
AFG,2022,5661717,3254002,294493
AFG,2023,6403144,3222397,296033
AFG,2024,5766586,3199710,384732
AFG,2025,2671560,3199023,270007
BGD,2015,12154,0,30544
BGD,2016,13842,0,25929
BGD,2017,16780,0,68118
BGD,2018,21022,0,58843
BGD,2019,22766,0,62860
BGD,2020,18948,0,64636
BGD,2021,22672,0,65495
BGD,2022,23935,0,61298
BGD,2023,24126,0,75867
BGD,2024,28473,0,108131
BGD,2025,31862,0,92441
IND,2015,9882,0,24874
IND,2016,7288,0,27939
IND,2017,7926,0,40356
IND,2018,9586,0,51802
IND,2019,11787,0,65965
IND,2020,12398,0,69959
IND,2021,14230,0,78360
IND,2022,20828,0,100389
IND,2023,25319,0,142607
IND,2024,39303,0,202933
IND,2025,42610,0,181121
MDV,2015,39,0,28
MDV,2016,58,0,35
MDV,2017,64,0,34
MDV,2018,74,0,35
MDV,2019,75,0,11
MDV,2020,78,0,23
MDV,2021,80,0,21
MDV,2022,82,0,22
MDV,2023,70,0,27
MDV,2024,76,0,31
MDV,2025,62,0,19
PAK,2015,297886,1146108,63955
PAK,2016,105419,448956,67700
PAK,2017,128914,174354,76885
PAK,2018,132248,96384,75337
PAK,2019,136902,100680,66245
PAK,2020,133280,98898,61429
PAK,2021,132818,98898,56687
PAK,2022,112357,0,59126
PAK,2023,94481,0,72068
PAK,2024,86285,3439,82958
PAK,2025,90497,0,65066
LKA,2015,121427,44934,14782
LKA,2016,117472,39730,15462
LKA,2017,115632,39322,18934
LKA,2018,113955,35473,14517
LKA,2019,110341,25110,16062
LKA,2020,142664,25013,15061
LKA,2021,151112,8767,12209
LKA,2022,148144,8540,15169
LKA,2023,145319,4806,18076
LKA,2024,147033,4806,33347
LKA,2025,148369,4099,33564
TUR,2015,59545,0,12073
TUR,2016,57915,0,23236
TUR,2017,61383,0,33801
TUR,2018,68900,0,42915
TUR,2019,83239,0,46941
TUR,2020,93730,0,44517
TUR,2021,105019,0,46327
TUR,2022,93537,0,82737
TUR,2023,127738,0,153142
TUR,2024,139640,0,158221
TUR,2025,149405,0,117576
SSD,2015,778722,1790427,4104
SSD,2016,1436707,1853924,5792
SSD,2017,2439888,1903953,6452
SSD,2018,2285301,1878154,12701
SSD,2019,2234805,1665815,5616
SSD,2020,2188785,1600254,4858
SSD,2021,2362759,2017236,5037
SSD,2022,2295082,1474679,5228
SSD,2023,2292482,1236672,24596
SSD,2024,2290622,944631,32841
SSD,2025,2386499,1277527,123984
ETH,2015,85839,0,76680
ETH,2016,83958,0,78854
ETH,2017,87448,1078429,133659
ETH,2018,92232,2615800,133254
ETH,2019,93467,1733628,135267
ETH,2020,151426,2733628,125072
ETH,2021,149130,3646267,139211
ETH,2022,149603,2730000,121362
ETH,2023,158344,2561497,139424
ETH,2024,164423,2272533,158142
ETH,2025,164215,2378000,148616
SOM,2015,1123144,1133000,56664
SOM,2016,1012320,1562554,60491
SOM,2017,986386,2116705,58320
SOM,2018,949637,2648001,55852
SOM,2019,901596,2648000,53083
SOM,2020,812356,2967500,53824
SOM,2021,776678,2967500,59605
SOM,2022,786794,2967500,56893
SOM,2023,842044,3860099,179224
SOM,2024,894120,3861643,237183
SOM,2025,892037,3347408,236271
