country_code,year,bank_npl_pct_loans,exports_pct_gdp,external_debt_pct_gni,external_debt_service_pct_exports,fdi_net_inflows_pct_gdp,fiscal_balance_pct_gdp,food_imports_pct_merch_imports,fuel_exports_pct_merch_exports,imports_pct_gdp,interest_payments_pct_revenue,private_credit_pct_gdp,remittances_pct_gdp,unemployment_rate
AFG,2010,49.9013229069412,,15.3334973971382,0.379800304581339,1.20311798981139,1.5031237019132,13.6918477995859,,,0.0142406244753313,11.5750442390122,2.38515836845792,7.809
AFG,2011,4.6968178252385,,13.9770517017747,0.323576197641919,0.293025179616803,-0.630811517861432,14.0292708513797,,,0.0115304161485474,4.95918037606027,1.0059846865258,7.83
AFG,2012,4.95890140377645,,12.9281604362278,0.598756026259218,0.285440893554571,-0.640739779224387,4.27602344633308,,,0.0171919008924942,4.47210362973721,1.10218743514509,7.875
AFG,2013,4.85228704838131,,12.8048363659593,1.58322814481364,0.239801184405551,2.28247071623154,7.54684020369565,,,0.0350619479814528,4.3216854169302,1.72321110990224,7.921
AFG,2014,7.7810908959605,,12.3049882693651,1.93817780133484,0.209664794672203,-1.94743593413573,9.51326053298309,,,0.0518220686922314,3.94105709996345,1.23611373619901,7.915
AFG,2015,12.0536179767696,,13.4908301094464,3.29960835203606,0.88400046336123,-1.28044038464162,19.2271236461949,3.45045583056684,,0.101941745648561,3.98149379462535,1.82199581344675,9.032
AFG,2016,11.0743789647307,,14.1470450360055,4.333403208221,0.516606084523093,0.675796502619667,23.5599976538184,,,0.0915435039044285,3.88832174612488,3.46484306572226,10.116
AFG,2017,12.2018301907814,,14.5133427404056,4.35357201508207,0.274796791572807,0.355603091056577,36.7934457407199,5.23442813305688,,0.109378878694535,3.84188120492596,4.38709328246437,11.184
AFG,2018,8.88666018352578,,14.6424246657516,3.32380000211032,0.661572217787196,,34.0330576607125,10.2131805125,,,3.51231703339133,4.45098621835989,11.192
AFG,2019,,,13.9496520351375,2.97423809266455,0.124495985291258,,26.9158389109364,8.0512789669382,,,3.22995723026215,4.40742759471936,11.187
AFG,2020,,10.4208171386207,15.1208585304773,2.67397501265809,0.0649939571808755,,,,36.2890774127896,,3.09659808966059,3.95329685319887,11.71
AFG,2021,,14.342152797537,24.7857399527695,,0.144466946606861,,,,37.06956357719,,,,12.006
AFG,2022,,18.3800424016375,23.3368489761511,,,,,,54.5054272070161,,,,14.1
AFG,2023,,16.2352784419391,19.8909368152618,,,,,,50.764299620256,,,,14.008
AFG,2024,,15.7027518479481,,,,,,,68.0602732398198,,,,13.687
AFG,2025,,,,,,,,,,,,,13.351
ARE,2010,5.26698896173512,77.4455521760851,,,2.85854098227163,,6.00656231464003,49.9895856498744,58.040188125584,,,,2.798
ARE,2011,6.08629581295721,85.6286738245297,,,1.93886244385384,0.0718886358430584,6.51232628789495,53.5351069475687,58.5481559098621,,,,2.587
ARE,2012,7.12965175228016,95.6008433485867,,,2.43554180804761,-0.182046254556401,5.89138072219693,47.2314196497577,61.036813624374,,,,2.323
ARE,2013,5.85229580988926,95.755207057533,,,2.3838227555723,0.217380522482608,5.04314244016449,55.8450474819963,61.6429155817142,,,,2.125
ARE,2014,5.31214096469623,94.7738651442525,,,2.60546090290076,-0.0814685014756499,5.52683313407757,50.7904126785472,64.7417651694601,,,,1.999
ARE,2015,4.74620283630956,93.8625203312699,,,2.23861341413826,-0.00644326403716772,5.78591921199886,37.6515533891839,70.4236225679817,,,,1.793
ARE,2016,4.79735362210192,94.4747232332881,,,2.51620120421066,0.113621754738987,5.91080832504944,31.5589751074458,70.9202430070485,,81.9398449176157,,1.64
ARE,2017,4.99704232082411,94.737385589121,,,2.5669608321193,0.176255453261709,6.99707888598958,35.9982377334342,70.7391380638734,,78.1488923243763,,2.462
ARE,2018,5.25650797811493,90.8429799324319,,,2.35729206588897,0.304314350496807,7.30579317402429,68.5381737167988,63.9040622338676,,73.9843078244922,,2.236
ARE,2019,6.02686885240592,93.3023068879995,,,4.11928554446951,1.00989737769591,6.18405146475468,77.8387271988389,70.5198421376147,0.00201529963006026,75.2884970259968,,2.331
ARE,2020,7.57146032262558,98.0724956970145,,,5.56735667729859,1.52433203333886,6.82659326418843,71.434331985329,83.2194445309836,0.079158266303592,88.835691606539,,4.294
ARE,2021,7.28694437688478,100.642599583908,,,4.89230595097426,0.723420246282824,5.35670321702564,70.3219846270872,82.2668014928681,0.340713650725389,76.167662138751,,3.105
ARE,2022,6.55317267111425,102.051988781325,,,4.44591398367961,0.0866519332162338,5.58446625724263,73.1440771980313,83.689671850569,1.1786818753689,65.4574311816346,,2.872
ARE,2023,5.30826886216617,106.846123390953,,,5.87183983564899,0.746043890605662,4.98896751809272,68.202872587783,92.1988267361531,1.92498132600234,,0.359500398100958,2.151
ARE,2024,4.13722730162714,,,,8.26261604873876,0.388175773737928,,,,3.0388427510985,,0.325377481632911,2.16
ARE,2025,,,,,,,,,,,,,2.174
BGD,2010,,16.0241126856916,21.3233746649766,5.08304182414987,1.06896766308322,-0.813674182832758,17.4240481119914,1.87340450699641,21.7787299851405,18.305351091756,40.9613226292342,9.41241447446753,3.379
BGD,2011,1.9042059394074,19.9220749554939,19.4870042621521,5.629773751522,0.983399364184761,-0.822744381919415,19.4937925236267,1.15197562004724,27.4987748801959,15.8622555734813,42.4702411629772,9.3859804789798,3.737
BGD,2012,6.72327958982541,20.1615888640625,20.1641903015642,6.03570025042511,1.18850391920183,-0.1373990191993,14.4704238243695,1.82373354611352,27.9493338849842,16.744483390165,43.0006693750914,10.5915144036117,4.07
BGD,2013,4.84439636539415,19.5378741098798,20.0259278722599,6.11014310075419,1.73532012481503,0.0690736503730761,16.8657778641165,1.13549487669373,26.7585286129376,17.1762291283182,41.7947548053392,9.24470026765418,4.426
BGD,2014,9.36516719804562,18.9896599950107,19.1263744321957,6.13466573895137,1.46870305074204,-0.769287559545676,,,25.5244202017989,18.4370651150336,43.7361238704853,8.66899486049041,4.417
BGD,2015,8.39790781352824,17.3366737865485,18.656464728563,5.00105961552124,1.4507824552936,-1.33807311151329,16.561579168916,0.561290711404927,24.7493225204896,20.4265885640651,44.4069718062837,7.83797175617291,4.397
BGD,2016,8.8585217562526,13.9212044814459,14.9717904789002,4.92101273972835,0.879528340271998,-1.22173341431013,15.2417870221937,0.799979316816806,17.4129456531683,18.4590815688377,37.7986426672318,5.11803588431436,4.35
BGD,2017,8.89566055291347,12.8197468906003,16.8057450414319,5.79903429874665,0.616341784631384,-2.93968284398895,18.9346180073446,0.682738569544682,17.179983781834,18.7004546302975,40.4489561448676,4.59667741438375,4.372
BGD,2018,9.88732966644866,12.6747879443391,17.0924802738604,6.79539373258512,0.75354913412869,-3.5361798688043,13.0022763018655,1.09687826106508,19.8398437797492,18.0722402064144,40.0247365906979,4.84382269321267,4.439
BGD,2019,8.90213335235846,13.0947573353039,17.0856511809436,13.1445525906638,0.543244141585063,-3.92879733231891,,,18.4832971559365,19.0400358921353,39.0344709350066,5.22841813674275,4.504
BGD,2020,7.73754873370445,10.4427880616037,18.8853836099419,10.4592111139286,0.407859894856915,-3.94714517667321,,,15.8286593146113,21.0903642354009,39.161059242521,5.81626795895569,5.539
BGD,2021,7.96907960398036,10.6627789004134,20.8766117836117,11.4417559557247,0.414118154040593,-2.82210670527631,,,17.0612258032497,20.8277384040526,39.0820163295701,5.33437804101103,5.457
BGD,2022,8.72436040117116,12.8822264348985,20.2659753173734,11.2392162165619,0.347960024540439,,,,20.897740835675,,38.9555684288032,4.6737649876073,4.593
BGD,2023,9.56912775275672,13.1571638341204,22.285488486933,12.5939799449972,0.335721505298968,,,,17.8258075763392,,37.6413802339103,5.04555725354251,3.352
BGD,2024,18.9607821141026,10.4611878291715,22.2547977203389,15.7658301164336,0.283870773350074,,,,16.3168879748762,,35.8111715787963,6.11494686698428,3.635
BGD,2025,,11.1161085689856,,,0.404544313117544,,,,16.8344754735707,,34.504343787161,7.42441824923219,3.778
BHR,2010,,66.7027150376276,,,0.581105356633959,-4.58465827632565,7.61497583868662,74.3474756294398,48.8587714119882,4.16249161158658,64.9376677365426,,1.13
BHR,2011,,95.6363487649272,,,2.61026038592024,-0.519062177718191,8.31394176480227,71.8441684413074,71.8932922709265,4.06180432295173,66.9065925077703,,1.21
BHR,2012,,98.265636232926,,,4.83265436536461,-1.87486565711785,10.7856321262738,64.1472033708371,80.5583845887584,4.95967102389092,66.5172271480683,,1.2
BHR,2013,,100.826651632348,,,11.0211306090707,-3.36024885257168,9.16647390950125,59.0027891704387,83.7628572125021,6.53618901920789,66.9876399343585,,1.184
BHR,2014,,92.2255357196123,,,4.36728984042946,-3.47945270439261,9.42227781586713,66.8346508823664,76.3503224222473,7.35881974047496,61.3347998045045,,1.144
BHR,2015,,79.3441035722346,,,0.199529633421541,-12.4069815745832,11.6708233304052,50.3566602372733,68.5719566006692,13.194917121661,70.5500803025,,1.164
BHR,2016,,70.5882906981125,,,0.718174283238518,-12.8293050669353,11.9218922020205,45.0173153136849,62.2347072046616,19.0727522284835,,,1.19
BHR,2017,,72.2538621389219,,,3.83300891199591,-9.54921540708742,10.3368717197661,50.1771114184211,64.1753776714721,21.7717442615796,,,1.18
BHR,2018,,75.7153726820796,,,4.18079308703845,-6.01521087644748,9.24667873826657,53.3203933261076,68.3599998924555,22.2888788363676,,,1.188
BHR,2019,,73.0944239873751,,,2.32837980010521,-4.49608623842714,9.75028267373527,42.1282144838203,62.3231194108364,22.1965712704672,,,1.217
BHR,2020,,70.4544358235096,,,2.84973228101032,-12.3991609013466,11.6643354834077,29.8191901321903,65.0065491894219,31.9422121469037,,,1.765
BHR,2021,,86.2742186726683,,,4.3566259787756,,12.2792823667973,0.0520982100390362,67.5250978124398,,,,1.548
BHR,2022,,95.9613654006004,,,4.20018456310523,,14.1665572021434,0.0426131887253156,71.1798757519344,,,,1.265
BHR,2023,,87.351143952571,,,15.6428756083644,,13.9121235503305,0.252930709797225,70.0967107297264,,,,1.049
BHR,2024,,87.4874315086406,,,5.72467195311559,,15.010526742122,0.000371894251415909,69.9934379215464,,,,1.084
BHR,2025,,,,,,,,,,,,,1.102
BTN,2010,5.21442892752605,39.3870452376357,57.6608858212657,14.4166531632125,4.40487201345335,1.80979039290256,11.473583472712,1.17938116636528,65.623621455957,6.53087674119465,38.4589220348196,0.484146185181045,3.32
BTN,2011,3.92487971293095,37.9232018736818,57.4352950866873,11.2068085183067,1.57461513860453,-1.43905802803783,10.9487408218868,1.32603384643971,64.8723983474244,6.43483061712557,43.0834159551712,0.528916540638715,3.23
BTN,2012,5.45153266771975,35.7881097866179,79.1608314145797,18.7010212132352,1.2354733641673,-1.58387099377112,13.7089181899016,32.9166462100962,58.2569173603391,5.75087901162003,42.2500390351052,0.919471362422047,2.05
BTN,2013,6.97587050610785,37.4343659431634,89.4459115640474,11.8209262922086,1.05127659163372,-4.70025601420684,,,57.618172334879,8.63185857793323,42.2246322971743,0.607310913154019,2.87
BTN,2014,6.75453798371645,34.1893414068432,99.3381192854371,13.1750850942313,1.12656942719562,4.08713013518345,,,53.7449147944863,5.58573790022866,41.0852999502378,0.684145452942166,2.63
BTN,2015,6.60035135986288,31.5360910045004,103.230441033963,18.1043400042224,0.294858179551153,-0.825435497564207,,,58.1030694550492,5.75592351454246,42.5291421509687,0.898453511897708,2.45
BTN,2016,7.18904732657744,27.1228339132394,110.020732525956,17.5595801863358,0.504099187674602,-1.15428618957057,15.2217424132459,0.359959674945716,49.2619189365981,5.00174619607642,44.1289341391622,1.4567714658493,2.707
BTN,2017,8.42093855066563,28.4464080232377,113.849547308498,11.92263516548,-0.638806366922729,-3.94365116799607,15.7863753074163,0.837284350231017,48.3419936617844,4.67268019590186,48.3130245523484,1.66529781961131,3.027
BTN,2018,7.03307485407494,29.1897191930732,112.222258298103,11.4177745462651,0.10255942689779,-1.62107597908262,14.9073298565588,0.923853378618622,50.550001136535,4.03587795730617,54.8478285365288,2.25090820783584,3.35
BTN,2019,8.45073446760821,31.4575032617598,111.877606026612,8.35212645374377,0.475617042344246,1.45528910168817,16.5642205655472,0.564427068374655,44.6660134423907,3.43867185187086,59.3734191159055,2.07110074974606,2.72
BTN,2020,11.6947136976512,28.0656355144502,139.831817651251,8.74330362481245,-0.113401528947433,-2.51661518400978,18.8555747753539,0.031781268967114,43.7647155250135,1.51596119346737,67.5524988399458,3.39498028366294,5.03
BTN,2021,6.73771086892548,29.1987406924537,125.138819900092,17.3241911789711,0.244983575408047,,,,48.3837075785288,,64.8888785590366,2.64978293694613,4.803
BTN,2022,2.98322457252721,25.4988399587876,115.015506284534,16.1948695115357,0.289904655137253,,16.5367264487644,0.000849772301445061,60.0723765638263,,67.8714365442651,3.31086657464961,5.947
BTN,2023,2.37931186892763,28.3881078975658,114.49950351728,15.6094043269782,0.338339566522946,,17.8223187322888,0.000126714234700656,53.3485199564153,,71.443668276291,3.58251575117588,3.126
BTN,2024,2.22229892645332,31.4948602422141,,16.5776241652416,0.0841982308924301,,,,47.8676815531182,,68.3942712583345,3.27508748747941,3.282
BTN,2025,,,,,,,11.4494454135648,0.000136608692237691,,,72.2606802194578,,3.227
DJI,2010,,,67.0646568443457,7.87953647772039,3.23415329697175,,,,,,33.1101651364158,2.89214171045678,26.368
DJI,2011,,,61.6657905187845,8.68421948523508,6.37538483893525,,,,,,30.9088339588642,2.61145571287155,26.31
DJI,2012,11.5343664524884,,58.090597298747,8.37894445755218,8.1261509172004,,,,,,28.9308988431593,2.45750699383544,26.179
DJI,2013,15.3368529632838,156.414102493532,40.6920825984022,1.27737966871977,13.9893763417185,,,,191.30621456487,,22.1463874057357,1.94611108053063,26.149
DJI,2014,18.1882419023322,157.949327841603,42.9271673641205,1.06181589657575,6.88983261287099,,,,140.615207979648,,22.1377018857024,1.70579799013819,26.16
DJI,2015,19.505193628606,145.421307480105,51.2014218463801,1.24037633439777,5.93271216592944,,,,122.942148774525,,21.7028460975101,1.6380988368332,26.063
DJI,2016,21.8038069641343,103.764025112093,67.4162737541098,2.1475631145837,6.1420623506391,,,,109.307973495828,,20.4371265619881,1.54464173973695,25.982
DJI,2017,16.1205891536372,150.098361470494,86.0029214045977,1.7173350672911,5.97013597143086,,,,155.869604932974,,21.1727542584921,1.4958183161622,26.064
DJI,2018,17.5905936014938,156.619986522272,83.7652176445944,1.58567108414747,5.83497725047345,,,,143.778914001572,,21.6332373941692,2.0545252519245,26.18
DJI,2019,15.3542458806425,166.717864481384,85.2277738046756,1.52528322747519,5.66550441566635,,,,154.221365882795,,22.3514833157846,2.57252993016432,26.257
DJI,2020,13.7525623797664,117.134854035476,95.2325058529055,1.88392135365331,5.03254315668511,,,,108.610017288247,,21.153639250123,2.03729907694872,27.701
DJI,2021,9.06421208958311,142.728193974095,96.2217659599007,1.17105098898137,4.91482788768696,,41.1079498430142,0.442789095210204,120.749534759797,,18.5968581486669,2.34123925393883,27.628
DJI,2022,5.21484304127589,159.250735528808,87.3175079251638,1.3139889030219,5.24930012962196,,36.8576646777546,1.24359395878011,143.034673702738,,19.8343292529775,1.58752439290675,26.272
DJI,2023,4.00934221417559,150.741322598259,85.2908177323727,1.63906330772357,3.51446231641349,,38.5612340185621,0.995238487819515,135.160721202385,,21.8231301046989,1.50297318211677,26.074
DJI,2024,3.06946217107715,126.415267144255,83.8288747209446,2.52675252956975,1.63337101411676,,,,114.822195954032,,23.1025276600186,1.3486328033841,26.007
DJI,2025,,110.493588636595,,,,,,,95.8024545556204,,25.1647278808558,,26.015
DZA,2010,18.3099999999999,34.988229614912,4.08153905024031,1.03761416768697,1.29390467487817,,16.3010014984036,98.3108761995675,28.5029863779305,,13.7901331989861,0.110576948771302,9.96
DZA,2011,14.3983059633083,35.9880864093259,2.79540714477209,0.790385842536368,1.17767329101171,,22.7921075134347,98.3333229077681,26.2320035517219,,12.5651064123385,0.0929180630893872,9.96
DZA,2012,11.7263814541695,34.3827920015035,2.4523641196966,1.08156709978146,0.660551953898791,,19.8492922361838,98.4004104735679,26.374847332557,,12.9086438651722,0.0945838361596958,10.97
DZA,2013,10.5639712164988,30.7993649290893,2.32227149466818,0.744237142683795,0.736559065111634,,19.0622423212072,98.3397689163232,28.3516432281546,,15.0652748989807,0.0912495160252352,9.82
DZA,2014,9.9349604753277,27.6194863705878,2.35485990757709,0.448059126334839,0.628688968391006,,20.1033684945136,97.228399822397,29.3040555963989,,16.4216636360139,1.02637284361066,10.207
DZA,2015,9.76734535087823,20.5281416810455,2.54367171691573,1.72343736396926,-0.286832290676438,,19.3150145530605,95.839787593179,32.676480909369,,19.2203451351034,1.06531142146634,11.206
DZA,2016,12.0891590616386,18.4866879717888,3.04187962008185,1.01404269029051,0.906300705997455,,19.0281661204509,95.3110605757096,31.2742448207328,,20.2524548230485,1.10034374263179,10.202
DZA,2017,12.9585022894491,20.3336795171675,3.04068276560909,0.599991543214634,0.647902696344894,,20.2300414574917,96.1115601990579,29.4871366540912,,21.8603855833638,0.943690019644755,12.0
DZA,2018,12.6974012595365,23.423105738908,2.99935858462774,0.476882884742504,0.753576088552125,,,,29.0130619390143,,22.387148870126,1.0202789274424,12.112
DZA,2019,14.7557610602629,20.407941949491,2.89761005806805,0.491760656376484,0.713947308015691,,,,26.0989006586763,,22.9128695368994,0.923106483245038,12.302
DZA,2020,16.3626239271064,15.5352011116191,3.19351908942954,0.679786418584712,0.693816014772836,,,,24.8545554509197,,26.1172134194462,1.03085687360381,14.08
DZA,2021,19.6415989191125,23.4443672905951,4.04120760001954,0.451864627527454,0.466728479682941,,,,23.3926919693657,,22.659990400839,0.962189288322084,13.656
DZA,2022,19.8580536790798,30.7915561763341,3.23500775227816,0.426551111107604,0.107187812155079,,,,20.3985331920556,,18.2397846012834,0.755694605229352,12.382
DZA,2023,20.8822355092816,23.7900604738163,2.9975548859142,0.756757789102277,0.489819143410423,,,,19.9497379768844,,18.846702518083,0.753275484255268,11.645
DZA,2024,20.6807801597915,19.8523800653814,2.66774817396092,0.797700031642401,0.455370730483787,,,,20.2821940516889,,19.0341413218985,0.667941907847866,11.655
DZA,2025,,16.8347751595565,,,,,,,22.1441688566065,,19.5912759166229,,11.633
EGY,2010,,21.3492458146859,17.1484993453553,6.20858249606502,2.91601657550141,-7.73391347588264,19.1408398397826,28.675015261694,26.5871042599039,20.5023891270984,33.0722952214189,5.68677117520305,8.757
EGY,2011,,20.5674276128656,15.3121406993227,7.90655385279539,-0.204542848807527,-10.0824593392167,23.7536654802803,29.2504485443273,24.6882065494858,25.2846525842816,31.1549232899382,6.06988425351907,11.849
EGY,2012,,16.3969666208873,14.6941589979995,6.64052009640903,1.00234071774049,-10.0051949602914,22.4231286293974,30.1290625343441,24.3148026512211,26.7728204319723,27.388449729504,6.89188511375172,12.597
EGY,2013,,17.0178456245969,16.5588608179564,7.63717373471107,1.45343420769727,-12.6356159965599,17.5098909058737,26.0844601901547,23.3551924317351,33.5278975911524,26.2224394958043,6.18272925177381,13.154
EGY,2014,,14.2441314553991,14.0020767838652,12.6738497850725,1.50925042253521,-11.0277183098592,20.8840359685848,23.3551757931695,22.6760563380282,30.6852322625376,25.6066805392918,6.40402291079812,13.105
EGY,2015,,13.1838454928598,15.4090910799379,9.98733957183104,2.10258128401326,-10.7275665943778,19.4566174058816,17.8713832773737,21.6620974671631,33.25445457568,26.316393760305,5.56383108965179,13.052
EGY,2016,,10.3454639403558,21.0959884446522,19.5115368004423,2.43856278142762,,20.3753156142534,13.7657934284608,19.9010851110947,,34.1348626252639,5.59207795083782,12.45
EGY,2017,,15.0140868185672,34.6961018574758,15.3775515850977,2.98301550917695,,20.284907436335,19.3528393471568,27.8180475395935,,27.0698246737254,9.96018840777921,11.767
EGY,2018,,17.984655608418,38.8036123837843,16.3223660797798,3.10040077579187,,18.3309787934642,24.5436332078061,27.9263640649779,,24.2952790707642,9.71698574857486,9.855
EGY,2019,,16.6440314510365,37.3486377137165,16.58038796421,2.82732944960686,,20.9318510685966,26.465801966271,24.4799857040743,,22.8487308972762,8.40388463187991,7.851
EGY,2020,,12.4727757370868,35.5843178235706,30.61957277854,1.52462948997172,,23.1079323874633,20.6229583667758,19.6534798296655,,25.7894742547866,7.71274724506713,7.974
EGY,2021,,10.5611502153652,35.4130599251787,31.0941269796866,1.20617861055665,,21.2684759245502,31.6971100561669,19.295823265447,,28.2307543894278,7.4144321712116,7.441
EGY,2022,,15.0870258208479,35.3832819125992,23.1349293420531,2.39118080969079,,22.1214154443618,35.9532117277136,21.8960790564233,,30.847002116672,5.94293350334715,6.546
EGY,2023,,19.1060913405676,44.4212432479616,30.3910889570483,2.48546400695984,,21.6972770278526,18.1531616111814,21.3443094314355,,29.2578215393463,4.93326946835969,6.753
EGY,2024,,16.3762422101126,41.9820138564051,49.2291017973666,11.9719351009449,,20.4434848356971,12.4540426829027,23.2245098772607,,27.5692279729149,7.59757024437157,6.817
EGY,2025,,19.8200284513845,,,4.23066505478546,,,,31.5143194274435,,25.8412480093151,11.3667005342464,6.781
ERI,2010,,6.37837659786896,66.0762157560823,,5.72501513985957,,,,31.0930888587001,,21.2805376775865,,5.854
ERI,2011,,18.1548372567671,51.4834999754646,,1.8886183675912,,,,29.2389528621013,,17.5647022127032,,5.801
ERI,2012,,,,,,,,,,,16.1597177482946,,5.692
ERI,2013,,,,,,,,,,,33.9868058928029,,5.624
ERI,2014,,,,,,,,,,,53.241077381173,,5.637
ERI,2015,,,,,,,,,,,,,5.751
ERI,2016,,,,,,,,,,,,,5.772
ERI,2017,,,,,,,,,,,,,5.804
ERI,2018,,,,,,,,,,,,,5.756
ERI,2019,,,,,,,,,,,,,5.812
ERI,2020,,,,,,,,,,,,,6.375
ERI,2021,,,,,,,,,,,,,6.489
ERI,2022,,,,,,,,,,,,,6.033
ERI,2023,,,,,,,,,,,,,5.909
ERI,2024,,,,,,,,,,,,,5.947
ERI,2025,,,,,,,,,,,,,5.978
ETH,2010,,,24.4334323010783,3.85484030213973,0.963030625359937,-2.73395742953724,10.8818231032271,0.00597790062470827,,2.61286039053196,,1.45702856682548,2.295
ETH,2011,,16.6868531997337,26.9969906653902,5.88919875915745,1.96735663905254,-1.34983977132917,14.3759542950793,1.44284633759849e-05,31.5460822119553,2.58756505223829,,1.68479919300585,2.27
ETH,2012,,13.7672981990263,24.2166657612452,7.1428932989006,0.643172898229037,0.679089858634853,10.9430232166,0.00477153174932123,31.630605984481,2.88934851971598,,1.44158455346166,2.252
ETH,2013,,12.484073558977,26.4725857260442,10.679035983358,2.82040845857162,-1.54263849758058,12.530803211071,0.00120079987025877,28.9877135217855,2.82906963683556,,1.74829264852672,2.251
ETH,2014,,11.6416199095703,30.5557352254075,11.870058525757,3.33569111068815,-2.6690901624725,8.95942983607244,0.0463693412234373,29.0994642402923,3.0107267564388,,3.23018487802697,2.361
ETH,2015,,9.36331359735926,31.7812582331685,18.2926128660911,4.22926466080082,-3.12338797018885,9.77249762984108,8.43578426363285e-07,30.2928105475922,3.68542422150921,,1.75028490068647,2.442
ETH,2016,,7.8120625822914,31.5941088728904,20.9349904391639,6.0502150951561,-3.67155655295525,13.1176685714478,0.00792917271878003,27.0869584993198,4.12609738010937,,1.1277489909273,2.556
ETH,2017,3.41286431945902,7.62937471525016,32.195990368417,22.2353979988408,5.26039764214773,-4.61838856890189,12.3849513836437,0.00174724528051893,23.4742747776515,4.59660538983931,,0.515122893440316,2.665
ETH,2018,3.56052322049913,8.37267815589761,35.572601682596,21.4915673746629,4.03228222144798,-4.04308562183414,15.0551986612583,8.76209733929005e-06,22.8266908218905,4.96155789432289,,0.523561857784221,2.811
ETH,2019,2.6717358210858,7.93996502525176,31.8677861051946,28.9364069267454,2.77536541538477,-2.74966753001203,12.1948705346236,0.000100158271942029,20.8753289040091,5.16530662612295,,0.52227003564586,2.928
ETH,2020,3.42977187734718,7.12719989764702,30.2340278652052,26.1117055633717,2.4279259279615,-1.82272506857345,18.3984132423039,0.00466762968720468,16.8789144437579,4.48992148221099,,0.409506869488673,3.998
ETH,2021,5.41485933762582,7.63170919167145,28.9101982304795,21.2158220927836,3.90520609775086,-2.71360871083777,28.1676089683881,6.92693626282324e-05,16.7133482738948,7.63586966162924,,0.410418210796157,3.935
ETH,2022,,8.24396037766464,24.2638688064282,18.3033612266851,2.98033315911234,-3.97933886335177,23.8028758749573,0.0081728528551792,18.351539318761,12.7921843780186,,0.414325120261523,3.386
ETH,2023,,6.59591829052029,,14.3397323570812,2.40146315356828,-2.3050304723308,13.8401468775133,0.0317976469871324,14.0022832166203,10.0247947838628,,0.396956017593763,3.375
ETH,2024,,5.53927082166771,,11.538041500051,2.68582028017543,-1.90887263147621,,,11.8611650370138,12.6217765676881,,4.766710838993,3.357
ETH,2025,,13.2837545839474,,,,,,,20.176028072184,,,,3.323
IND,2010,,22.4009332487945,17.520327243228,6.81923327447653,1.6350340943491,-3.48058118972693,3.5188131716977,17.2296552495647,26.8542732486216,22.8257875283649,50.5553749785224,3.19166058450459,7.631
IND,2011,2.67019501469286,24.5404113195713,18.5055609944676,6.4138689129389,2.0020634629993,-3.20649564885787,3.30798828495291,18.7585466086377,31.0834686939585,22.8683894409753,51.2892331325447,3.42826651551382,7.609
IND,2012,3.37395391664123,24.534430661418,21.7351878662519,6.71426990966754,1.31293453035323,-3.7644761333206,3.61415055311196,18.7788936146643,31.2592910673332,24.9086652545747,51.8885076473464,3.76554510581057,7.645
IND,2013,4.0277286350163,25.430861300519,23.3008757774803,8.08000121217609,1.5162764665975,-4.06573304249265,3.58128041095053,20.6668895706043,28.4132706461587,25.6891578331182,52.385709516972,3.76848981172284,7.678
IND,2014,4.34584976316208,22.9679630081172,22.7049198417658,18.6296205367074,1.69565958990806,-3.24743717876857,4.15851458783714,19.6340746160473,25.9542227389497,27.1850847623906,51.8821873589628,3.45190175872427,7.656
IND,2015,5.88352227400691,19.8131891564045,23.0297689509967,11.2063688175425,2.09211521443253,-2.77580962011863,5.2439586896853,11.8719127202525,22.1097247094602,25.2096176405981,51.8675240772049,3.27581644116736,7.629
IND,2016,9.18565591814956,19.1582349105946,20.0812235448632,17.2634154874596,1.9373641224439,-2.41851614428797,6.08873220309444,10.6421920620902,20.9242508026814,24.2105608843598,38.2036507912231,2.73420120455754,7.611
IND,2017,9.97528206363178,18.7917648392982,19.5049373712632,10.0846800379296,1.50731583255894,-2.55426517252434,5.63841140503153,12.1859467424678,21.9507321152243,24.2919368978606,38.1707138624147,2.60108787283474,7.626
IND,2018,9.46095691207991,19.9278285988562,19.4905310721105,11.3976479343618,1.55821483801456,-2.30328908296065,3.85218741928945,15.06745126951,23.6891407335327,23.011306254749,38.8975254010362,2.91499156006937,7.652
IND,2019,9.23442899080833,18.664264897257,19.9766366353145,9.0023457004643,1.78482633957161,,3.97304277623304,13.7763501701928,21.2411386333872,,38.73794497616,2.93877465566923,6.51
IND,2020,7.93883072465331,18.6824769296756,21.4094740100862,15.0538331069002,2.40620322673636,,5.48565406020561,10.0306929080613,19.0756283996012,,40.7867848551821,3.10855277353444,7.859
IND,2021,6.54245582956179,21.3991583305515,19.5524130311129,7.81076067172717,1.41217101040888,,5.05246462548225,14.2846592727887,24.0239304534931,,36.8920885102897,2.82183503869842,6.38
IND,2022,4.81188454630947,24.0401716365956,18.6518069060743,8.26658065989597,1.53665241748393,-5.2600268875823,4.68745287929006,21.7524651912837,26.6577666392086,33.9761997637185,38.1859763563586,3.42227322133658,4.822
IND,2023,3.35890319602042,22.354801966733,18.0442974446192,10.1619274745821,0.802254995836756,,4.69913000107828,20.7059082080863,23.9681500915008,,40.8940758962907,3.41414633702944,4.172
IND,2024,2.50044366571028,22.0639816354399,18.5795533694083,10.493447761841,0.721648483526777,,5.06115292488684,17.094437885147,23.8527091324349,,41.6079694330613,3.66076475144487,4.173
IND,2025,2.06283569455848,22.2630410669804,,,0.988285383995246,,,,24.0051596190103,,44.0250903358104,3.80963193396421,4.219
IRN,2010,,24.399653282909,4.05805118001816,1.65816700398136,0.74916862626536,,15.2279504772143,70.8018189413379,19.3709904542309,,52.0229498170448,,13.679
IRN,2011,,24.9333131264674,2.74169060239135,1.04203676500054,0.679834574763516,,14.1303676502876,70.5041242804763,16.2861016653904,,49.2475078971103,,12.491
IRN,2012,,22.4753001992586,1.15421603802317,0.505689329536826,0.723850091355471,,,,21.6140464814866,,49.6173234830957,,12.275
IRN,2013,,25.1829067419072,1.39260534305275,0.444173683773493,0.609501593960532,,27.1072781979137,71.7172687320017,21.9038111775683,,44.5964991335657,,10.595
IRN,2014,,22.8306723891643,1.25206746599556,0.487614453122765,0.45545387401938,,23.3835141856178,67.7953155547417,22.5207477521518,,48.9844792976358,,10.68
IRN,2015,,18.7208345068656,1.57653508272573,0.912017039120813,0.500987695412685,,22.4023283543476,57.7930861182423,20.7017541543144,,56.3719593551977,,11.166
IRN,2016,,20.3097816144481,1.31827151241227,2.40297736270952,0.70452835935243,,20.4927483499843,67.5862230701503,19.5674601594385,,57.8313383703997,,12.618
IRN,2017,,21.8329309946109,1.39231179104553,0.465745117802912,0.983654956177998,,20.191545455076,71.0578843095261,21.3227621437797,,,,12.232
IRN,2018,,29.639694129412,1.43997047778518,0.166737548283308,0.576106085876311,,25.5591386885995,68.6777337315966,26.975655484871,,,,12.195
IRN,2019,,22.3147082096412,1.45553662774804,0.422613619880303,0.433347777066285,,28.0531454667852,38.5316504652718,26.2770630040625,,,,10.74
IRN,2020,,18.3903748639131,2.07575442854437,0.620288000844809,0.47769170946132,,26.7610078346309,29.1637868954392,25.4940926265882,,,,9.687
IRN,2021,,22.0192078360416,2.69987581539856,0.437279150549298,0.34982143161472,,30.9322239984819,47.9119531286438,20.6531717002195,,,,9.282
IRN,2022,,25.5666185174995,2.40236604365308,0.16238790229739,0.354893288694741,,29.4601700206271,56.361512409332,23.3517323048057,,,,9.085
IRN,2023,,23.9216475542357,2.45280776346942,0.330603345807062,0.310885408088419,,,,25.4719025417845,,,,8.129
IRN,2024,,23.5514720983508,2.21280566524888,0.284993582584259,0.304914200880697,,,,28.5106585810839,,,,8.146
IRN,2025,,25.754375261588,,,,,,,34.4882471351587,,,,8.301
IRQ,2010,,39.41682921428,,,1.00796493975113,,,99.7045850237878,34.0806504059643,,5.39309563014871,0.127565824992139,8.267
IRQ,2011,,44.4175230392819,,,1.12086339764167,,,99.7790725268102,27.7538051840835,,5.41445203995753,0.120054052677278,8.193
IRQ,2012,,44.5084353612381,,,1.55961531280073,,,99.749740585093,29.1002492300431,,5.90755944993835,0.124310514637941,7.965
IRQ,2013,,39.6635365352026,,,-0.995279210263068,,,99.7968723357044,27.7464818743646,,6.33564916159929,0.309839415005032,9.222
IRQ,2014,,38.9417264514779,,,-4.45521124532956,-2.76458776609102,7.1958972279023,99.8860619088129,30.0407604054258,0.682069765435531,6.81429545062197,0.319330124832297,10.59
IRQ,2015,9.01708883873133,34.5141464410956,11.579236426727,3.33581373594627,-4.54159235443502,-6.0108056585636,,99.7872777592791,35.0776221572159,1.1007589716208,9.8758223889244,0.602311731936043,10.865
IRQ,2016,12.6888140404039,28.1085236792986,14.1379782009615,2.87715256580691,-3.75180911604806,-7.07317178167074,,99.9864810010682,26.4797965093784,2.58173133156506,10.0766837568499,0.59156708260519,10.82
IRQ,2017,14.8402137701319,33.9160634134979,15.1156613914556,2.28590905651489,-2.68799428357231,1.1424097451246,,,25.8648489788178,2.98770093498904,9.54983973287939,0.581408826339015,13.02
IRQ,2018,17.5475713444444,40.8026420265318,12.3208283081304,2.1555189552832,-2.14854834807913,9.42345626419899,,,24.9991497435766,5.25976313291939,8.58001733266219,0.32621201403662,13.458
IRQ,2019,16.1814499695754,38.0518681988838,11.8236722126954,2.99500628539015,-1.31640616709339,2.00239002556102,,,30.9380702213968,0.00583314613158625,8.80896032816847,0.367751391197373,14.096
IRQ,2020,20.9715574138551,27.750277551257,14.7009987283311,7.80172338370913,-1.58049696252586,,,,29.992038843889,,13.3148576834755,0.356221273355833,15.766
IRQ,2021,18.4925334294474,37.3216528340457,12.2142568885482,5.233179700008,-1.25770209772783,,,,24.1816154776761,,11.1956027502836,0.400349187063478,16.173
IRQ,2022,18.8458136272734,44.5259462145341,7.93319206853994,3.61085455056792,-0.726653366772653,,,,24.2328478795559,,9.54125684121782,0.3822220371914,15.41
IRQ,2023,14.66410619547,39.6312322400043,7.52940734720434,3.99250437979392,-1.99474822313262,,,,29.8300885590124,,12.5518993190744,0.432049782942699,15.239
IRQ,2024,16.5398134318878,39.7635173537006,6.22639916968424,2.95676245098624,-2.73525447039729,,,,37.375421957139,,13.9914475902598,0.248997592822188,15.293
IRQ,2025,,,,,,,,,,,,,15.485
ISR,2010,,33.5712633456599,,,2.91791645550029,-3.94775250398531,7.33456393323271,0.86528471011638,32.1457670493261,11.9768235748665,67.0209708441445,0.238748873153953,8.48
ISR,2011,,34.2274243361125,,,3.23187455100204,-3.66965962799645,7.24344911239348,0.971529018503775,34.7735478331397,11.9221448754195,67.4637001049575,0.222081660467562,7.139
ISR,2012,3.45440510625779,34.7734390454533,,,3.42638899025665,-4.46542414192741,7.10744517185122,1.70032816426379,35.3024648732099,10.7937506314723,66.3710636674816,0.26024794777004,6.762
ISR,2013,2.90140768348366,32.8527519137225,,,3.9732882944923,-3.89223300164066,7.48405216127304,1.57983966956452,31.374418442059,10.3732727667444,64.7680421108357,0.256605266557541,6.137
ISR,2014,2.16639379251708,31.5531969734526,,,1.92409260277085,-2.27191838510074,7.72744981528175,1.14301444001863,30.2858558244869,7.17029754497307,65.0728810341114,0.273239026232895,5.789
ISR,2015,1.8448062230203,30.9258891134922,,,3.7432820780929,-1.31274138688426,8.42692831263779,0.791842717525683,28.0942665991862,6.10841905983519,65.8537521095593,0.28169880037588,5.176
ISR,2016,1.6065430145001,29.7752716268816,,,3.73360294740648,-1.89032436845042,8.43285851538021,1.38774761271954,28.1780335374756,6.26518904660342,64.9008451275146,0.300046136097047,4.723
ISR,2017,1.29067074436065,29.0661275196759,,,4.72701516315835,-1.24892920960319,8.74423157968572,1.43726242593619,27.3858098637803,6.23249250988448,64.8424704014193,0.277366726637417,4.14
ISR,2018,1.21092611547296,29.7580333991368,,,5.73001193313582,-3.50146044350588,8.41916293079596,2.26461032824839,29.1153679363257,7.19324332665917,65.6306954870958,0.272085346668133,3.917
ISR,2019,1.38801645888401,29.0853955837603,,,4.34923898223678,-3.76841835224781,8.73662822514067,2.05400326279715,27.442766261022,6.45566676110216,64.6830724126458,0.238823006229779,3.731
ISR,2020,1.3749571925134,27.1546338087038,,,5.10300458684,-10.7435823954351,10.053818979815,,23.9857646464416,6.19116301781715,67.9389454861554,0.25132091340091,4.169
ISR,2021,1.05034256985074,28.8185860359887,,,3.86941902029446,-3.68726947366334,9.42348713145627,,25.9998176202801,8.20472787897771,69.2009240511496,0.251176646676986,4.812
ISR,2022,0.711449035516496,31.3653023276254,,,4.35745092445992,0.171425191763849,9.36066373895247,5.31969619319333,29.2705404990247,9.73112216641699,70.1452401316966,0.240917993734642,3.695
ISR,2023,0.971523456197714,30.3284744013966,,,3.14968991459396,-5.25987663182486,9.99506959636049,,27.6493079272484,9.0133461915012,69.3907873036217,0.19285405864081,3.371
ISR,2024,0.721349952547698,28.399007008222,,,2.7251194069041,-8.17662740232167,10.5547207249929,,25.9832493695112,9.41846467273048,69.5099804468565,0.175608930307742,3.595
ISR,2025,,27.5583636636004,,,4.29339412127743,,,,25.4308527107197,,72.4743806692902,0.190691265832484,3.489
JOR,2010,,,62.7590806656665,5.78863929536448,5.59019642688163,-4.40310276140482,16.2262641619845,1.07702929489453,,8.52510348081584,64.0144083027316,11.9954471861487,12.5
JOR,2011,,,59.7339174529003,6.4642364896789,4.5528280155948,-5.96601271382941,16.1062196225209,0.184803898952021,,7.9332828460075,64.9687824263859,11.2864912876408,12.9
JOR,2012,,,58.5598260044692,6.29930345834037,4.4426748997237,-7.37078316999822,17.3865465659055,0.282058142253294,,11.5347328017727,64.7040806138676,11.041223056681,12.2
JOR,2013,,,67.4266385860852,6.17182141088357,5.1397527233423,-4.90217813607205,17.1295421487715,0.173899859349714,,12.7891227339029,64.1605568285298,14.107057003016,12.6
JOR,2014,,,66.2217873926144,8.10709321682764,5.37423314588782,-2.02745525352398,17.7724667290356,0.167919629735253,,12.7414827453355,60.5995603657342,15.714081206619,11.9
JOR,2015,5.94308584863942,,67.0927641139484,14.1388961326861,3.77477904735167,-3.0787605555191,18.9454290328943,0.120929763386295,,13.4632079219575,60.720435831105,12.6157089214122,13.075
JOR,2016,6.05077425280183,,68.4833967118955,17.1503390780725,3.554614581726,-2.83247267504487,21.0973767983218,0.104709249071117,,11.8139640149372,64.7882043978307,10.0132712596055,15.275
JOR,2017,5.8128379824152,,72.5857469158017,12.3017188255286,4.45743038303198,-2.31176425527591,18.6700700543504,0.123590689364973,,11.529655766848,68.0683900951146,9.73297910366162,18.12
JOR,2018,6.13811537990142,,73.9512312696322,13.9594674109825,2.01309678009089,-1.35364428030006,18.9063968497975,1.71392273426769,,12.3819504376772,69.1408952155216,9.42740941956724,18.257
JOR,2019,6.39996915255515,,75.2477556467505,19.2145322382441,1.50023479065386,-3.06446338341822,19.5154893784339,2.03314518398133,,14.357195362573,70.3588331315482,9.38334460357812,16.801
JOR,2020,7.35555327380676,,87.2903094132487,27.3626006953401,1.58617483665323,-6.41257752135669,23.8505677549977,1.33182496918067,,17.6884007454936,75.7972888196971,10.0541975196234,19.213
JOR,2021,6.88453603146426,,90.649566277089,21.3934366564588,1.22641995478769,-4.80742733036063,21.0315876504526,0.706962713297216,,17.2660064885933,74.8391598670023,10.0035867297427,19.837
JOR,2022,6.6438175929575,,85.3105835968273,23.1153007808048,1.79856207883079,-4.08689940330163,21.2018889672992,0.917109884625019,,16.0152568992596,76.7539131295227,8.91675179878051,18.2
JOR,2023,6.87127591284335,,87.8712529400758,16.2393218106271,3.57486440635924,-4.66827853191258,20.1760819152798,0.498739629336105,,18.6224545593736,74.475322197422,7.76858564852626,16.62
JOR,2024,6.87176811886602,,90.1349716229773,18.1501287979427,2.78862682935517,,20.6701222463335,0.264858580668078,,,72.9559938224227,7.55927870742229,16.693
JOR,2025,,,,,,,,,,,71.3096159349229,,16.535
KWT,2010,8.95258546965769,66.6735112696735,,,1.13036730425536,,15.3224711592641,92.7518711482029,30.3545103903329,,74.6393830657528,0.00416589010888859,1.82
KWT,2011,6.98424741091625,73.2176749998524,,,2.11573865053541,,16.7984035196711,94.8418724155951,25.8988177648389,,60.8062581893838,0.00365845519616473,2.051
KWT,2012,5.19116857201251,74.7318371141504,,,1.65046109668041,,,,26.2795979898817,,55.7433682729455,0.00150181243219968,2.227
KWT,2013,3.64034786311307,70.8610179890485,,,0.823130244872496,,14.9606134655017,94.2171787337716,26.7444733437666,,59.751887354111,0.00242551112501154,2.465
KWT,2014,2.89041261906889,68.5055251263225,,,0.298681408941651,,15.6160360140515,95.2169457886681,31.5316647155213,,67.6407157377814,0.00236059435558128,2.9
KWT,2015,2.371720288643,53.7653724505163,,,0.248414926379679,,15.84483374297,92.4993007083526,44.9346159950322,,98.5107903934076,0.0299042006859653,2.2
KWT,2016,2.22496479931359,47.632285262531,,,0.266918369047007,,15.004038165898,92.7391106201563,48.5253871133306,,105.186812834562,0.00364924971693513,2.16
KWT,2017,1.94939026221768,51.1963155925274,,,0.0936402094114043,,15.0544741071025,93.5741930367838,46.6437308648816,,98.699107218372,0.0190175282150974,2.23
KWT,2018,1.62349995163983,57.311462753412,,,-0.0154187787915342,,15.0275119616334,90.8951500827978,45.4741679015879,,90.6280713315415,0.019990714304128,2.202
KWT,2019,1.77656821835007,52.0582560763879,,,0.366059041832984,,16.4863798431681,94.3677444960455,39.6274563132075,,91.9570581282983,0.0182457990225804,2.213
KWT,2020,2.0074652483311,43.7131472290911,,,-0.502546857177858,,20.0546775083583,92.8791686402667,38.2993629002141,,,0.0202777033196997,3.489
KWT,2021,1.35921924143798,51.725692658617,,,-0.183575378772919,,16.6311056148886,94.6305212160108,30.2746825189716,,,0.543748747830022,2.97
KWT,2022,1.41104352584751,60.4485945316523,,,0.409943823254394,,17.6971081288462,96.0382613795238,30.4702156706902,,,0.012043935758368,2.133
KWT,2023,1.42363947712583,57.702062317436,,,1.277994317906,,17.1095766003205,95.5164366055485,38.3322886518802,,,0.012863053545085,2.08
KWT,2024,1.53571132275835,55.7559768271522,,,0.381956730773215,,17.4893557712884,90.7321487415169,38.2349394412597,,,0.0126724401949546,2.151
KWT,2025,1.39809991865149,,,,0.262764598716339,,,,,,4.92218063765765,0.0152218774761316,2.181
LBN,2010,,35.023122866407,126.083961601732,46.241965839348,11.1327936305686,-7.50285701526297,15.5783508924797,0.132265054585668,60.0735300752172,50.5047648430001,82.528480012555,17.9847875959222,6.768
LBN,2011,3.75693478858307,36.3630972315613,125.151296416081,47.8987074251357,7.85693989450406,-6.44392893285082,15.4390501936215,0.098238163773614,65.7767851809418,42.9581798153986,89.987856569182,17.2252495411949,7.352
LBN,2012,3.78697531989083,28.8092128781151,127.212482591364,51.7781580627129,7.06847166156729,-8.6185546928297,15.268676630941,2.01796275219873,59.736289044944,41.2318572302857,89.9553302724696,15.156125951893,7.952
LBN,2013,3.9655306434989,26.6467547466619,133.127238280872,50.2454947494857,5.67636791033718,-10.0510592391527,15.8236951519334,8.55737748124045,59.5275738453946,43.6635615433405,93.3172929302942,16.1403001328547,8.477
LBN,2014,4.0080407149345,23.7561644984684,135.672761134402,56.8710153226803,5.95175528625723,-8.22876236898969,17.2831066063169,0.975199707169866,56.0609920940944,43.6457993768457,98.2255475847967,14.9511646268716,8.84
LBN,2015,4.19528483569965,23.1396677268024,138.063603594415,58.6847226123087,4.32469174487594,-6.94732377898407,17.5815765410609,0.812714035495173,48.6993749079787,50.4264077449651,100.566123866429,14.9828084463078,9.312
LBN,2016,4.87908375643174,21.7261558874138,138.137224788322,65.5249903674778,5.02174040562454,-9.26207163263294,17.1394821962351,0.476668921652208,45.9974619033978,50.8354703631747,103.999348177296,14.870244060714,9.794
LBN,2017,5.66619233797732,21.9269331860238,140.460273460979,70.1284307070546,4.756779140202,-7.48504178762739,16.7696518115414,1.51877124152991,46.5284960733038,45.6964156272407,106.567725062094,13.3172963119566,10.258
LBN,2018,10.2547809247156,20.7545211587566,148.119523422157,72.5885880285532,4.84140308956364,-11.8428379569845,16.8145008721869,0.704025606732419,47.5027861456152,49.9797571834916,,12.7099619118303,10.755
LBN,2019,15.1937984496124,20.6977589567577,146.775884819801,80.2871194501338,3.69413245000342,-11.0772324117179,15.8900367356293,1.45409543694151,42.2831570534023,50.8253324134478,,14.2830959782727,11.301
LBN,2020,,16.3725868676481,224.448215097537,106.628056218762,5.06712986613403,-3.6424213971647,19.7756866271019,0.340577463595891,33.7572174203146,20.9997791131216,,20.7914353641318,13.252
LBN,2021,,26.0256276927137,315.096531734783,62.5191968683911,2.5929006838647,0.485686595313729,16.5019102115096,0.241436727400156,52.8029927098104,13.5908223351618,,27.4664867984856,12.715
LBN,2022,,34.8287792460469,332.863673499917,28.706787657861,2.50966160641735,,14.025527168013,0.433020096745865,80.0594990196196,,,30.6555163782975,11.105
LBN,2023,,30.5514119674735,331.649550570327,34.5013159000827,3.26435467389127,,16.2628211646141,9.88237160097366,73.6549981017088,,,33.349773045666,10.985
LBN,2024,,23.3165495276514,,21.04734596175,7.09437049742925,1.18573055578612,18.548538743257,7.70940000965568,58.9158109340607,5.41741607517506,,,
LBY,2010,,66.2720071713114,,,2.36664960687642,,12.1710636780918,97.7181660474755,31.8052059029276,,9.26018623627628,,19.321
LBY,2011,,38.1458963988027,,,,,,,24.8595388907261,,14.1819194729211,,19.504
LBY,2012,,66.8678568492024,,,1.53985903839829,,,,31.3564620676424,,9.33808515595023,,19.03
LBY,2013,,59.8886075843687,,,0.931638601844643,,,,46.4457533337369,,13.7369369068516,,19.311
LBY,2014,,32.2383210024013,,,,,,,44.2865616357103,,19.3187188616,,19.295
LBY,2015,,22.2273741215145,,,,,,,34.6775332111739,,21.5199787186929,,19.69
LBY,2016,,14.5778875500388,,,,,32.9046515173011,89.0527915280661,26.5322885114747,,18.8829258302328,,19.559
LBY,2017,,27.1972557138798,,,,,31.4949217115993,89.0527915280661,20.3517104782416,,14.7896283143846,,19.053
LBY,2018,,39.6135044170514,,,,,26.2829514153415,95.3967472853869,24.1676291797669,,12.8465423346937,,18.865
LBY,2019,,42.35532240076,,,,,21.6020225297359,94.4050188673453,36.6386467842538,,14.6289531807933,,19.087
LBY,2020,,20.3637900560977,,,,,,,30.6120033812341,,21.8337391546377,,19.651
LBY,2021,,92.0546075514658,,,1.71219284038518,,,,72.2294624156388,,11.0391738497626,,19.779
LBY,2022,,91.9809235078212,,,1.62326033379453,,,,64.3407611745263,,10.7185706773584,,19.238
LBY,2023,,85.6010032090609,,,1.80500147243983,,,,75.4692294006607,,12.2180075415622,,18.713
LBY,2024,,71.7293179684166,,,,,,,65.7818127187367,,13.041851907924,,19.085
LBY,2025,,71.7134746269549,,,,,,,65.9450985743532,,12.5355481490495,,18.758
LKA,2010,,,37.3743097647659,12.3287816485283,0.814446067583227,-6.10516333108697,15.2488895536725,0.15783503417986,,42.2675705032621,24.6842616568486,7.03173223546081,4.784
LKA,2011,3.81740370617271,,38.4422070940857,9.31997112621852,1.41088360151362,-5.59601219344153,12.8920471742762,0.440288017795888,,37.5712825436328,33.7387969525402,7.60554994919627,4.118
LKA,2012,3.62758332957378,,51.6165842309571,15.4998497838903,1.33591734742632,-5.15691923088686,11.3958956233089,0.359491962840932,,38.2954907659136,34.0180437825091,8.51637948114988,3.88
LKA,2013,5.57505794057582,,52.2481960961188,14.0822781704545,1.21148000059153,-5.09312876094842,11.9665971594275,0.316453474817973,,38.4984956343047,33.539360763445,8.34308044196111,4.186
LKA,2014,4.23421449884782,,52.3589316985507,38.2320892792974,1.08277813405104,-5.36533787301632,13.2042965878645,2.6384817081413,,36.7640390271581,34.4936288810274,8.52566411916688,4.157
LKA,2015,3.24077029740187,19.893383820467,52.8797914705966,20.8014354274166,0.798746316666859,-7.16643542646082,13.124069302214,1.80834526900714,27.0245869884029,34.8902193450038,39.3818504426548,8.22623894980981,4.519
LKA,2016,2.63381101624579,19.824036042668,54.3824177664107,18.9088666759476,1.01937184801285,-5.00476487024556,11.9368573719924,1.60024589595184,26.6475009824081,36.0803323324563,42.4756652877165,8.25208423100115,4.242
LKA,2017,2.4984326063791,20.2242000359935,55.1482519976375,21.8690715229906,1.45462805110061,-5.04940389364639,12.9560404749405,2.5584319412636,26.9162097641559,39.9859170828158,43.8827525642367,7.61931281877923,4.046
LKA,2018,3.42041976161882,21.4462486145463,57.4892865658485,36.0547284753285,1.70888696252064,-5.01445077766982,,,28.3631481374973,44.0987328854393,46.6984073264081,7.45689609377593,4.318
LKA,2019,4.69918303381587,21.8235309246323,64.8548435072259,31.7328919801286,0.835367460265196,-6.41956744425451,11.644341247059,2.85971752760838,27.6019929606444,47.469362688155,47.0084929449139,7.58292152118561,4.67
LKA,2020,4.92827495911881,15.4576399170356,69.3131980107832,38.0133141864765,0.514700553944402,-13.3824109586552,15.6880756478408,2.73757863569001,21.6314789397836,71.3825303573561,,8.4666695107936,5.364
LKA,2021,4.46720885923597,16.9214215897796,67.8564357341891,31.478444431029,0.668825708548416,-11.6469711223128,13.3769085197473,1.92719188762874,24.3074247397182,71.6201004077685,,6.23540006537571,4.981
LKA,2022,11.9682691812072,21.5595624612904,81.2809065665702,20.2896271246193,1.19249322162632,-9.23055761414091,13.9004389044115,2.25446590051031,25.1230455566456,77.7699768805255,,5.15135988688752,4.528
LKA,2023,13.1079211175582,20.5995283672112,74.5886504230503,16.0664255632604,0.848017076796717,-9.22442442361431,15.3541604282848,3.22549312462179,22.7481397523022,79.8744543518094,,7.16290737039539,4.528
LKA,2024,12.9605592286262,19.7559774138192,58.8897020425324,23.7051670387884,0.764077754153862,,15.2925487801049,3.43981418083681,22.3636324192921,,,6.74752055316036,4.239
LKA,2025,9.87219855823573,18.9673796128721,,,,,,,22.8416230396327,,,,4.005
MAR,2010,,29.7889486802284,27.462969464641,11.8546292970521,1.2299824583835,-3.72314519933894,11.4679756885026,3.31051983251718,39.7530309299157,8.34926887616703,83.2922890768629,6.36744217640963,9.09
MAR,2011,5.44855241763618,31.9544842646976,27.6980798517634,9.88853852756038,2.29046840496639,-6.07615405289125,12.6362660609577,4.34145432822333,44.8713872259271,8.17501572516698,86.804176959607,6.59181438537164,8.91
MAR,2012,5.74656037615339,32.0970961451136,32.3240509195629,10.9736870036953,2.65758712641507,-6.59493456644955,12.4603705117426,5.76450248609948,46.1250057504935,8.45346803134801,87.7618401933056,6.08571534011656,8.99
MAR,2013,6.62387078084964,30.2532656391617,34.502888034062,15.8587772705737,2.9038626404404,-4.69644517675516,10.7813884917017,7.21783053567622,43.6044908923701,9.00016179365084,83.5655425605352,5.94586343171536,9.23
MAR,2014,7.26696282330555,30.1329866374292,37.1250189916679,12.9466515206553,2.95925435484489,-4.48013338605667,12.2148627181969,5.06512046366423,41.7605801165106,9.55613343961327,83.5103076143461,6.53793335615207,9.7
MAR,2015,7.67129786194117,29.9958538899695,41.0525743321797,10.5762551692244,2.94611108390154,0.883861707288342,11.0162882215194,1.93131182632741,37.2928220354154,10.4802478105814,78.3933979966934,6.2524269134956,9.46
MAR,2016,8.07938649012445,30.7345951424219,43.4727961452493,11.0788252872274,1.93000540251056,-3.84718983028543,12.3120817561093,0.851631730088442,40.3880652392646,10.2502226418494,80.2299496773881,5.72134559064724,9.3
MAR,2017,7.60581163179934,32.6064609907781,44.0032096192297,10.1033609468872,2.26092196120538,-3.13500180851877,11.2874889238467,0.915717103285065,41.5668968878792,9.6760987609537,80.1940481650889,5.75583694617319,9.22
MAR,2018,7.72518485920519,33.8284373726717,40.4114034285646,9.28560361990773,2.78337936840164,-3.45978747311203,10.8302051328602,1.16507270206512,43.4264501517272,9.41504965390079,78.9568101792168,5.43376597358728,9.272
MAR,2019,7.86756194132143,34.093057468891,43.5343377341004,9.53426255528164,1.33479789567415,-3.65939358108653,10.9298479348448,1.5096725010458,41.9050584109511,9.92660325327262,81.4748595489142,5.40068574715694,9.191
MAR,2020,8.79376526247322,30.7941069539783,54.9196081945346,13.8428032596205,1.16907334587558,-7.14709365752452,14.6013907488208,0.515055497762877,38.0496964364582,9.25109567211958,90.9314449752962,6.10953091862088,11.189
MAR,2021,9.05863022934855,33.1360849405787,46.8983264543197,13.8056895646823,1.59422321445366,-5.97683229119353,12.9963409257012,0.690786590320233,42.3873322350718,8.7322327235262,86.0589211866219,7.67928536986343,10.551
MAR,2022,8.68360679573923,44.7116282313453,50.35106931617,10.1164827473821,1.74814323662076,-5.20810961337784,13.3904543924044,1.00965161630831,56.1946819703061,7.96111730498483,87.5362177555406,8.51110257085938,9.413
MAR,2023,8.48309408041805,42.4176033594569,48.9147951964991,9.20347207035798,0.725864122672683,-4.35528687460668,13.9777708702069,1.21428847268287,50.7002810585209,8.01285790687035,80.504808579487,8.0456838833246,8.896
MAR,2024,8.18776433111185,41.9985232956684,44.7188367863758,12.9254798325863,1.08850441035779,,11.1809766440455,0.759031246462188,50.188721310572,,77.7635533817471,7.78840277046277,9.103
MAR,2025,,41.9692139163022,,,1.81954513887835,,,,51.1324428826402,,,7.48822220209894,9.0
MDV,2010,,,40.1281147350981,3.6430558027739,8.36376433060736,-13.4306696165602,22.3530849054993,0.0232160593731683,,10.4007633587786,47.6844927907076,0.122062735053023,10.875
MDV,2011,,,35.5158602200661,3.41197302473943,15.2659407539778,-6.81072956170978,20.9642438244994,0.0454484866151526,,7.745879610664,42.428163613364,0.108044719668789,10.043
MDV,2012,20.9246965468261,,35.923424043945,3.35233535151938,7.89895747225905,,21.1799243555902,0.0343073532681685,,,35.1187463614201,0.10905187264181,9.134
MDV,2013,17.217700885709,,34.9521788047807,4.14787797452245,10.9503892160384,,22.5044452789247,0.0463037212773749,,,31.2161620904851,0.100296734927995,8.295
MDV,2014,17.4741516990976,91.2941274036136,32.944864777841,5.37611349354682,9.01659145068896,-2.03308998813569,21.0278620137119,0.0466777384759983,74.6851237568163,6.52185560375682,28.954899775636,0.0938516278548094,7.461
MDV,2015,12.8840040665686,76.4277887724561,26.4416895520383,4.3823337704801,7.21577938190819,-5.33300778955967,22.0907655409597,0.0254986476186502,67.2927178888456,7.8580793589477,29.1014786368811,0.0882315685293421,6.611
MDV,2016,11.7714828257264,71.6136331301194,28.0382666399164,4.27764712778562,10.3547618700189,-8.36648324574108,20.9333677428015,0.00895963179760215,72.7665791488222,6.40753047086744,30.3476225372342,0.0867517790515882,5.771
MDV,2017,10.6639121664259,69.0594484485378,33.0008165324018,4.84709825811693,9.50514529202919,-1.56753701172977,20.1187383647303,0.0014758312886858,72.8526621264145,5.44873411801963,31.1989633144231,0.0834018554726306,5.377
MDV,2018,11.5608554379335,66.4483006480268,47.2562178051555,12.1908487321284,10.6517647807373,-4.04761092638694,17.2585559308763,0.0144801040854888,76.0428278985911,6.51184895637519,31.0378663786162,0.0780453313428643,4.962
MDV,2019,11.6270773650661,65.5134179400092,51.7745443328391,12.1726773382507,16.7834728448357,-4.42533735780541,19.4636336302399,0.0463733052783601,71.6118129351757,6.67448999786819,31.539334008471,0.0773429427784398,4.562
MDV,2020,18.7957458088981,48.2411996300086,107.470713789041,17.4573601006393,11.8706880719155,-17.8938176982094,21.5413892679553,0.0176015951474777,66.1207032743183,10.5774642312768,53.3551626912335,0.125253487973412,5.42
MDV,2021,12.5877843282695,76.0989851624572,86.9049861911727,20.0732418589484,12.238665987932,-10.1381452642395,22.8096769189981,0.0597032520931897,66.5083115338037,9.73153770268114,39.3089828252313,0.0929598229658775,5.016
MDV,2022,9.40629274725968,82.6708555603035,73.0396211302368,13.5353339647215,11.8454662775286,,19.8123346341875,0.143887093054331,79.5725773733522,,35.2169697593796,0.0829967046687048,4.303
MDV,2023,8.3382491192651,74.0437692661116,68.5591205715148,10.1278966096322,11.5818458756845,,19.7880793368526,0.158725024282173,75.3062069113229,,35.8362090976748,0.0813040657047612,4.019
MDV,2024,5.89230350322209,78.214216540835,75.5586486708217,9.18470294592451,11.416720004027,,21.2439264435855,0.10188003814864,78.2597392001761,,35.7299049882319,0.0800427681119482,4.278
MDV,2025,5.69448806178256,,,,,,,,,,36.4278157508477,,4.514
NPL,2010,,9.58253617198229,23.4883074371496,10.5594747481963,0.548294665887946,-1.3733796175973,13.6500965652447,4.5184108995034e-05,36.4023696022884,4.61561735916517,54.589987785603,21.6469852746313,10.563
NPL,2011,,7.80613567968357,17.6500654511006,9.17595198152475,0.435814930594323,-0.877136867446518,14.1795192731593,5.17830048737702e-06,28.4906232102531,4.95005484335555,46.4246531230953,19.5463008559418,10.627
NPL,2012,,8.75029128721577,17.4328435350797,10.2597284623763,0.42369151125933,-0.543385074168763,16.8472680973275,0.0127445401569673,29.1716147715423,5.31837545822883,48.7543496534141,22.0821265457679,10.632
NPL,2013,,9.2946586776145,17.9863596634684,8.81842257769137,0.334712330597339,1.50200419772983,18.4274463961637,0.00317309696043804,32.5707170600577,4.15111327345913,50.4622708384351,25.1947048897919,10.666
NPL,2014,,10.124042118155,17.2597307021914,8.13428693517382,0.133746236524448,1.56338345898961,17.9357254489643,0.00427691971404587,35.8585994934377,2.97502095784131,54.4670476035098,25.9051136185799,10.62
NPL,2015,,10.2145885930146,16.769557036253,8.44164950024381,0.213029527712984,0.929496130191996,17.9135898934754,0.00156426563766798,36.4511417965013,2.058426063173,56.9082740653704,27.6260850017638,10.643
NPL,2016,1.68433659406825,8.17957803966234,17.2975980360721,9.29925073721298,0.432212944008614,1.17666376842403,18.2328816967713,,33.9359080825022,1.65503850042769,69.840800112116,26.9605652689538,10.714
NPL,2017,1.69908552229354,7.8121886555374,16.9611227628207,8.48049668523619,0.677439884182991,-2.38581531514218,17.6428567864629,0.00266232718899826,36.8302219662053,1.53279423231735,69.1891243413533,23.9135443394186,10.66
NPL,2018,1.56237839101568,7.81564102219889,16.5353620494072,7.22410958183493,0.206157201926214,-4.75425271249621,15.1995572665085,0.015293107300744,40.6317459241789,2.0224987596975,76.3246080076578,25.0264204285432,10.593
NPL,2019,1.661035901516,7.77993647445109,18.8645833580846,8.25373775152271,0.542801979747667,-4.79370576066754,16.8564389348534,,41.4695901124501,2.31696895226968,78.9459108984055,24.1163701264819,10.477
NPL,2020,1.67721669787425,6.80529835537229,23.3700917945979,12.2018914082922,0.378739091402959,-4.8968528613881,22.7886464131429,,34.1135757694721,3.3290613517589,88.4400394663268,24.2502461023191,13.037
NPL,2021,1.15668047969578,5.11917148482606,23.7616294058189,9.85426077463436,0.531690906776232,-4.00286706305707,20.9511122107417,6.66375384580768e-06,37.9346333063959,3.85657960803328,103.651351375401,22.2775786274327,12.241
NPL,2022,2.44418427205124,6.7023908652401,22.1714628607957,10.2136643776037,0.160405405048333,,17.9619548542567,0.000422001355639369,42.27101061478,,94.4669915631767,22.853296719339,10.661
NPL,2023,3.77535420144652,7.00596728086136,24.0384374799175,11.8654143939064,0.18227214989517,-5.88338006625882,,,34.5641830123854,8.02195964202454,91.5572641444323,26.2231139135394,10.437
NPL,2024,4.63597142993056,7.55423347172655,23.2748414884129,12.3916778046586,0.131412557108071,,,,32.6157766909588,,91.2933728348585,25.9924855623944,10.5
NPL,2025,5.15351145694385,8.82763359925247,,,,,,,33.7244112435844,,90.5447624655163,,10.465
OMN,2010,,59.0956382553021,,,1.91196478591436,,12.1069374918903,77.7587802690782,37.2909163665466,,38.2119108803521,0.0600240096038415,3.911
OMN,2011,,63.9174704172791,,,2.10218875218974,,11.0805819428178,74.3678691335376,37.7242615226627,,36.1030456409534,0.0503392867929847,3.95
OMN,2012,,62.7218547578454,,,1.5612029028198,,10.3614905662381,83.5370778993057,39.3529056464546,,36.8201690395642,0.0446313008238938,3.753
OMN,2013,,66.0316248510717,,,1.79286446946825,,9.20212102113705,82.6128731508305,46.511896912702,,37.8101763629108,0.0433771731963771,3.553
OMN,2014,,61.4401786616091,,,1.3876575353227,,12.3258536454132,81.6727512854849,40.8385424265209,,40.9964363798579,0.0420842358063901,3.453
OMN,2015,,49.652560938135,,,-2.76001757846703,,12.2478227897499,76.1568860871844,46.7250192470997,,58.1721127566142,0.0495633469136904,3.403
OMN,2016,,41.3196247446948,,,3.01624952400734,,15.6415620938827,76.052172528574,41.5446394571953,,66.6702330425451,0.0519264721154845,3.266
OMN,2017,,45.7165464756476,,,3.56005583896762,,13.6246277212129,73.6831825643426,43.236601542648,,65.9487621150617,0.0482479558949352,2.523
OMN,2018,,50.6224420190996,,,6.12067985447931,,14.8275810162406,75.1858802471844,38.6567758071851,,61.0721758896089,0.0426330150068213,1.8
OMN,2019,,49.4929030047786,,,2.26908923371353,,17.2504325824347,76.3087021288282,36.9852980265451,,65.1353364973981,0.0443008440787492,2.045
OMN,2020,,47.0548733691481,,,2.51548624054379,,15.7534992149336,63.6348897569431,44.8210174322991,,76.5893899420196,0.051392391185177,2.94
OMN,2021,,53.329759351918,,,10.015189421015,,16.612706212947,65.2855836380628,42.6197283774124,,68.18634950316,0.044674767691208,1.9
OMN,2022,,63.2505019129513,,,6.25544528201825,,14.574723936986,74.0383980013691,42.4945073677033,,55.7897704553203,0.0355127088147278,3.3
OMN,2023,,61.5843427989208,,,11.8157929128229,,13.6921582029731,74.1913838927866,44.8623883036834,,59.7528169989934,0.0367429346129202,3.176
OMN,2024,,66.072566156431,,,11.6351181598926,,13.888546748286,77.1995042110729,48.7801054403878,,63.2077225919943,0.0364128463172104,3.203
OMN,2025,,,,,,,,,,,,,3.251
PAK,2010,,12.6372245592948,32.7811905556848,15.1401314827574,1.02791108080423,,13.0449649955641,5.71119451483388,19.3517774869368,,19.2854383363833,4.92604271661375,0.653
PAK,2011,,13.4825548617217,28.567490409755,9.36170568883794,0.575055145839944,,11.9497095308939,5.21587114782379,18.8800834134221,,16.7900431014259,5.31817590756805,0.796
PAK,2012,,11.8739641473238,25.8754627988566,15.4974439085818,0.343453048660945,,11.0599623222425,1.35053487428845,19.4450091286838,,15.1977662090047,5.60040378648877,3.667
PAK,2013,12.9868868262,12.1774992040696,23.6165694934777,22.786054796032,0.515353849332245,,10.2037449075269,2.10463441086617,18.7127751361147,,14.4059591371388,5.65574753329438,2.954
PAK,2014,12.265792482412,11.1949717426146,24.0363183529915,15.5835259640491,0.695308116834202,,11.7285287779163,2.64194644110697,18.2748539477852,,14.0363434269816,6.35394444445627,1.827
PAK,2015,11.3588840793988,9.97457095124036,23.250373675072,14.4750575188818,0.557734356032139,,12.0975233412564,1.21065579156664,16.7136150659843,,13.8776720604833,6.43611445161773,3.566
PAK,2016,10.0558429338189,8.73671639116568,24.3711794392753,15.800860805807,0.821349998064174,,12.5083505742758,0.761514396551207,15.9648616568916,,14.6822491291274,6.31922966290135,2.285
PAK,2017,8.42948949057021,8.22161134395559,27.8523788602803,22.5558039612655,0.735837049658425,,11.8099304337959,1.2032443709099,17.2504236583884,,15.3138129313571,5.85367806811606,3.204
PAK,2018,7.97371472046651,8.58179960556073,28.5494742437705,19.455512353704,0.487745750658143,,10.0377089627561,2.13426606062679,19.044257474073,,16.6323511145142,5.95094743448361,4.083
PAK,2019,8.58202379960379,9.3908635386027,34.9183625831205,35.633204290599,0.696146480411465,,10.7361855324182,1.59922046539897,19.5147134481005,,15.6879858068791,6.9340427404279,4.83
PAK,2020,9.18579121790451,9.29855944234725,39.9870693569552,39.5201173442251,0.684695289874347,,14.993804992521,0.873349137853699,17.4177212905341,,15.0331201291201,8.68401332889248,5.994
PAK,2021,7.88790949084099,9.05159988878188,37.9965494190867,33.9308182903944,0.616039439073827,,12.8684989494526,0.708780532335282,17.9788205237729,,15.3401397751102,8.98436279286431,6.338
PAK,2022,6.5448477708157,10.5405902721041,34.5202602197744,42.0463406568737,0.389980753542853,,13.2091941252982,1.19408655456312,22.4907632059279,,14.8383242381905,8.04928811142895,5.291
PAK,2023,6.6275019888851,10.4939587511564,39.4498353457572,43.5994922043878,0.608281270820624,,16.1107282427233,0.583319121620756,17.9737337958273,,12.0203955111754,7.88805370627643,5.237
PAK,2024,5.74855628982702,10.3855031331012,35.6282760521045,39.5425844195386,0.716885239403099,,14.1011260133402,1.71807476906982,17.1798277774783,,11.46061956354,9.39186913640518,5.492
PAK,2025,5.36039727750282,9.98520671042165,,,0.454693640126553,,,,17.2083306683448,,10.7268246496695,9.93795311287398,5.42
PSE,2010,3.06818623299833,14.1228115477973,,,1.85860711452246,,24.1028042850256,0.265654761783648,54.3748386097196,,21.3595304440428,9.5764022790779,21.416
PSE,2011,2.76420847054838,16.0860353474401,,,2.13515604683715,,22.060709088787,0.0865829589723565,51.1634975550013,,22.9577173636924,10.2065334289725,17.597
PSE,2012,3.0769175753146,15.3263326889683,,,0.515918270255689,,23.8612251411115,0.239558505403332,51.6029946594148,,24.0475728779365,14.228314544803,19.202
PSE,2013,2.88247142261907,15.6198438829492,,,1.40253913684002,,24.9613018313035,0.232120460276173,50.6514742332877,,24.1199685686064,11.0194652216269,19.894
PSE,2014,2.54111369062262,15.8230698299463,,,1.14163752860063,,24.3932405501627,0.191229879607219,51.9167673359686,,27.3246796047092,12.8990789262009,20.526
PSE,2015,2.14279238837218,16.0623801208096,,,0.751035803856381,,27.2910518405574,0.164371699319662,54.7185880736309,,32.6010470713693,13.0071577445967,23.005
PSE,2016,2.17901822396472,14.3267945006296,,,1.92447798073354,,28.323573226601,0.163523332201154,51.0957196827087,,36.5279321411323,13.544446593553,23.939
PSE,2017,2.31775341068148,15.7242063492063,,,1.14056698202946,,27.8724636780793,0.0951480976091428,52.7244543650794,,41.7423779001116,14.7502693254891,25.677
PSE,2018,3.04108365364652,15.961564454493,,,1.29446294401352,,29.1758224974415,0.0718070742204247,55.439710996154,,44.8402878170502,17.4109629066019,26.256
PSE,2019,4.111398726013,15.5210552426533,,,0.769720046510608,,30.2394427536807,0.0862921552942219,53.4724370385502,,44.9267353587416,18.4017265263275,25.34
PSE,2020,4.23551043671952,15.3576234410914,,,0.513433766585376,,33.6900932770787,0.107838092378914,51.9305678064861,,52.2438211575681,16.4802362028662,25.895
PSE,2021,3.06038545958319,17.3411011099453,,,1.95194132723981,,31.7023053621989,0.0685655976632964,55.7424485062676,,47.3295160416368,20.7657096918972,26.39
PSE,2022,3.24787375179428,18.4362526414651,,,1.62179695015304,,28.4235922781769,0.0524805007753271,63.9586757454802,,47.7106174807336,23.9769674621994,24.42
PSE,2023,3.41872677629682,16.9958841111666,,,0.555593283570762,,30.9230514954555,0.0859853021575194,59.1775735037644,,52.7325722326952,17.4093394320223,
PSE,2024,,21.8525432511909,,,1.01253497329187,,,,52.7355480773433,,58.6252720787942,4.59269741059462,
PSE,2025,,21.2278136668395,,,1.9212691698858,,,,53.5326292734358,,56.4537277980556,4.03848787823294,
QAT,2010,,62.3197092953046,,,3.73261315829573,,8.495068094908,92.5548513080755,23.7506175279123,,44.7018151478225,,0.45
QAT,2011,,72.619706501698,,,0.559389030984015,,,92.9962018469401,26.1019286002011,,39.7530248795648,0.341901614862895,0.56
QAT,2012,,76.4724190759864,,,0.21188872224358,,9.84458695567643,88.0489136744168,29.2739243592311,,37.1284423583344,0.42995324346997,0.48
QAT,2013,,72.7178350242963,,,-0.422882595917482,,9.28140647415725,89.9813548660954,29.6653730820309,,40.0053399938718,0.289036590893845,0.28
QAT,2014,,67.9981181320016,,,0.504491036758769,,9.89788179112349,87.8136789876161,31.0362566094301,,46.096808613041,0.241788019993971,0.2
QAT,2015,,57.061477766584,,,0.662099304441699,,9.7544928571576,83.6583736058125,36.6461264070517,,70.8424801221283,0.270241147605629,0.17
QAT,2016,,47.7138414909054,,,0.510044137883475,,9.90460701845219,85.0429975482696,41.8337586290298,,79.7605885769573,0.24949975931964,0.15
QAT,2017,,52.889422628417,,,0.612038723345893,,11.1837874762017,87.5565130224043,38.6051652911024,,80.0817007882657,0.413369146110461,0.14
QAT,2018,,55.9418631716143,,,-1.19249695201383,,10.6236797484241,86.1296391093726,35.8965858065867,,80.4368398170897,0.254743003069051,0.11
QAT,2019,,52.1888599262863,,,-1.59472537643955,,10.8205553078848,88.8105651715138,37.8575156222525,,100.636146762775,0.326951412887929,0.1
QAT,2020,,49.118878259958,,,-1.68550858988767,,11.9200931361304,81.8145904890777,40.9002166233522,,138.857842947295,0.45124451187512,0.14
QAT,2021,,58.7260170336864,,,-0.608353846418717,,10.794876789514,84.4038969131069,34.0531415378261,,123.316618339598,0.477817619071586,0.14
QAT,2022,,68.5984131738821,,,0.0322850616403459,,12.024746637738,87.2912521641352,31.6152340257357,,101.083984278189,0.437654896965699,0.13
QAT,2023,,,,,-0.222614821674707,,11.204295679661,86.5414333242433,,,118.075783234072,0.674680261981685,0.13
QAT,2024,,,,,0.212749202349259,,11.1829202642424,83.7597865976017,,,120.965896493385,0.667206901457106,0.13
QAT,2025,,,,,1.40702006150615,,,,,,126.754580015982,0.583581962104768,0.13
SAU,2010,2.96818471895202,49.5697145263124,,,0.923670092367435,4.39157840467735,15.9456252927675,87.6208624921467,32.9799704964413,1.47496009537397,39.1641936148322,0.044770287230573,5.55
SAU,2011,2.22411986474196,55.2733461365779,,,0.688133631504519,11.3940257271561,15.3273661347058,88.7250786188123,29.0860881073216,0.702978890946999,33.6286944686693,0.035808339973939,5.77
SAU,2012,1.6697936801687,53.1198476436365,,,0.669626013751334,11.6799058125109,14.054771122829,88.6274591343223,28.6208309025235,0.489917266795932,35.5685109967177,0.0327055489847342,5.622
SAU,2013,1.30683882837442,50.3725164415794,,,0.437984195574321,5.46926748017726,14.5375069021815,87.5705430575713,29.8789849870989,0.399701893703763,39.0113411908332,0.0349167043120865,5.6
SAU,2014,1.08033805274768,45.0958458227862,,,0.191711517264834,-3.40338719381643,14.2814703964167,85.1657914409074,32.9042652949498,0.339184783601454,42.5570781320296,0.0347205659958046,5.877
SAU,2015,1.23698687005172,31.4401316153804,,,0.572622097928938,-14.9443295860792,13.7273691996273,78.4307733758804,35.6651376146789,0.425661096730179,52.7601798097453,0.0426057491739427,5.6
SAU,2016,1.38335895995773,29.1430897114591,,,3.18518611850268,-12.0343843725707,15.7765700802761,77.5498175972453,28.7785737995774,0.952470673106658,54.375771847036,0.0460425534219694,5.6
SAU,2017,1.61364907195792,32.3625378991189,,,0.136801407151884,-8.57965108882136,15.973466290432,79.8468152028451,27.169441258704,1.30599026456683,50.1375935809361,0.0392285559698217,5.89
SAU,2018,1.95231785727138,35.5209831625769,,,1.36945683303735,-5.21398247858852,15.4023068350858,80.9954096508223,23.5819273071372,1.65595448112322,,0.0377766708836924,6.029
SAU,2019,1.85839038526168,32.159204977113,,,0.346411455797861,-3.97905319006053,13.9210365638305,80.0531128894226,24.6346155115383,2.27932302812191,,0.0375782473904536,5.636
SAU,2020,2.21159921239074,23.8098115262185,,,0.211115523412857,-10.2054852387537,16.2416866644918,72.5938015741335,23.7233476988295,3.12816011184723,,0.0393583696631861,7.66
SAU,2021,1.86810170169937,29.1556614026837,,,2.8850612174452,-1.99311190055249,15.0790158758812,76.6076971781348,21.728264937195,2.83627486303424,,0.0300118046534322,6.621
SAU,2022,1.80253047265234,35.9850098955522,,,2.1556449627378,2.23510524060073,15.5240541237484,82.1937028956426,20.839154879381,2.39041526354088,,0.0231657002868662,5.589
SAU,2023,1.51347587802945,30.7559610678442,,,1.87130991298946,-1.77137700860758,13.4010931323156,81.3099851483006,25.0415071647045,3.11717626441745,,0.0256318796460361,4.008
SAU,2024,1.24535587233852,29.3880027930942,,,1.70136894275871,-2.45851850496765,12.9517318061095,79.3976376511523,27.0169346216948,3.53928856293198,,0.0269879301341444,3.518
SAU,2025,1.03781619190087,29.7448740074211,,,2.55517254024168,,,,28.1733498505598,,,0.0274538093624285,3.038
SDN,2010,,17.4756063457453,41.2309784294958,4.21004682024409,3.50004539535845,-4.28316690032809,25.8755090057164,84.9525613268194,15.2527036042897,8.04710216560018,10.5026912651794,2.46856150399008,15.168
SDN,2011,,12.4787060282521,41.8849817755024,4.87186411161,3.15234852962884,,17.9778411692108,82.485132408608,15.0336329952659,,9.29192166764101,1.49807774183835,17.44
SDN,2012,,6.85645263673087,62.0028273281422,7.14824601297622,6.14212434699966,-3.2934374153387,22.2255511532903,0.00542955620642858,14.9997218879992,11.3897898331386,11.9423641232484,1.58330324714586,16.973
SDN,2013,,9.50689116839014,56.487760867855,4.90058576864329,3.92312074519106,-1.84506690261176,19.522500121755,5.0106381194167,17.3516333336233,4.40493712020751,10.5177916679111,1.43991386908741,16.273
SDN,2014,,7.60891112283276,45.2388242895741,4.31031776521854,2.52698516017578,-0.905266277526848,25.4217512033133,50.1544816247277,13.2361978812986,7.36125182274434,8.15064686274859,1.02300097644082,15.41
SDN,2015,,6.42291092918573,42.8323529853489,10.6504289695058,3.34135261447755,-1.24328515368576,20.5010125619895,53.7125503293282,11.9553619254684,6.58112506834888,8.12473335981359,0.292676390954571,14.39
SDN,2016,,5.00449100738247,51.1473148369104,6.33691525263901,2.49532759301928,-1.73965155737777,36.341987786866,10.625447909553,10.2771788829636,5.12851531244437,8.21971643252736,0.35986421105173,13.656
SDN,2017,,6.11214425821293,55.4341564956713,4.16552097640629,2.58043876395005,,21.1766579626125,12.9417898676253,11.7192455714973,,8.38975613758766,0.515788151199867,13.0
SDN,2018,,7.65020198466392,71.4394464809636,4.19894498062309,3.51269523880448,,29.9100868799566,14.3046984999341,14.2177167427683,,9.35475603325025,1.3150777470696,12.347
SDN,2019,,8.45298341762853,74.3660545239152,3.75873467947796,2.55226968828806,,,,17.666637037634,,9.17361614121809,1.61517721904827,11.697
SDN,2020,,5.12531269468598,93.152816991005,2.87878024275031,2.65193447042229,,,,4.82983238157553,,7.89088716237967,1.8323008553696,11.995
SDN,2021,,2.2498704277993,69.8676399582301,45.218288862013,1.52754029838982,,,,1.87767821048496,,6.61986449215035,3.26916579487434,11.087
SDN,2022,,1.57116183055586,44.3585061389123,2.95622866961282,1.11000421594226,,,,1.12767260530269,,5.63980468495649,2.90211266882246,7.53
SDN,2023,,1.10810859308483,58.0030635125029,,1.37399372870934,,,,1.36562018959182,,,,
SDN,2024,,0.720930190156301,45.3986291468877,,,,,,1.27448191209378,,,,
SDN,2025,,1.1030420269355,,,,,,,1.27888825694147,,,,
SOM,2010,,,110.242347630463,,4.16696585149836,,,,,,,,18.741
SOM,2011,,,102.033543095271,,3.50997923598382,,,,,,,,18.761
SOM,2012,,19.5524000374862,67.3687213629642,,2.45906325256211,,,,69.0212460407427,,,,18.771
SOM,2013,,18.6178689226979,58.417132359056,0.0719530835380835,5.09591217775954,,,,64.7231302031399,,,,18.655
SOM,2014,,19.1628937165159,49.7936798453941,0.00408789473684211,4.55624629490798,,,,62.5381477394163,,,,18.595
SOM,2015,,16.8715688310983,45.2495379770867,0.003587502787068,4.92510820324606,,,,59.6077634074256,,,,18.495
SOM,2016,,16.1359579394828,41.6905357744833,0.00413834351145038,4.9896102178043,,,,58.225604612142,,,,18.611
SOM,2017,,13.0465010418362,37.4050831874032,0.00349480846774194,4.84156553446397,0.0352665520986359,,,55.6291480514478,,,,18.455
SOM,2018,1.64952305586339,14.2131334942208,67.7767660919484,0.00535729148753224,5.18226851263813,0.0987515676639528,,,59.6087895338499,,2.34877290879434,,18.7
SOM,2019,4.23573281598442,13.0660813308688,62.3503074480711,0.0542342990654206,5.16404805914972,0.273356384738217,,,57.231977818854,,2.40775888915885,,18.828
SOM,2020,3.47079434250694,13.6532220676866,53.4531991684809,66.9037623716381,6.18915159944367,0.185714421085849,,,62.0421882243857,2.85170952926266,2.61476555249078,,19.414
SOM,2021,2.32250827107724,16.1552251397237,43.8741204568577,1.09873257106759,6.33765685964357,-0.873966032050765,,,62.9442159654118,0.382667096112316,3.40272937477728,,19.662
SOM,2022,1.76552816050369,17.6810741938645,40.3125376815559,1.07407103336921,6.23346074683917,0.106585400803479,,,73.0765461138881,0.0960014322121721,3.91177494692927,,19.112
SOM,2023,2.26632125393185,21.9383099105676,28.3163805466625,1.23042699939331,6.17357181967512,15.6850818678396,,,81.1826975725497,0.0970249917318939,5.07180182048566,,18.96
SOM,2024,2.69173727183634,31.2108297819002,14.918886594174,0.656954967744848,6.39257959388318,0.15162225665709,,,99.1142308013704,0.6381167495069,5.43098050942767,,18.949
SOM,2025,2.64509995058635,29.2484917491797,,,,,,,98.8149470599555,,,,18.948
SSD,2010,,61.4344828173072,,,,,,,29.5089655488059,,,,12.473
SSD,2011,,66.0761203752424,,,,,,,27.1507393796766,,0.497601393833536,,12.585
SSD,2012,,42.8320523585268,,,1.34937246395858,,,,28.7877590362221,,1.12348529534462,,12.803
SSD,2013,,9.74075785850552,,,-4.30359174766787,,,,41.0704887322407,,1.13382804534706,,12.665
SSD,2014,,38.3916172930278,,,0.00741877910985015,,,,26.2429005140531,,1.81010943088354,0.0142213144985937,12.561
SSD,2015,,36.6513492804707,,,0.0012502291294692,,,,28.8999999040295,,2.3046060068698,9.49107276206113,12.464
SSD,2016,,,,,,,,,,,4.42474874705564,,12.854
SSD,2017,,,,,,,,,,,1.7050712207929,,12.983
SSD,2018,,,,,,,,,,,1.52680961002147,,12.853
SSD,2019,,,,,,,,,,,1.70350480610621,,12.656
SSD,2020,,,,,,,,,,,1.92500455443695,,14.246
SSD,2021,,,,,,,,,,,2.75015423943811,,13.95
SSD,2022,,,,,,,,,,,3.01716131679904,,12.475
SSD,2023,,,,,,,,,,,3.04769880153433,,12.374
SSD,2024,,,,,,,,,,,5.76315463209053,,
SSD,2025,,,,,,,,,,,3.24249880212429,,
SYR,2010,,32.1667841253209,9.1913069653018,3.14853680210342,2.39318605915641,,21.0381561064069,49.8858724288123,31.843378069124,,21.9364546932851,2.64296583627308,8.61
SYR,2011,,19.3693262797983,7.90836038522254,,1.19065647696386,,,,31.3267640239015,,20.7425231347911,,8.626
SYR,2012,,7.71461782136059,11.4414279165918,,,,,,27.6540725102336,,,,13.8
SYR,2013,,7.77801797227006,23.3162725196197,,,,,,36.9272368113289,,,,14.5
SYR,2014,,7.01577957143612,22.2854134120769,,,,,,47.2486429493624,,,,14.782
SYR,2015,,14.2911061178655,27.8870431007947,,,,,,36.7951069230783,,,,14.244
SYR,2016,,21.6801002606147,36.0051389653551,,,,,,45.4318404760268,,,,13.798
SYR,2017,,19.3396763257828,29.1823293373398,,,,,,41.7111781840868,,,,13.603
SYR,2018,,14.9170302242434,22.1336673786985,,,,,,35.7420774198957,,,,13.505
SYR,2019,,13.0100655511925,21.1296434834058,,,,,,28.9894026254051,,,,13.369
SYR,2020,,13.1892633653515,41.2551368690377,,,,,,30.0023561798712,,,,15.179
SYR,2021,,14.9508204374067,36.3553681697964,,,,,,44.0511918088493,,,,14.887
SYR,2022,,6.7771895571266,21.3077701970395,,,,,,28.6600525880316,,,,13.245
SYR,2023,,,25.331886032781,,,,,,,,,,13.27
SYR,2024,,,,,,,,,,,,,13.359
SYR,2025,,,,,,,,,,,,,13.569
TUN,2010,,47.9597286942428,51.3363537259654,10.5185387559429,2.88814231758981,-1.30973368370442,9.35129741435547,14.1724455435595,52.1912811425565,6.2759625730357,52.247103865602,4.4654169829179,13.049
TUN,2011,,46.0546537716688,49.7498678288209,11.6106901397124,0.899077534980039,-3.66229157810212,11.3213837770121,14.5522463732087,54.0517255325681,5.58252768747977,57.9347986271264,4.16533721221503,18.334
TUN,2012,,45.9128477724564,55.9749620256609,11.6025369076999,3.28518933963283,-4.81843906175359,9.06700335464711,16.7803635249074,55.6378761572116,5.60152180326642,57.8520427359494,4.78893888412121,17.63
TUN,2013,,44.889705324588,56.327937751119,10.9788598035086,2.1744128074392,,10.6275600954922,15.2132858501248,54.0652513616158,,57.9598823065191,4.70471677441917,15.934
TUN,2014,,42.947465118132,56.8190675921791,8.96579078346867,2.03842746868013,,9.70314700126179,13.186068132323,53.159638737738,,59.8085555890782,4.66786649981485,14.259
TUN,2015,,38.3998387567342,63.2230339634337,10.2955000471576,2.11999260597179,,11.1782262761405,7.20969744410097,48.848691902871,,60.1365541399108,4.3062419406206,15.159
TUN,2016,,38.2952955757822,68.0294246068561,12.0643180285348,1.40344558640993,,11.1407487499273,5.6449759317471,48.7973687883644,,62.2469554675417,4.10560044761404,15.557
TUN,2017,,41.7207863819275,81.888186770087,17.0256448889435,1.9233125677007,,11.0509034625033,5.96058193974094,54.0884116006529,,64.7537285373031,4.48331805727785,15.33
TUN,2018,,45.4857481712255,84.6215604863162,21.0902589057426,2.32248034984414,,10.4735011534641,5.68962559679174,58.3860760894097,,63.5224389825305,3.97992085606504,15.459
TUN,2019,,45.9503306922947,98.5572804435593,22.4869544487478,1.94487649950903,,10.5084628169452,5.52195852371031,56.3822840334945,,59.2903583224447,4.26980521845833,17.153
TUN,2020,,37.9918009809033,102.147025479701,27.6875616043912,1.46634304906862,,13.1628757149994,5.66992261834971,46.3415287262734,,67.6567184648519,5.36706286105133,17.651
TUN,2021,,41.7802023040094,93.8461326685163,30.2550200250386,1.16289301361367,,12.0513731767034,6.55409542266409,51.8532117623985,,64.667534646183,6.30339440555567,16.632
TUN,2022,,51.325939710781,93.3278878231755,23.5992385774526,1.43159199894021,,12.7608432391714,8.02677004326783,64.7698546733647,,66.0067667517737,6.24650668661797,15.3
TUN,2023,,53.0393939110608,90.2495580226375,24.116069227268,1.46351333844229,,13.3879850452307,6.20798342748048,59.0894641022935,,62.7305652264979,5.95811983250858,15.106
TUN,2024,,50.0016900287054,77.6996062630389,26.1724095779931,1.47747574805229,,11.503005195086,6.23208030817829,56.2968591755414,,60.6117249735149,6.33501731969712,15.341
TUN,2025,,46.6517326028796,,,,,,,54.7944728488274,,57.6858342508575,,15.108
TUR,2010,3.48959158482402,21.5899457839207,41.0990751678409,37.2333390546006,1.16274364749147,-2.73706177865043,3.99512236240813,3.83635976512141,25.3533908870685,10.6399113741961,44.0459707563417,0.232446499042421,11.879
TUR,2011,2.57632211204451,23.4903574412774,38.6013112607881,31.3834630221049,1.91686136260632,-0.726181221783564,4.4231678627251,4.75328243521876,30.1612264563406,9.22930640813633,48.7422084050823,0.223053389308349,9.789
TUR,2012,2.7433675978872,24.9658181147838,40.4357594121779,26.771512062507,1.55241965245755,-0.127730797432328,4.40501167048219,4.90475359189769,28.3619431820769,8.3899089364427,51.5586765950105,0.212463719897603,9.21
TUR,2013,2.63627102630173,24.403259811358,42.3711460982425,27.1626121370026,1.40962960980578,0.279509002150069,4.90097457080928,6.11133521147795,28.6650931929463,6.97426364209265,59.9792914244143,0.19757471711574,9.713
TUR,2014,2.74183131997442,25.8173246854016,44.4602073781668,23.8539286016856,1.41530142282668,0.269361188352854,5.7238882018084,4.36813821626103,28.4894493558784,6.75624697579165,63.2376327204216,0.184539939588783,9.901
TUR,2015,2.98772329214313,25.280784580735,46.7405303729401,25.3789734982834,2.225752648523,0.376091561208709,5.80119499346178,3.26418101924191,26.5941406789482,6.08837306061733,66.3898521051604,0.1618792223735,10.304
TUR,2016,3.10968373133546,23.6322024334399,46.3614777541171,36.4254391256231,1.58873607703875,-0.974999415026735,6.01730834595265,2.13742856858285,25.2379813745471,5.88028686034876,69.2826364676667,0.137916301302749,10.899
TUR,2017,2.84271365893526,26.5394989930636,52.6882928024745,37.362997807429,1.29532700760314,-2.60245067681052,5.89323990944807,2.75372472293348,29.5961595228053,6.54203066159967,70.0844027288208,0.122239974980242,10.919
TUR,2018,3.68690904641213,31.7278536539697,55.4453574540502,33.4794771797331,1.57923380202967,-2.20511093526739,6.0896624227992,3.12270042185464,31.0972787311468,8.64424774484724,66.6976668187438,0.145492463528356,10.956
TUR,2019,5.0229492930967,33.0298811646869,55.3071524639806,33.2432164759356,1.22536076199392,-3.92445523823865,6.83311029375475,4.49416367984142,29.548577767937,7.53250431444424,64.2557519386267,0.110330158016913,13.73
TUR,2020,3.8900924404522,28.7400043468285,60.3150906136416,40.7367712535302,1.02531493703228,-4.46634618652819,6.7165834890423,2.69239035084596,31.6498487704686,9.5269513304237,75.2676019236764,0.11122799635979,13.148
TUR,2021,2.97599400811766,35.0536332850518,53.7425891882514,25.3396609190239,1.50891969619413,-1.26647365629945,6.42706260735525,3.69000155336288,34.5552643235919,9.85382518424099,70.9983608541485,0.0864348823920577,11.969
TUR,2022,1.97901752159552,38.1412107474416,50.758322367613,19.6812294560508,1.48839623728753,-2.95717737537508,6.31093067974344,6.32564856668837,41.7570614839925,15.4826696359583,53.4262221477913,0.0751540758235723,10.465
TUR,2023,1.48012751953029,31.9135926809724,45.157151097837,20.909547158823,0.933806495534912,-4.29865292389269,6.54790608311516,6.36477511937887,33.7696157928943,10.9661561937879,48.7952169007544,0.0901648572680327,9.388
TUR,2024,1.6536819200798,27.5682232095509,39.3880494718611,23.4318472180701,0.860701598247461,-2.95931437041885,6.21498601848316,6.16442555598186,27.0305829100406,11.655324836036,42.9671022144841,0.0722524337048219,8.8
TUR,2025,,24.8497719904256,,,,,,,25.0849063722672,,45.7827602523781,,8.52
YEM,2010,,29.9950775630093,22.3614461274604,2.75557071670601,0.610357927076417,,30.7352639542148,91.4220414145968,34.3905592167085,,6.28934064963713,4.93743283602093,12.777
YEM,2011,,30.3404241701511,21.1560386850362,2.63495345635786,-1.58233916831705,,31.524145414549,90.737252598481,32.7190337847532,,5.0687258112031,4.28986760853835,13.311
YEM,2012,,24.8637169658953,22.4223066776646,2.70662767220756,-0.0402221829314871,,32.476138823219,92.1393209494491,36.497920216673,,4.6454040882474,9.46574563057419,13.473
YEM,2013,,22.3595984891919,19.9195898806446,2.8266027945508,-0.330496410064222,,28.6187727613227,84.9361805839103,30.152279647517,,5.63671954137487,8.2703963723937,13.673
YEM,2014,,21.4840870786547,18.9285075475327,3.84110344749818,-0.539237328374498,,39.7165489445308,69.6394754134209,26.7589534336227,,,7.75065844763373,13.467
YEM,2015,,9.05157754562319,17.6143618724711,18.9446037336929,-0.0363882528160336,,45.9041257732447,0.191164987703412,21.3160815388406,,,7.89383968135786,17.9
YEM,2016,,4.80920276121921,22.8411480514233,14.5629550318343,-1.79131212045889,,,,26.2723415296367,,,12.0397376477868,18.42
YEM,2017,,9.68824758544873,27.5534343808365,,-1.00531889341895,,,,33.2816570867479,,,,18.611
YEM,2018,,8.75610238271449,33.5129923155829,,-1.30563839823089,,40.1803513582152,,47.3217203387932,,,,17.593
YEM,2019,,,,,,,39.0913660243153,0.145219187999619,,,,,17.213
YEM,2020,,,,,,,,,,,,,17.963
YEM,2021,,,,,,,,,,,,,18.312
YEM,2022,,,,,,,,,,,,,17.224
YEM,2023,,,,,,,,,,,,,16.944
YEM,2024,,,,,,,,,,,,,16.97
YEM,2025,,,,,,,,,,,,,17.322
