reporter_code,flow,year,partner_comtrade_code,partner_code,value_usd
DZA,X,2024,4,AFG,15870.525
DZA,X,2024,8,,73657994.039
DZA,X,2024,20,,134852.711
DZA,X,2024,24,,1234826.559
DZA,X,2024,31,,422304.294
DZA,X,2024,32,,93272181.975
DZA,X,2024,36,,80791707.928
DZA,X,2024,40,,538731.967
DZA,X,2024,44,,56392532.52
DZA,X,2024,48,BHR,677989.238
DZA,X,2024,50,BGD,33191064.878
DZA,X,2024,56,,1458906153.292
DZA,X,2024,70,,67806.708
DZA,X,2024,76,,1319036624.988
DZA,X,2024,100,,31140986.147
DZA,X,2024,112,,107120.141
DZA,X,2024,116,,70922.809
DZA,X,2024,120,,2279485.466
DZA,X,2024,124,,323351424.33
DZA,X,2024,144,LKA,73242.41
DZA,X,2024,148,,651340.824
DZA,X,2024,152,,10167107.612
DZA,X,2024,156,,1987064772.979
DZA,X,2024,170,,48245953.319
DZA,X,2024,174,,5221.895
DZA,X,2024,178,,2172901157.895
DZA,X,2024,188,,127.065
DZA,X,2024,191,,173698410.602
DZA,X,2024,192,,47087842.122
DZA,X,2024,196,,57830636.448
DZA,X,2024,203,,609443.915
DZA,X,2024,204,,6518326.562
DZA,X,2024,208,,321238.156
DZA,X,2024,214,,9536092.014
DZA,X,2024,218,,195358.602
DZA,X,2024,222,,32110.003
DZA,X,2024,226,,3981628.918
DZA,X,2024,233,,41068.113
DZA,X,2024,246,,4953693.042
DZA,X,2024,251,,7565152815.413
DZA,X,2024,262,DJI,147713.73
DZA,X,2024,266,,2657155.947
DZA,X,2024,268,,90333.751
DZA,X,2024,270,,5469141.515
DZA,X,2024,276,,228691993.744
DZA,X,2024,288,,29824979.909
DZA,X,2024,300,,240734721.226
DZA,X,2024,320,,126734.17
DZA,X,2024,324,,63162681.261
DZA,X,2024,344,,1867836.068
DZA,X,2024,348,,2189.761
DZA,X,2024,352,,104172.75
DZA,X,2024,360,,605924273.502
DZA,X,2024,364,IRN,3178.365
DZA,X,2024,368,IRQ,16750844.827
DZA,X,2024,372,,77452222.007
DZA,X,2024,380,,12435692363.447
DZA,X,2024,384,,68800843.807
DZA,X,2024,388,,30536.909
DZA,X,2024,392,,163482949.264
DZA,X,2024,398,,521241.809
DZA,X,2024,400,JOR,4871662.783
DZA,X,2024,404,,54025408.489
DZA,X,2024,414,KWT,114992.431
DZA,X,2024,422,LBN,71620853.773
DZA,X,2024,428,,77242777.662
DZA,X,2024,430,,4.976
DZA,X,2024,434,LBY,137283784.207
DZA,X,2024,440,,413313729.126
DZA,X,2024,442,,2873.743
DZA,X,2024,450,,233895.843
DZA,X,2024,458,,28632058.792
DZA,X,2024,466,,2746525.773
DZA,X,2024,470,,145547659.849
DZA,X,2024,478,,56000264.573
DZA,X,2024,480,,225250.935
DZA,X,2024,484,,22760828.258
DZA,X,2024,490,,65191.221
DZA,X,2024,499,,20904.636
DZA,X,2024,504,MAR,34919049.39
DZA,X,2024,508,,59411.103
DZA,X,2024,512,OMN,718900.123
DZA,X,2024,528,,2409825292.026
DZA,X,2024,554,,1001411.522
DZA,X,2024,562,,20269761.289
DZA,X,2024,566,,14390105.011
DZA,X,2024,579,,40488284.635
DZA,X,2024,586,PAK,10547844.985
DZA,X,2024,591,,2558632.535
DZA,X,2024,600,,133131.633
DZA,X,2024,604,,989968.952
DZA,X,2024,608,,843852.599
DZA,X,2024,616,,126642760.839
DZA,X,2024,620,,1132787215.713
DZA,X,2024,624,,113434.071
DZA,X,2024,634,QAT,1478315.762
DZA,X,2024,642,,79176659.38
DZA,X,2024,643,,7674255.257
DZA,X,2024,670,,87906.668
DZA,X,2024,678,,174027.889
DZA,X,2024,682,SAU,157314996.739
DZA,X,2024,686,,7194456.63
DZA,X,2024,688,,1293061.795
DZA,X,2024,690,,878.34
DZA,X,2024,694,,1992306.105
DZA,X,2024,699,IND,1019406473.018
DZA,X,2024,702,,26474630.701
DZA,X,2024,703,,68563.085
DZA,X,2024,704,,3544762.349
DZA,X,2024,705,,1415093.782
DZA,X,2024,710,,90141658.459
DZA,X,2024,724,,6399012909.095
DZA,X,2024,729,SDN,4312.409
DZA,X,2024,740,,142064.191
DZA,X,2024,748,,166145.819
DZA,X,2024,752,,19881414.127
DZA,X,2024,757,,19389091.848
DZA,X,2024,760,SYR,1959799.269
DZA,X,2024,762,,15031.092
DZA,X,2024,764,,32473451.825
DZA,X,2024,768,,8769784.057
DZA,X,2024,780,,116326.375
DZA,X,2024,784,ARE,20326388.868
DZA,X,2024,788,TUN,1892259483.035
DZA,X,2024,792,TUR,3455273090.437
DZA,X,2024,804,,587621.221
DZA,X,2024,818,EGY,198968442.525
DZA,X,2024,826,,1383632464.734
DZA,X,2024,834,,52678.117
DZA,X,2024,842,,2594098929.643
DZA,X,2024,854,,200964.266
DZA,X,2024,858,,84496934.813
DZA,X,2024,860,,2.171
DZA,X,2024,862,,333313.276
DZA,X,2024,887,YEM,30932422.111
BHR,M,2023,4,AFG,1067384.143
BHR,M,2023,8,,590162.969
BHR,M,2023,10,,1045.574
BHR,M,2023,12,DZA,1362919.639
BHR,M,2023,28,,24687.792
BHR,M,2023,31,,1380557.743
BHR,M,2023,32,,19244976.63
BHR,M,2023,36,,1255600595.896
BHR,M,2023,40,,50758687.447
BHR,M,2023,44,,511.928
BHR,M,2023,48,BHR,12140611.264
BHR,M,2023,50,BGD,33026773.586
BHR,M,2023,51,,143557.648
BHR,M,2023,52,,70258.17
BHR,M,2023,56,,63279661.829
BHR,M,2023,64,BTN,956.306
BHR,M,2023,68,,212310.167
BHR,M,2023,70,,3130115.772
BHR,M,2023,76,,1391606012.477
BHR,M,2023,84,,140349.127
BHR,M,2023,86,,358.785
BHR,M,2023,90,,4655.332
BHR,M,2023,96,,14170.535
BHR,M,2023,100,,7505514.645
BHR,M,2023,104,,5727514.209
BHR,M,2023,108,,22019.614
BHR,M,2023,112,,469694.251
BHR,M,2023,116,,8656107.431
BHR,M,2023,120,,189883.412
BHR,M,2023,124,,232849974.813
BHR,M,2023,132,,2228.003
BHR,M,2023,136,,1158.806
BHR,M,2023,140,,520.375
BHR,M,2023,144,LKA,11061787.216
BHR,M,2023,148,,9605.138
BHR,M,2023,152,,154329849.456
BHR,M,2023,156,,2149969522.687
BHR,M,2023,166,,4519.29
BHR,M,2023,170,,3298769.248
BHR,M,2023,174,,81142.069
BHR,M,2023,180,,44962961.374
BHR,M,2023,188,,3219299.732
BHR,M,2023,191,,1743940.277
BHR,M,2023,192,,189693.265
BHR,M,2023,196,,6083748.247
BHR,M,2023,203,,58278314.264
BHR,M,2023,208,,51825707.039
BHR,M,2023,212,,10651.05
BHR,M,2023,214,,836041.439
BHR,M,2023,218,,5587530.917
BHR,M,2023,222,,505032.828
BHR,M,2023,226,,1568.021
BHR,M,2023,231,ETH,1559952.115
BHR,M,2023,232,ERI,3396.386
BHR,M,2023,233,,4655285.209
BHR,M,2023,239,,1487.851
BHR,M,2023,242,,393173.493
BHR,M,2023,246,,10255513.413
BHR,M,2023,251,,404375825.946
BHR,M,2023,258,,379927.414
BHR,M,2023,262,DJI,60.511
BHR,M,2023,266,,974953.856
BHR,M,2023,268,,286583.685
BHR,M,2023,270,,65883.053
BHR,M,2023,275,PSE,561764.581
BHR,M,2023,276,,526514152.543
BHR,M,2023,288,,84947.415
BHR,M,2023,292,,1870.298
BHR,M,2023,300,,19826609.448
BHR,M,2023,308,,6729.771
BHR,M,2023,316,,10957.596
BHR,M,2023,320,,3683582.723
BHR,M,2023,324,,3055.426
BHR,M,2023,328,,1423.032
BHR,M,2023,332,,5633.864
BHR,M,2023,336,,35363.011
BHR,M,2023,340,,644361.094
BHR,M,2023,344,,4862072.384
BHR,M,2023,348,,26356618.074
BHR,M,2023,352,,342201.81
BHR,M,2023,360,,103201075.83
BHR,M,2023,364,IRN,17049160.073
BHR,M,2023,368,IRQ,164295.151
BHR,M,2023,372,,96253095.29
BHR,M,2023,376,ISR,5364988.476
BHR,M,2023,380,,404584463.443
BHR,M,2023,384,,967156.093
BHR,M,2023,388,,19055.742
BHR,M,2023,392,,685678664.854
BHR,M,2023,398,,630127.285
BHR,M,2023,400,JOR,70926275.744
BHR,M,2023,404,,25970304.918
BHR,M,2023,410,,159788955.014
BHR,M,2023,414,KWT,184064280.385
BHR,M,2023,417,,47140.375
BHR,M,2023,418,,125867.042
BHR,M,2023,422,LBN,4049140.919
BHR,M,2023,426,,13595.657
BHR,M,2023,428,,1583257.716
BHR,M,2023,430,,3288.862
BHR,M,2023,434,LBY,43087.319
BHR,M,2023,440,,11124670.142
BHR,M,2023,442,,1585534.926
BHR,M,2023,446,,55518.58
BHR,M,2023,450,,396435.544
BHR,M,2023,458,,73729459.906
BHR,M,2023,462,MDV,35437.112
BHR,M,2023,466,,15910709.75
BHR,M,2023,470,,4370984.239
BHR,M,2023,478,,12642.995
BHR,M,2023,480,,309350.816
BHR,M,2023,484,,73936054.182
BHR,M,2023,490,,74207617.144
BHR,M,2023,496,,20411.407
BHR,M,2023,498,,595512.554
BHR,M,2023,499,,12185.048
BHR,M,2023,504,MAR,12712361.318
BHR,M,2023,508,,1577532.086
BHR,M,2023,512,OMN,137485063.803
BHR,M,2023,516,,80576.707
BHR,M,2023,520,,34081.144
BHR,M,2023,524,NPL,214923.045
BHR,M,2023,528,,123719353.116
BHR,M,2023,531,,10.005
BHR,M,2023,533,,3832.755
BHR,M,2023,540,,2829.412
BHR,M,2023,554,,47488836.885
BHR,M,2023,558,,81131.702
BHR,M,2023,562,,28914.989
BHR,M,2023,566,,10501253.484
BHR,M,2023,579,,13603517.057
BHR,M,2023,580,,171.862
BHR,M,2023,581,,10749.763
BHR,M,2023,583,,1197.133
BHR,M,2023,586,PAK,78312575.219
BHR,M,2023,591,,300732.571
BHR,M,2023,598,,6875.383
BHR,M,2023,600,,995822.79
BHR,M,2023,604,,2590300.317
BHR,M,2023,608,,27130519.407
BHR,M,2023,612,,27.904
BHR,M,2023,616,,151272647.42
BHR,M,2023,620,,19912243.056
BHR,M,2023,626,,10390.247
BHR,M,2023,634,QAT,9925302.624
BHR,M,2023,642,,18171394.176
BHR,M,2023,643,,8559120.62
BHR,M,2023,646,,42063.87
BHR,M,2023,654,,60154.455
BHR,M,2023,659,,11324.114
BHR,M,2023,660,,14457.308
BHR,M,2023,662,,238.404
BHR,M,2023,666,,114.098
BHR,M,2023,670,,3334.66
BHR,M,2023,674,,418397.017
BHR,M,2023,678,,2749.569
BHR,M,2023,682,SAU,976054458.748
BHR,M,2023,686,,36451.609
BHR,M,2023,688,,6612643.363
BHR,M,2023,690,,187351.074
BHR,M,2023,694,,153675.508
BHR,M,2023,699,IND,744442690.74
BHR,M,2023,702,,43340442.413
BHR,M,2023,703,,25512452.247
BHR,M,2023,704,,124177740.378
BHR,M,2023,705,,7666426.12
BHR,M,2023,706,SOM,8595000.801
BHR,M,2023,710,,42599670.426
BHR,M,2023,716,,120115.577
BHR,M,2023,724,,205251998.24
BHR,M,2023,729,SDN,1159090.866
BHR,M,2023,740,,31218.239
BHR,M,2023,752,,64535567.522
BHR,M,2023,757,,359267369.301
BHR,M,2023,760,SYR,9001844.917
BHR,M,2023,762,,15276.981
BHR,M,2023,764,,204109574.055
BHR,M,2023,768,,12380.739
BHR,M,2023,772,,81696.114
BHR,M,2023,780,,53074.747
BHR,M,2023,784,ARE,1441525459.136
BHR,M,2023,788,TUN,5167397.897
BHR,M,2023,792,TUR,214116897.181
BHR,M,2023,795,,7372.213
BHR,M,2023,800,,901983.42
BHR,M,2023,804,,4846853.647
BHR,M,2023,807,,334525.887
BHR,M,2023,818,EGY,113420266.618
BHR,M,2023,826,,378739449.748
BHR,M,2023,834,,3233997.158
BHR,M,2023,838,,45713899.725
BHR,M,2023,842,,973062208.1
BHR,M,2023,854,,29.798
BHR,M,2023,858,,10743670.486
BHR,M,2023,860,,368678.725
BHR,M,2023,862,,64104.311
BHR,M,2023,876,,2417.862
BHR,M,2023,882,,34026.205
BHR,M,2023,887,YEM,6614044.456
BHR,M,2023,894,,2325973.426
BHR,M,2023,899,,60892483.179
BHR,X,2023,8,,14509335.663
BHR,X,2023,12,DZA,298490824.965
BHR,X,2023,24,,3517773.061
BHR,X,2023,31,,168344.611
BHR,X,2023,32,,359166.342
BHR,X,2023,36,,124904419.783
BHR,X,2023,40,,34274475.321
BHR,X,2023,50,BGD,17196053.945
BHR,X,2023,51,,269579.31
BHR,X,2023,52,,9085.473
BHR,X,2023,56,,22734900.075
BHR,X,2023,70,,26489.455
BHR,X,2023,72,,20620.439
BHR,X,2023,76,,137059446.53
BHR,X,2023,96,,2393.617
BHR,X,2023,100,,34877022.543
BHR,X,2023,104,,7354699.526
BHR,X,2023,116,,880556.769
BHR,X,2023,120,,150858.186
BHR,X,2023,124,,26929505.439
BHR,X,2023,144,LKA,8689985.404
BHR,X,2023,148,,544260.743
BHR,X,2023,152,,2847424.183
BHR,X,2023,156,,35360192.557
BHR,X,2023,170,,29245435.752
BHR,X,2023,180,,713887.91
BHR,X,2023,188,,3709733.837
BHR,X,2023,191,,1186767.268
BHR,X,2023,196,,1208595.972
BHR,X,2023,203,,23640347.596
BHR,X,2023,204,,147545.521
BHR,X,2023,208,,20260621.609
BHR,X,2023,214,,1318174.98
BHR,X,2023,218,,13412220.832
BHR,X,2023,222,,6053041.181
BHR,X,2023,231,ETH,4254715.822
BHR,X,2023,232,ERI,5428.67
BHR,X,2023,233,,298844.215
BHR,X,2023,242,,58611.024
BHR,X,2023,246,,4602383.677
BHR,X,2023,251,,108222492.011
BHR,X,2023,258,,133343.72
BHR,X,2023,262,DJI,1136144.366
BHR,X,2023,266,,95060.614
BHR,X,2023,268,,375111.246
BHR,X,2023,270,,16928.646
BHR,X,2023,275,PSE,7208051.207
BHR,X,2023,276,,149659521.992
BHR,X,2023,288,,2130120.177
BHR,X,2023,300,,73854701.145
BHR,X,2023,320,,344.082
BHR,X,2023,324,,152930.936
BHR,X,2023,328,,211964.3
BHR,X,2023,344,,85010155.047
BHR,X,2023,348,,12699537.781
BHR,X,2023,360,,36251023.94
BHR,X,2023,364,IRN,348648.409
BHR,X,2023,368,IRQ,41001098.139
BHR,X,2023,372,,14205410.975
BHR,X,2023,376,ISR,8071116.872
BHR,X,2023,380,,254732901.449
BHR,X,2023,384,,1250981.677
BHR,X,2023,388,,664.894
BHR,X,2023,392,,134209871.855
BHR,X,2023,398,,96907.872
BHR,X,2023,400,JOR,81453741.441
BHR,X,2023,404,,10150711.724
BHR,X,2023,410,,239123426.848
BHR,X,2023,414,KWT,314922811.266
BHR,X,2023,422,LBN,9911765.052
BHR,X,2023,428,,24435.266
BHR,X,2023,430,,247962.052
BHR,X,2023,434,LBY,153933038.136
BHR,X,2023,440,,3804687.858
BHR,X,2023,442,,54083375.79
BHR,X,2023,446,,243988.904
BHR,X,2023,450,,40058.128
BHR,X,2023,454,,75126.545
BHR,X,2023,458,,189559198.461
BHR,X,2023,462,MDV,28870.705
BHR,X,2023,470,,128734.984
BHR,X,2023,478,,99819.3
BHR,X,2023,480,,12110095.237
BHR,X,2023,484,,114723913.747
BHR,X,2023,490,,119257788.215
BHR,X,2023,498,,1023020.079
BHR,X,2023,499,,6615630.637
BHR,X,2023,504,MAR,190986425.523
BHR,X,2023,508,,4949904.081
BHR,X,2023,512,OMN,380275950.639
BHR,X,2023,524,NPL,267657.648
BHR,X,2023,528,,539836876.189
BHR,X,2023,554,,13294748.664
BHR,X,2023,558,,30636.598
BHR,X,2023,562,,1595733.046
BHR,X,2023,566,,21160417.59
BHR,X,2023,579,,10041096.11
BHR,X,2023,586,PAK,13681558.98
BHR,X,2023,591,,178737.851
BHR,X,2023,600,,5689806.004
BHR,X,2023,604,,252365.263
BHR,X,2023,608,,8802167.082
BHR,X,2023,616,,67871127.477
BHR,X,2023,620,,2265734.224
BHR,X,2023,634,QAT,71906419.917
BHR,X,2023,642,,3143643.626
BHR,X,2023,643,,1274460.81
BHR,X,2023,646,,16137.473
BHR,X,2023,662,,30558.582
BHR,X,2023,682,SAU,2913822673.177
BHR,X,2023,686,,7712457.118
BHR,X,2023,688,,344484.23
BHR,X,2023,690,,215764.662
BHR,X,2023,699,IND,387845684.81
BHR,X,2023,702,,159391176.513
BHR,X,2023,703,,7334657.478
BHR,X,2023,704,,13241632.316
BHR,X,2023,705,,11356828.803
BHR,X,2023,706,SOM,748161.801
BHR,X,2023,710,,125375275.576
BHR,X,2023,724,,208898311.719
BHR,X,2023,729,SDN,2903978.909
BHR,X,2023,752,,13840512.328
BHR,X,2023,757,,38290547.631
BHR,X,2023,760,SYR,1228943.135
BHR,X,2023,764,,131893320.918
BHR,X,2023,768,,138639.781
BHR,X,2023,784,ARE,1771266924.698
BHR,X,2023,788,TUN,45188723.727
BHR,X,2023,792,TUR,369365274.374
BHR,X,2023,795,,10483.758
BHR,X,2023,800,,83915.255
BHR,X,2023,804,,57644.63
BHR,X,2023,818,EGY,458004007.818
BHR,X,2023,826,,64526491.868
BHR,X,2023,834,,6693792.214
BHR,X,2023,838,,28818452.075
BHR,X,2023,842,,1039410499.314
BHR,X,2023,858,,408365.007
BHR,X,2023,860,,648720.237
BHR,X,2023,887,YEM,33212293.056
BHR,X,2023,894,,681.146
BHR,X,2023,899,,103165272.442
EGY,M,2025,4,AFG,842891.913
EGY,M,2025,8,,1022786.688
EGY,M,2025,12,DZA,14726035.682
EGY,M,2025,20,,197497.11
EGY,M,2025,24,,953908.75
EGY,M,2025,28,,85718.407
EGY,M,2025,31,,4742760.716
EGY,M,2025,32,,576930391.134
EGY,M,2025,36,,374910971.22
EGY,M,2025,40,,376188379.675
EGY,M,2025,44,,65.541
EGY,M,2025,48,BHR,217586520.613
EGY,M,2025,50,BGD,63635087.194
EGY,M,2025,51,,961930.245
EGY,M,2025,52,,40960.062
EGY,M,2025,56,,1030096489.377
EGY,M,2025,64,BTN,48417.843
EGY,M,2025,68,,346476.024
EGY,M,2025,70,,7269083.301
EGY,M,2025,76,,4344767336.784
EGY,M,2025,84,,5227.077
EGY,M,2025,90,,13.518
EGY,M,2025,92,,311317.399
EGY,M,2025,96,,15891321.814
EGY,M,2025,100,,432782770.246
EGY,M,2025,108,,13055.647
EGY,M,2025,112,,17249265.506
EGY,M,2025,116,,16237446.044
EGY,M,2025,120,,6155905.211
EGY,M,2025,124,,340190578.248
EGY,M,2025,132,,6429.43
EGY,M,2025,140,,249064.959
EGY,M,2025,144,LKA,29715415.837
EGY,M,2025,148,,813416.816
EGY,M,2025,152,,124090997.775
EGY,M,2025,156,,18757377714.557
EGY,M,2025,170,,87996773.301
EGY,M,2025,174,,206860.2
EGY,M,2025,178,,111896.456
EGY,M,2025,180,,447350773.623
EGY,M,2025,188,,17047690.475
EGY,M,2025,191,,76761003.634
EGY,M,2025,192,,23006.519
EGY,M,2025,196,,433445493.765
EGY,M,2025,203,,431922011.667
EGY,M,2025,204,,9403946.57
EGY,M,2025,208,,268673484.341
EGY,M,2025,212,,808.702
EGY,M,2025,214,,5369058.434
EGY,M,2025,218,,9264018.87
EGY,M,2025,222,,226814.157
EGY,M,2025,226,,335189.423
EGY,M,2025,231,ETH,27965599.329
EGY,M,2025,232,ERI,2469.231
EGY,M,2025,233,,23926931.89
EGY,M,2025,246,,501393380.152
EGY,M,2025,251,,1744697808.321
EGY,M,2025,262,DJI,16513765.759
EGY,M,2025,266,,381386.276
EGY,M,2025,268,,38563662.452
EGY,M,2025,270,,8.017
EGY,M,2025,275,PSE,435834.199
EGY,M,2025,276,,4351857245.767
EGY,M,2025,288,,25828835.975
EGY,M,2025,300,,293451262.283
EGY,M,2025,308,,9999.963
EGY,M,2025,320,,20162586.35
EGY,M,2025,324,,111645423.324
EGY,M,2025,332,,29564.562
EGY,M,2025,340,,12096.543
EGY,M,2025,344,,61304903.791
EGY,M,2025,348,,226097275.269
EGY,M,2025,352,,13621876.491
EGY,M,2025,360,,1922104963.718
EGY,M,2025,364,IRN,2684096.106
EGY,M,2025,368,IRQ,5588118.954
EGY,M,2025,372,,457769158.045
EGY,M,2025,376,ISR,2337899314.13
EGY,M,2025,380,,2896156768.826
EGY,M,2025,384,,71137698.002
EGY,M,2025,388,,59477.795
EGY,M,2025,392,,891420289.906
EGY,M,2025,398,,34844379.739
EGY,M,2025,400,JOR,254359896.534
EGY,M,2025,404,,262635483.172
EGY,M,2025,410,,1192366315.968
EGY,M,2025,414,KWT,968183412.095
EGY,M,2025,418,,617065.134
EGY,M,2025,422,LBN,244662337.074
EGY,M,2025,426,,6962.943
EGY,M,2025,428,,47587871.147
EGY,M,2025,430,,34849.278
EGY,M,2025,434,LBY,39582586.642
EGY,M,2025,440,,82131299.243
EGY,M,2025,442,,21819602.466
EGY,M,2025,446,,1723006.782
EGY,M,2025,450,,13282829.393
EGY,M,2025,454,,26106883.183
EGY,M,2025,458,,699150992.469
EGY,M,2025,462,MDV,1698.794
EGY,M,2025,466,,174913.807
EGY,M,2025,470,,606966.148
EGY,M,2025,473,,284007.217
EGY,M,2025,478,,22963358.782
EGY,M,2025,480,,244328.223
EGY,M,2025,484,,214880891.692
EGY,M,2025,490,,359885643.801
EGY,M,2025,498,,10179985.057
EGY,M,2025,499,,542920.052
EGY,M,2025,500,,226.524
EGY,M,2025,504,MAR,73290113.079
EGY,M,2025,508,,3667584.375
EGY,M,2025,512,OMN,552215834.789
EGY,M,2025,516,,290162.406
EGY,M,2025,524,NPL,17770.819
EGY,M,2025,528,,1113290077.555
EGY,M,2025,531,,1524.783
EGY,M,2025,554,,213870565.805
EGY,M,2025,558,,278490.242
EGY,M,2025,562,,76440.114
EGY,M,2025,566,,12991561.764
EGY,M,2025,568,,618688426.122
EGY,M,2025,579,,264359685.084
EGY,M,2025,584,,300601.057
EGY,M,2025,586,PAK,106071084.095
EGY,M,2025,591,,30823.319
EGY,M,2025,598,,25988.7
EGY,M,2025,600,,19567761.387
EGY,M,2025,604,,16805384.371
EGY,M,2025,608,,25034395.65
EGY,M,2025,616,,480667852.132
EGY,M,2025,620,,195781746.869
EGY,M,2025,624,,65399.759
EGY,M,2025,634,QAT,43253264.47
EGY,M,2025,642,,395624399.218
EGY,M,2025,643,,5193418645.782
EGY,M,2025,646,,434540.389
EGY,M,2025,654,,19301.035
EGY,M,2025,674,,752127.905
EGY,M,2025,678,,20303.333
EGY,M,2025,682,SAU,9452609019.852
EGY,M,2025,686,,163645566.681
EGY,M,2025,688,,87715420.124
EGY,M,2025,690,,38171.489
EGY,M,2025,694,,887817.339
EGY,M,2025,699,IND,3633189568.276
EGY,M,2025,702,,244170262.908
EGY,M,2025,703,,141703683.069
EGY,M,2025,704,,701105232.468
EGY,M,2025,705,,119713754.092
EGY,M,2025,706,SOM,7776601.188
EGY,M,2025,710,,144264395.733
EGY,M,2025,716,,4693584.736
EGY,M,2025,724,,1599023101.244
EGY,M,2025,728,SSD,108776.354
EGY,M,2025,729,SDN,259560378.7
EGY,M,2025,740,,67463.032
EGY,M,2025,748,,9772906.512
EGY,M,2025,752,,1154782916.73
EGY,M,2025,757,,578262263.859
EGY,M,2025,760,SYR,110268360.756
EGY,M,2025,762,,200370.537
EGY,M,2025,764,,808943982.93
EGY,M,2025,768,,1957.721
EGY,M,2025,780,,149625002.693
EGY,M,2025,784,ARE,2638668099.084
EGY,M,2025,788,TUN,71977036.768
EGY,M,2025,792,TUR,3659159444.835
EGY,M,2025,795,,54065529.759
EGY,M,2025,800,,36156372.967
EGY,M,2025,804,,1893388059.48
EGY,M,2025,807,,7711686.221
EGY,M,2025,826,,1666116651.039
EGY,M,2025,834,,8614530.045
EGY,M,2025,837,,1184607.229
EGY,M,2025,842,,12775142410.484
EGY,M,2025,854,,25281.877
EGY,M,2025,858,,78287424.828
EGY,M,2025,860,,77488965.072
EGY,M,2025,862,,8045816.947
EGY,M,2025,882,,127699.869
EGY,M,2025,887,YEM,62950599.963
EGY,M,2025,894,,7585568.042
EGY,M,2025,899,,167851458.832
EGY,X,2025,4,AFG,1148570.19
EGY,X,2025,8,,94994242.777
EGY,X,2025,12,DZA,1173309416.909
EGY,X,2025,24,,49092855.736
EGY,X,2025,28,,343449.77
EGY,X,2025,31,,101097809.534
EGY,X,2025,32,,30869881.441
EGY,X,2025,36,,51326813.503
EGY,X,2025,40,,38442355.129
EGY,X,2025,44,,120502.67
EGY,X,2025,48,BHR,76394251.832
EGY,X,2025,50,BGD,123927238.652
EGY,X,2025,51,,4216924.417
EGY,X,2025,52,,557612.851
EGY,X,2025,56,,438568866.336
EGY,X,2025,68,,1030947.29
EGY,X,2025,70,,18292017.238
EGY,X,2025,72,,278502.183
EGY,X,2025,76,,1123347638.028
EGY,X,2025,84,,30428.62
EGY,X,2025,92,,88722.38
EGY,X,2025,96,,992788.865
EGY,X,2025,100,,336880989.512
EGY,X,2025,108,,15990824.945
EGY,X,2025,112,,42508057.039
EGY,X,2025,116,,3078519.593
EGY,X,2025,120,,43112657.085
EGY,X,2025,124,,195594192.398
EGY,X,2025,132,,2799530.058
EGY,X,2025,140,,11119019.664
EGY,X,2025,144,LKA,6934615.703
EGY,X,2025,148,,40310946.594
EGY,X,2025,152,,14867420.996
EGY,X,2025,156,,491275525.294
EGY,X,2025,170,,14768421.626
EGY,X,2025,174,,1702033.841
EGY,X,2025,178,,15686489.379
EGY,X,2025,180,,14309322.455
EGY,X,2025,188,,8740996.286
EGY,X,2025,191,,44931225.927
EGY,X,2025,192,,10764426.872
EGY,X,2025,196,,119241714.803
EGY,X,2025,203,,175476628.93
EGY,X,2025,204,,10150846.707
EGY,X,2025,208,,81285064.337
EGY,X,2025,212,,1114011.081
EGY,X,2025,214,,30387000.421
EGY,X,2025,218,,11135006.139
EGY,X,2025,222,,5542323.163
EGY,X,2025,226,,1445555.574
EGY,X,2025,231,ETH,79450980.254
EGY,X,2025,232,ERI,7529319.145
EGY,X,2025,233,,6246254.362
EGY,X,2025,246,,42361727.045
EGY,X,2025,251,,1103407262.033
EGY,X,2025,262,DJI,35843377.505
EGY,X,2025,266,,16016504.318
EGY,X,2025,268,,109767160.479
EGY,X,2025,270,,24405079.687
EGY,X,2025,275,PSE,438782267.985
EGY,X,2025,276,,1249055284.774
EGY,X,2025,288,,129046451.209
EGY,X,2025,300,,749523207.149
EGY,X,2025,308,,102175.56
EGY,X,2025,320,,27021295.268
EGY,X,2025,324,,34279640.618
EGY,X,2025,332,,23556313.148
EGY,X,2025,340,,3139181.28
EGY,X,2025,344,,17218191.861
EGY,X,2025,348,,178771512.095
EGY,X,2025,352,,129792.177
EGY,X,2025,360,,177989081.039
EGY,X,2025,364,IRN,4056956.176
EGY,X,2025,368,IRQ,881859385.473
EGY,X,2025,372,,188799413.357
EGY,X,2025,376,ISR,304064094.51
EGY,X,2025,380,,4042094988.676
EGY,X,2025,384,,176452629.774
EGY,X,2025,388,,1755893.156
EGY,X,2025,392,,57519496.704
EGY,X,2025,398,,108704317.26
EGY,X,2025,400,JOR,744227471.882
EGY,X,2025,404,,330655020.694
EGY,X,2025,410,,61510779.538
EGY,X,2025,414,KWT,330084304.184
EGY,X,2025,422,LBN,970457251.413
EGY,X,2025,426,,7198.472
EGY,X,2025,428,,15208415.617
EGY,X,2025,430,,17131847.884
EGY,X,2025,434,LBY,1494112605.681
EGY,X,2025,440,,98500319.708
EGY,X,2025,442,,3990165.686
EGY,X,2025,446,,130.0
EGY,X,2025,450,,109021959.34
EGY,X,2025,454,,9307727.18
EGY,X,2025,458,,88043167.145
EGY,X,2025,462,MDV,4049921.259
EGY,X,2025,466,,22847898.664
EGY,X,2025,470,,161871636.555
EGY,X,2025,478,,59694306.571
EGY,X,2025,480,,53904478.279
EGY,X,2025,484,,81563409.211
EGY,X,2025,490,,15772614.77
EGY,X,2025,496,,75853.5
EGY,X,2025,498,,2579150.566
EGY,X,2025,499,,33939796.848
EGY,X,2025,504,MAR,1085632312.212
EGY,X,2025,508,,46643876.539
EGY,X,2025,512,OMN,188626711.552
EGY,X,2025,516,,1325182.08
EGY,X,2025,524,NPL,807252.046
EGY,X,2025,527,,5592.5
EGY,X,2025,528,,1118739474.041
EGY,X,2025,531,,422958.017
EGY,X,2025,548,,19496.2
EGY,X,2025,554,,7212955.296
EGY,X,2025,558,,1024848.22
EGY,X,2025,562,,10823299.996
EGY,X,2025,566,,201674488.3
EGY,X,2025,579,,27330551.41
EGY,X,2025,586,PAK,123950546.89
EGY,X,2025,591,,19591837.914
EGY,X,2025,598,,13760.0
EGY,X,2025,600,,3605045.565
EGY,X,2025,604,,19885624.583
EGY,X,2025,608,,15868523.276
EGY,X,2025,616,,433080394.682
EGY,X,2025,620,,138287842.841
EGY,X,2025,624,,486317.71
EGY,X,2025,634,QAT,119944577.579
EGY,X,2025,642,,600695060.748
EGY,X,2025,643,,810810855.699
EGY,X,2025,646,,49026540.346
EGY,X,2025,659,,21284.26
EGY,X,2025,662,,114845.0
EGY,X,2025,670,,133998.4
EGY,X,2025,678,,1392699.362
EGY,X,2025,682,SAU,2981209224.376
EGY,X,2025,686,,77025447.06
EGY,X,2025,688,,62694572.713
EGY,X,2025,690,,6523290.473
EGY,X,2025,694,,24078606.871
EGY,X,2025,699,IND,641583155.39
EGY,X,2025,702,,20937048.109
EGY,X,2025,703,,280040581.793
EGY,X,2025,704,,61143527.025
EGY,X,2025,705,,384081358.631
EGY,X,2025,706,SOM,131828223.601
EGY,X,2025,710,,162308780.518
EGY,X,2025,716,,40496892.223
EGY,X,2025,724,,1415711083.295
EGY,X,2025,728,SSD,3321567.63
EGY,X,2025,729,SDN,933302902.41
EGY,X,2025,740,,4154223.436
EGY,X,2025,748,,10344412.0
EGY,X,2025,752,,49957057.573
EGY,X,2025,757,,1758780063.93
EGY,X,2025,760,SYR,422917991.411
EGY,X,2025,762,,564702.637
EGY,X,2025,764,,24343165.076
EGY,X,2025,768,,29313341.727
EGY,X,2025,780,,2031782.6
EGY,X,2025,784,ARE,7030540628.601
EGY,X,2025,788,TUN,439693184.674
EGY,X,2025,792,TUR,3296689907.642
EGY,X,2025,795,,1233435.05
EGY,X,2025,800,,115873700.509
EGY,X,2025,804,,98559241.266
EGY,X,2025,807,,54308267.776
EGY,X,2025,826,,1597873192.533
EGY,X,2025,834,,51863775.412
EGY,X,2025,837,,864777214.18
EGY,X,2025,842,,2706227341.341
EGY,X,2025,854,,28239844.721
EGY,X,2025,858,,11602306.215
EGY,X,2025,860,,8304008.611
EGY,X,2025,862,,10437414.521
EGY,X,2025,882,,5115.5
EGY,X,2025,887,YEM,335799290.114
EGY,X,2025,894,,19936607.46
EGY,X,2025,899,,156302295.413
IRQ,M,2023,12,DZA,550250.0
IRQ,M,2023,31,,27560.0
IRQ,M,2023,32,,49952117.0
IRQ,M,2023,36,,10750301.0
IRQ,M,2023,40,,9881855.0
IRQ,M,2023,48,BHR,5033322.0
IRQ,M,2023,50,BGD,33710.0
IRQ,M,2023,51,,46207.0
IRQ,M,2023,56,,67530337.0
IRQ,M,2023,76,,489796627.0
IRQ,M,2023,100,,60392426.0
IRQ,M,2023,104,,374400.0
IRQ,M,2023,112,,931820.0
IRQ,M,2023,124,,153686146.0
IRQ,M,2023,140,,84000.0
IRQ,M,2023,144,LKA,51159616.0
IRQ,M,2023,152,,175608.0
IRQ,M,2023,156,,4345465220.0
IRQ,M,2023,170,,15287000.0
IRQ,M,2023,191,,1732056.0
IRQ,M,2023,196,,6796660.0
IRQ,M,2023,203,,159903561.0
IRQ,M,2023,208,,32816653.0
IRQ,M,2023,212,,1734.0
IRQ,M,2023,214,,66325.0
IRQ,M,2023,218,,62179372.0
IRQ,M,2023,231,ETH,270420.0
IRQ,M,2023,232,ERI,1000.0
IRQ,M,2023,233,,65600.0
IRQ,M,2023,246,,100502434.0
IRQ,M,2023,251,,142319803.0
IRQ,M,2023,275,PSE,50510.0
IRQ,M,2023,276,,541422276.0
IRQ,M,2023,300,,19541923.0
IRQ,M,2023,320,,2564050.0
IRQ,M,2023,344,,2678.0
IRQ,M,2023,348,,400530.0
IRQ,M,2023,352,,23065.0
IRQ,M,2023,360,,37673651.0
IRQ,M,2023,364,IRN,3732072221.0
IRQ,M,2023,372,,67391553.0
IRQ,M,2023,380,,131591130.0
IRQ,M,2023,392,,631299476.0
IRQ,M,2023,400,JOR,611084006.0
IRQ,M,2023,404,,302159.0
IRQ,M,2023,408,,857859.0
IRQ,M,2023,410,,856328632.0
IRQ,M,2023,414,KWT,107832494.0
IRQ,M,2023,422,LBN,38013964.0
IRQ,M,2023,428,,281863.0
IRQ,M,2023,440,,8355.0
IRQ,M,2023,442,,79422.0
IRQ,M,2023,450,,1100282.0
IRQ,M,2023,458,,257285279.0
IRQ,M,2023,470,,1572611.0
IRQ,M,2023,484,,167388970.0
IRQ,M,2023,490,,1143368744.0
IRQ,M,2023,504,MAR,15200.0
IRQ,M,2023,512,OMN,28790184.0
IRQ,M,2023,528,,29286795.0
IRQ,M,2023,554,,4009367.0
IRQ,M,2023,566,,87600.0
IRQ,M,2023,568,,291416602.0
IRQ,M,2023,579,,54654.0
IRQ,M,2023,586,PAK,9042708.0
IRQ,M,2023,604,,156760.0
IRQ,M,2023,608,,963706.0
IRQ,M,2023,616,,3477249.0
IRQ,M,2023,620,,18974875.0
IRQ,M,2023,626,,6075.0
IRQ,M,2023,634,QAT,6817103.0
IRQ,M,2023,642,,27745019.0
IRQ,M,2023,643,,15997520.0
IRQ,M,2023,682,SAU,390024019.0
IRQ,M,2023,688,,17200.0
IRQ,M,2023,699,IND,962375965.0
IRQ,M,2023,702,,55345732.0
IRQ,M,2023,703,,69786722.0
IRQ,M,2023,704,,53770224.0
IRQ,M,2023,705,,6991844.0
IRQ,M,2023,706,SOM,2850542.0
IRQ,M,2023,710,,17688835.0
IRQ,M,2023,724,,151457045.0
IRQ,M,2023,729,SDN,117164.0
IRQ,M,2023,752,,53687827.0
IRQ,M,2023,757,,66270791.0
IRQ,M,2023,760,SYR,57739841.0
IRQ,M,2023,764,,540961232.0
IRQ,M,2023,784,ARE,975534710.0
IRQ,M,2023,788,TUN,2199988.0
IRQ,M,2023,792,TUR,343091889.0
IRQ,M,2023,795,,233607.0
IRQ,M,2023,804,,179566131.0
IRQ,M,2023,818,EGY,204571437.0
IRQ,M,2023,826,,112497550.0
IRQ,M,2023,842,,1505800180.0
IRQ,M,2023,858,,47000.0
IRQ,M,2023,860,,211924.0
IRQ,M,2023,887,YEM,1892570.0
IRQ,M,2023,899,,4311898981.0
IRQ,X,2023,36,,1033080.0
IRQ,X,2023,56,,60000.0
IRQ,X,2023,156,,198000.0
IRQ,X,2023,270,,47250.0
IRQ,X,2023,276,,70000.0
IRQ,X,2023,364,IRN,327500.0
IRQ,X,2023,380,,450000.0
IRQ,X,2023,398,,29249.0
IRQ,X,2023,400,JOR,21501669.0
IRQ,X,2023,410,,351656300.0
IRQ,X,2023,414,KWT,8720705.0
IRQ,X,2023,422,LBN,196479322.0
IRQ,X,2023,504,MAR,18000.0
IRQ,X,2023,512,OMN,2703155.0
IRQ,X,2023,528,,363229618.0
IRQ,X,2023,579,,50000.0
IRQ,X,2023,586,PAK,823746.0
IRQ,X,2023,634,QAT,969375.0
IRQ,X,2023,682,SAU,6359803.0
IRQ,X,2023,686,,141750.0
IRQ,X,2023,699,IND,472993638.0
IRQ,X,2023,704,,12000.0
IRQ,X,2023,724,,341381.0
IRQ,X,2023,757,,33152000.0
IRQ,X,2023,760,SYR,26822180.0
IRQ,X,2023,784,ARE,2859195518.0
IRQ,X,2023,792,TUR,18400.0
IRQ,X,2023,818,EGY,44755700.0
IRQ,X,2023,826,,45000.0
IRQ,X,2023,842,,1058320.0
IRQ,X,2023,899,,101332400000.0
ISR,M,2025,4,AFG,108000.0
ISR,M,2025,8,,7490000.0
ISR,M,2025,12,DZA,34414000.0
ISR,M,2025,16,,42000.0
ISR,M,2025,20,,276000.0
ISR,M,2025,24,,35000.0
ISR,M,2025,28,,3000.0
ISR,M,2025,31,,30754000.0
ISR,M,2025,32,,743633000.0
ISR,M,2025,36,,141317000.0
ISR,M,2025,40,,534626000.0
ISR,M,2025,44,,107000.0
ISR,M,2025,48,BHR,6750000.0
ISR,M,2025,50,BGD,290734000.0
ISR,M,2025,51,,5039000.0
ISR,M,2025,52,,271000.0
ISR,M,2025,56,,1497473000.0
ISR,M,2025,60,,10000.0
ISR,M,2025,68,,3744000.0
ISR,M,2025,70,,19956000.0
ISR,M,2025,72,,219000.0
ISR,M,2025,76,,582475000.0
ISR,M,2025,84,,108000.0
ISR,M,2025,90,,72000.0
ISR,M,2025,96,,126000.0
ISR,M,2025,100,,261404000.0
ISR,M,2025,104,,16019000.0
ISR,M,2025,108,,372000.0
ISR,M,2025,112,,106627000.0
ISR,M,2025,116,,129785000.0
ISR,M,2025,120,,866000.0
ISR,M,2025,124,,434910000.0
ISR,M,2025,132,,12000.0
ISR,M,2025,136,,3000.0
ISR,M,2025,140,,38000.0
ISR,M,2025,144,LKA,89156000.0
ISR,M,2025,148,,1572000.0
ISR,M,2025,152,,156457000.0
ISR,M,2025,156,,20791702000.0
ISR,M,2025,170,,33483000.0
ISR,M,2025,174,,3000.0
ISR,M,2025,178,,1733000.0
ISR,M,2025,180,,494000.0
ISR,M,2025,184,,5000.0
ISR,M,2025,188,,64022000.0
ISR,M,2025,191,,56099000.0
ISR,M,2025,192,,130000.0
ISR,M,2025,196,,314110000.0
ISR,M,2025,203,,1229209000.0
ISR,M,2025,204,,40000.0
ISR,M,2025,208,,585678000.0
ISR,M,2025,212,,592000.0
ISR,M,2025,214,,12212000.0
ISR,M,2025,218,,12353000.0
ISR,M,2025,222,,1734000.0
ISR,M,2025,231,ETH,98894000.0
ISR,M,2025,232,ERI,88000.0
ISR,M,2025,233,,93449000.0
ISR,M,2025,234,,109000.0
ISR,M,2025,242,,1000.0
ISR,M,2025,246,,332577000.0
ISR,M,2025,251,,2425368000.0
ISR,M,2025,258,,36000.0
ISR,M,2025,262,DJI,103000.0
ISR,M,2025,266,,2749000.0
ISR,M,2025,268,,89415000.0
ISR,M,2025,270,,397000.0
ISR,M,2025,276,,5917205000.0
ISR,M,2025,288,,9131000.0
ISR,M,2025,292,,28000.0
ISR,M,2025,296,,2000.0
ISR,M,2025,300,,1112790000.0
ISR,M,2025,308,,5000.0
ISR,M,2025,316,,20000.0
ISR,M,2025,320,,8839000.0
ISR,M,2025,324,,13000.0
ISR,M,2025,328,,95000.0
ISR,M,2025,332,,35000.0
ISR,M,2025,336,,4000.0
ISR,M,2025,340,,3099000.0
ISR,M,2025,344,,1224939000.0
ISR,M,2025,348,,546925000.0
ISR,M,2025,352,,4534000.0
ISR,M,2025,360,,378716000.0
ISR,M,2025,372,,846869000.0
ISR,M,2025,380,,4045078000.0
ISR,M,2025,384,,67429000.0
ISR,M,2025,388,,674000.0
ISR,M,2025,392,,1735713000.0
ISR,M,2025,398,,34843000.0
ISR,M,2025,400,JOR,237511000.0
ISR,M,2025,404,,22172000.0
ISR,M,2025,410,,2519833000.0
ISR,M,2025,417,,648000.0
ISR,M,2025,418,,3360000.0
ISR,M,2025,426,,45000.0
ISR,M,2025,428,,68852000.0
ISR,M,2025,430,,1851000.0
ISR,M,2025,440,,148740000.0
ISR,M,2025,442,,49134000.0
ISR,M,2025,446,,6102000.0
ISR,M,2025,450,,2053000.0
ISR,M,2025,454,,2103000.0
ISR,M,2025,458,,448678000.0
ISR,M,2025,466,,21000.0
ISR,M,2025,470,,15878000.0
ISR,M,2025,478,,741000.0
ISR,M,2025,480,,4416000.0
ISR,M,2025,484,,655746000.0
ISR,M,2025,490,,1751450000.0
ISR,M,2025,496,,8000.0
ISR,M,2025,498,,10534000.0
ISR,M,2025,499,,15895000.0
ISR,M,2025,500,,8000.0
ISR,M,2025,504,MAR,111749000.0
ISR,M,2025,508,,669000.0
ISR,M,2025,516,,1662000.0
ISR,M,2025,520,,134000.0
ISR,M,2025,524,NPL,1174000.0
ISR,M,2025,528,,1557852000.0
ISR,M,2025,540,,192000.0
ISR,M,2025,554,,18201000.0
ISR,M,2025,558,,4209000.0
ISR,M,2025,562,,175000.0
ISR,M,2025,566,,8213000.0
ISR,M,2025,574,,281000.0
ISR,M,2025,579,,243320000.0
ISR,M,2025,584,,104000.0
ISR,M,2025,586,PAK,58638000.0
ISR,M,2025,591,,2854000.0
ISR,M,2025,598,,440000.0
ISR,M,2025,600,,294539000.0
ISR,M,2025,604,,59827000.0
ISR,M,2025,608,,207744000.0
ISR,M,2025,616,,1417651000.0
ISR,M,2025,620,,417286000.0
ISR,M,2025,626,,2000.0
ISR,M,2025,642,,692653000.0
ISR,M,2025,643,,2357768000.0
ISR,M,2025,646,,50000.0
ISR,M,2025,654,,165000.0
ISR,M,2025,659,,34000.0
ISR,M,2025,662,,1000.0
ISR,M,2025,674,,719000.0
ISR,M,2025,678,,2178000.0
ISR,M,2025,686,,3369000.0
ISR,M,2025,688,,168452000.0
ISR,M,2025,690,,1610000.0
ISR,M,2025,694,,408000.0
ISR,M,2025,699,IND,2203933000.0
ISR,M,2025,702,,567834000.0
ISR,M,2025,703,,285644000.0
ISR,M,2025,704,,1633592000.0
ISR,M,2025,705,,198035000.0
ISR,M,2025,706,SOM,57000.0
ISR,M,2025,710,,105715000.0
ISR,M,2025,716,,296000.0
ISR,M,2025,724,,1908646000.0
ISR,M,2025,728,SSD,38000.0
ISR,M,2025,740,,326000.0
ISR,M,2025,748,,649000.0
ISR,M,2025,752,,511192000.0
ISR,M,2025,757,,1435030000.0
ISR,M,2025,762,,479000.0
ISR,M,2025,764,,1022879000.0
ISR,M,2025,768,,2116000.0
ISR,M,2025,776,,5000.0
ISR,M,2025,780,,283000.0
ISR,M,2025,784,ARE,1111341000.0
ISR,M,2025,788,TUN,28679000.0
ISR,M,2025,792,TUR,2115009000.0
ISR,M,2025,795,,3459000.0
ISR,M,2025,796,,42000.0
ISR,M,2025,798,,309000.0
ISR,M,2025,800,,24242000.0
ISR,M,2025,804,,376931000.0
ISR,M,2025,807,,16488000.0
ISR,M,2025,818,EGY,686622000.0
ISR,M,2025,826,,2120932000.0
ISR,M,2025,834,,28847000.0
ISR,M,2025,842,,9990586000.0
ISR,M,2025,854,,3585000.0
ISR,M,2025,858,,193123000.0
ISR,M,2025,860,,30307000.0
ISR,M,2025,862,,2389000.0
ISR,M,2025,882,,12000.0
ISR,M,2025,894,,1068000.0
ISR,M,2025,899,,8077591000.0
ISR,X,2025,8,,5233000.0
ISR,X,2025,31,,418263000.0
ISR,X,2025,32,,154484000.0
ISR,X,2025,36,,499137000.0
ISR,X,2025,40,,143591000.0
ISR,X,2025,44,,165000.0
ISR,X,2025,48,BHR,7536000.0
ISR,X,2025,51,,10148000.0
ISR,X,2025,52,,910000.0
ISR,X,2025,56,,1328266000.0
ISR,X,2025,68,,1292000.0
ISR,X,2025,70,,764000.0
ISR,X,2025,72,,13407000.0
ISR,X,2025,76,,1261452000.0
ISR,X,2025,100,,101935000.0
ISR,X,2025,104,,1870000.0
ISR,X,2025,112,,16657000.0
ISR,X,2025,116,,1073000.0
ISR,X,2025,120,,3712000.0
ISR,X,2025,124,,615104000.0
ISR,X,2025,144,LKA,61101000.0
ISR,X,2025,152,,86205000.0
ISR,X,2025,156,,2812855000.0
ISR,X,2025,170,,104323000.0
ISR,X,2025,178,,788000.0
ISR,X,2025,180,,6256000.0
ISR,X,2025,188,,33932000.0
ISR,X,2025,191,,30384000.0
ISR,X,2025,192,,1290000.0
ISR,X,2025,196,,493537000.0
ISR,X,2025,203,,262760000.0
ISR,X,2025,208,,178873000.0
ISR,X,2025,214,,27355000.0
ISR,X,2025,218,,43312000.0
ISR,X,2025,222,,9839000.0
ISR,X,2025,231,ETH,8508000.0
ISR,X,2025,233,,15014000.0
ISR,X,2025,242,,202000.0
ISR,X,2025,246,,119971000.0
ISR,X,2025,251,,1369004000.0
ISR,X,2025,266,,322000.0
ISR,X,2025,268,,82718000.0
ISR,X,2025,276,,3025949000.0
ISR,X,2025,288,,9029000.0
ISR,X,2025,292,,88750000.0
ISR,X,2025,300,,380802000.0
ISR,X,2025,320,,37721000.0
ISR,X,2025,332,,207000.0
ISR,X,2025,340,,5920000.0
ISR,X,2025,344,,1977798000.0
ISR,X,2025,348,,214192000.0
ISR,X,2025,352,,6039000.0
ISR,X,2025,360,,27324000.0
ISR,X,2025,372,,1539964000.0
ISR,X,2025,380,,1285648000.0
ISR,X,2025,384,,4096000.0
ISR,X,2025,388,,3899000.0
ISR,X,2025,392,,951863000.0
ISR,X,2025,398,,55161000.0
ISR,X,2025,400,JOR,96642000.0
ISR,X,2025,404,,49944000.0
ISR,X,2025,410,,1110875000.0
ISR,X,2025,428,,38058000.0
ISR,X,2025,440,,81889000.0
ISR,X,2025,442,,29811000.0
ISR,X,2025,458,,16466000.0
ISR,X,2025,470,,190004000.0
ISR,X,2025,480,,2601000.0
ISR,X,2025,484,,380696000.0
ISR,X,2025,490,,1108528000.0
ISR,X,2025,498,,34291000.0
ISR,X,2025,504,MAR,115750000.0
ISR,X,2025,516,,2200000.0
ISR,X,2025,524,NPL,775000.0
ISR,X,2025,528,,2647955000.0
ISR,X,2025,554,,47879000.0
ISR,X,2025,558,,1784000.0
ISR,X,2025,566,,22959000.0
ISR,X,2025,579,,44201000.0
ISR,X,2025,591,,11079000.0
ISR,X,2025,598,,427000.0
ISR,X,2025,600,,11026000.0
ISR,X,2025,604,,82545000.0
ISR,X,2025,608,,183209000.0
ISR,X,2025,616,,578578000.0
ISR,X,2025,620,,92138000.0
ISR,X,2025,642,,386309000.0
ISR,X,2025,643,,489005000.0
ISR,X,2025,646,,9723000.0
ISR,X,2025,686,,6410000.0
ISR,X,2025,688,,32983000.0
ISR,X,2025,699,IND,2455895000.0
ISR,X,2025,702,,824832000.0
ISR,X,2025,703,,28340000.0
ISR,X,2025,704,,192113000.0
ISR,X,2025,705,,397212000.0
ISR,X,2025,710,,158331000.0
ISR,X,2025,716,,397000.0
ISR,X,2025,724,,1004846000.0
ISR,X,2025,748,,2334000.0
ISR,X,2025,752,,166532000.0
ISR,X,2025,757,,551698000.0
ISR,X,2025,764,,363166000.0
ISR,X,2025,780,,4308000.0
ISR,X,2025,784,ARE,636204000.0
ISR,X,2025,792,TUR,10866000.0
ISR,X,2025,795,,26038000.0
ISR,X,2025,800,,17325000.0
ISR,X,2025,804,,102132000.0
ISR,X,2025,807,,7611000.0
ISR,X,2025,818,EGY,204093000.0
ISR,X,2025,826,,1499342000.0
ISR,X,2025,834,,10600000.0
ISR,X,2025,842,,16157645000.0
ISR,X,2025,858,,42841000.0
ISR,X,2025,860,,42749000.0
ISR,X,2025,862,,1942000.0
ISR,X,2025,894,,2064000.0
ISR,X,2025,899,,6019824000.0
JOR,M,2023,4,AFG,8049127.032
JOR,M,2023,8,,243463.38
JOR,M,2023,12,DZA,51566691.972
JOR,M,2023,31,,2011258.642
JOR,M,2023,32,,315928577.982
JOR,M,2023,36,,248775806.113
JOR,M,2023,40,,79835064.718
JOR,M,2023,48,BHR,62355602.785
JOR,M,2023,50,BGD,61529419.928
JOR,M,2023,51,,40429.789
JOR,M,2023,56,,184443375.235
JOR,M,2023,68,,267802.337
JOR,M,2023,70,,4419571.17
JOR,M,2023,76,,470238620.955
JOR,M,2023,100,,37574629.225
JOR,M,2023,104,,2064530.163
JOR,M,2023,112,,768105.829
JOR,M,2023,120,,468506.069
JOR,M,2023,124,,63526683.753
JOR,M,2023,144,LKA,90415273.757
JOR,M,2023,148,,548949.365
JOR,M,2023,152,,5180093.773
JOR,M,2023,156,,4495643937.316
JOR,M,2023,170,,31231527.019
JOR,M,2023,178,,34655.76
JOR,M,2023,188,,5146802.745
JOR,M,2023,191,,4711976.606
JOR,M,2023,192,,67717.859
JOR,M,2023,196,,15172986.997
JOR,M,2023,203,,36052676.441
JOR,M,2023,204,,36825.028
JOR,M,2023,208,,72258108.516
JOR,M,2023,214,,1292170.56
JOR,M,2023,218,,22258208.032
JOR,M,2023,222,,431394.9
JOR,M,2023,231,ETH,43099090.645
JOR,M,2023,232,ERI,9885.915
JOR,M,2023,233,,2112456.515
JOR,M,2023,242,,20503.084
JOR,M,2023,246,,53551893.628
JOR,M,2023,251,,387163453.81
JOR,M,2023,262,DJI,4591.211
JOR,M,2023,266,,52756.239
JOR,M,2023,268,,1211428.588
JOR,M,2023,270,,3877.338
JOR,M,2023,275,PSE,96646063.668
JOR,M,2023,276,,900352014.102
JOR,M,2023,288,,1800868.671
JOR,M,2023,300,,66960232.419
JOR,M,2023,320,,31802199.778
JOR,M,2023,324,,360828.098
JOR,M,2023,340,,526399.956
JOR,M,2023,344,,4310012.452
JOR,M,2023,348,,42285220.591
JOR,M,2023,352,,87792.267
JOR,M,2023,360,,739246346.388
JOR,M,2023,364,IRN,53678793.839
JOR,M,2023,368,IRQ,275511323.3
JOR,M,2023,372,,111086940.174
JOR,M,2023,380,,683423902.626
JOR,M,2023,384,,1343775.334
JOR,M,2023,388,,29423.873
JOR,M,2023,392,,321782913.443
JOR,M,2023,398,,1200695.278
JOR,M,2023,404,,30981606.977
JOR,M,2023,410,,572393333.804
JOR,M,2023,414,KWT,66005590.267
JOR,M,2023,417,,98893.422
JOR,M,2023,418,,2130184.571
JOR,M,2023,422,LBN,94729876.941
JOR,M,2023,428,,3464673.792
JOR,M,2023,434,LBY,529960.97
JOR,M,2023,440,,6089328.897
JOR,M,2023,442,,30567405.711
JOR,M,2023,450,,321445.731
JOR,M,2023,454,,11738130.894
JOR,M,2023,458,,159709057.619
JOR,M,2023,462,MDV,440954.407
JOR,M,2023,466,,22670.338
JOR,M,2023,470,,3085809.709
JOR,M,2023,478,,13700.366
JOR,M,2023,480,,166362.859
JOR,M,2023,484,,109116871.419
JOR,M,2023,490,,241833069.514
JOR,M,2023,496,,352.113
JOR,M,2023,498,,7082077.951
JOR,M,2023,504,MAR,18786635.887
JOR,M,2023,508,,1537572.009
JOR,M,2023,512,OMN,72981846.316
JOR,M,2023,516,,843818.617
JOR,M,2023,524,NPL,7380.718
JOR,M,2023,528,,193077781.083
JOR,M,2023,533,,55495114.087
JOR,M,2023,554,,70999330.829
JOR,M,2023,558,,11914501.049
JOR,M,2023,562,,30127.38
JOR,M,2023,566,,4555959.254
JOR,M,2023,579,,13258697.397
JOR,M,2023,586,PAK,37287135.522
JOR,M,2023,591,,63545.451
JOR,M,2023,598,,122706.929
JOR,M,2023,600,,562169.534
JOR,M,2023,604,,10654609.799
JOR,M,2023,608,,5508123.082
JOR,M,2023,616,,143383990.429
JOR,M,2023,620,,60610838.325
JOR,M,2023,634,QAT,48349252.418
JOR,M,2023,642,,364513324.935
JOR,M,2023,643,,205116260.314
JOR,M,2023,646,,173206.985
JOR,M,2023,670,,506.676
JOR,M,2023,682,SAU,3649525896.516
JOR,M,2023,686,,122807.422
JOR,M,2023,688,,18857939.887
JOR,M,2023,694,,850.563
JOR,M,2023,699,IND,1547243956.767
JOR,M,2023,702,,74223115.341
JOR,M,2023,703,,23309772.353
JOR,M,2023,704,,191780273.988
JOR,M,2023,705,,9388999.113
JOR,M,2023,706,SOM,1082546.419
JOR,M,2023,710,,56744475.999
JOR,M,2023,716,,75583.38
JOR,M,2023,724,,352614980.224
JOR,M,2023,729,SDN,42748165.801
JOR,M,2023,752,,72767791.43
JOR,M,2023,757,,639794324.771
JOR,M,2023,760,SYR,64172798.61
JOR,M,2023,762,,133891.155
JOR,M,2023,764,,195577834.103
JOR,M,2023,768,,2183.099
JOR,M,2023,784,ARE,1369256575.794
JOR,M,2023,788,TUN,17665802.919
JOR,M,2023,792,TUR,786201380.768
JOR,M,2023,795,,2397.014
JOR,M,2023,800,,2659764.358
JOR,M,2023,804,,136202099.535
JOR,M,2023,807,,764761.829
JOR,M,2023,818,EGY,696925871.895
JOR,M,2023,826,,247639618.299
JOR,M,2023,834,,13786928.339
JOR,M,2023,838,,287729724.841
JOR,M,2023,842,,1643551212.351
JOR,M,2023,854,,2124.859
JOR,M,2023,858,,3432914.947
JOR,M,2023,860,,3672164.975
JOR,M,2023,862,,8646497.819
JOR,M,2023,887,YEM,175235.422
JOR,M,2023,894,,96929.577
JOR,M,2023,899,,694610135.606
SAU,M,2023,4,AFG,29802473.388
SAU,M,2023,8,,7256472.352
SAU,M,2023,10,,299.2
SAU,M,2023,12,DZA,48409500.39
SAU,M,2023,16,,197293.862
SAU,M,2023,20,,269499.727
SAU,M,2023,24,,26051.733
SAU,M,2023,28,,12021.333
SAU,M,2023,31,,5835745.721
SAU,M,2023,32,,882754384.598
SAU,M,2023,36,,1152205327.728
SAU,M,2023,40,,769767519.689
SAU,M,2023,44,,9396.266
SAU,M,2023,48,BHR,2844225645.161
SAU,M,2023,50,BGD,466084536.081
SAU,M,2023,51,,1855872.487
SAU,M,2023,52,,149715.463
SAU,M,2023,56,,2085647372.659
SAU,M,2023,60,,913.867
SAU,M,2023,64,BTN,1822.4
SAU,M,2023,68,,1367653.299
SAU,M,2023,70,,25668510.292
SAU,M,2023,72,,6699.733
SAU,M,2023,74,,8036.0
SAU,M,2023,76,,3588516183.087
SAU,M,2023,84,,2463.467
SAU,M,2023,86,,1498.933
SAU,M,2023,90,,2565.6
SAU,M,2023,92,,1494108.229
SAU,M,2023,96,,474738.121
SAU,M,2023,100,,157455913.93
SAU,M,2023,104,,85875820.786
SAU,M,2023,108,,336648.792
SAU,M,2023,112,,6390107.574
SAU,M,2023,116,,96534053.053
SAU,M,2023,120,,6489501.704
SAU,M,2023,124,,1732384325.49
SAU,M,2023,132,,2076.8
SAU,M,2023,136,,61.067
SAU,M,2023,140,,117295.464
SAU,M,2023,144,LKA,127313060.017
SAU,M,2023,148,,565287.186
SAU,M,2023,152,,120383939.924
SAU,M,2023,156,,43346593974.202
SAU,M,2023,162,,4966.4
SAU,M,2023,166,,103.733
SAU,M,2023,170,,120032055.133
SAU,M,2023,174,,455844.789
SAU,M,2023,178,,643968272.434
SAU,M,2023,180,,358061672.915
SAU,M,2023,184,,1721.067
SAU,M,2023,188,,108916659.144
SAU,M,2023,191,,53450680.53
SAU,M,2023,192,,1383753.299
SAU,M,2023,196,,41773936.822
SAU,M,2023,203,,813261618.335
SAU,M,2023,204,,4553091.886
SAU,M,2023,208,,1035370728.782
SAU,M,2023,212,,5354956.933
SAU,M,2023,214,,20968746.409
SAU,M,2023,218,,185606016.427
SAU,M,2023,222,,7153320.888
SAU,M,2023,226,,35374.399
SAU,M,2023,231,ETH,303160518.288
SAU,M,2023,232,ERI,63419.732
SAU,M,2023,233,,50865117.128
SAU,M,2023,234,,3808.0
SAU,M,2023,238,,122894.664
SAU,M,2023,239,,193667.728
SAU,M,2023,242,,898835.711
SAU,M,2023,246,,540572169.952
SAU,M,2023,251,,4430906961.761
SAU,M,2023,258,,49242.132
SAU,M,2023,260,,224747.461
SAU,M,2023,262,DJI,38377476.641
SAU,M,2023,266,,6876956.895
SAU,M,2023,268,,29571217.394
SAU,M,2023,270,,14470.133
SAU,M,2023,275,PSE,8532390.987
SAU,M,2023,276,,9124958534.543
SAU,M,2023,288,,6856997.962
SAU,M,2023,292,,1108020.772
SAU,M,2023,296,,4684.533
SAU,M,2023,300,,2715098181.456
SAU,M,2023,304,,3155.733
SAU,M,2023,308,,7989.866
SAU,M,2023,316,,1230.133
SAU,M,2023,320,,118734994.632
SAU,M,2023,324,,997505.842
SAU,M,2023,328,,262668.26
SAU,M,2023,332,,176203.196
SAU,M,2023,334,,76096.531
SAU,M,2023,336,,31474.933
SAU,M,2023,340,,2103005.281
SAU,M,2023,344,,1762619586.335
SAU,M,2023,348,,339081688.856
SAU,M,2023,352,,1105504.772
SAU,M,2023,360,,2733919143.919
SAU,M,2023,364,IRN,248634.66
SAU,M,2023,368,IRQ,20471502.155
SAU,M,2023,372,,1741720459.39
SAU,M,2023,380,,5874597416.602
SAU,M,2023,384,,10388229.874
SAU,M,2023,388,,75743.731
SAU,M,2023,392,,8184916784.177
SAU,M,2023,398,,41016479.775
SAU,M,2023,400,JOR,1485251909.535
SAU,M,2023,404,,141759987.389
SAU,M,2023,408,,948391.71
SAU,M,2023,410,,6031709699.874
SAU,M,2023,414,KWT,423265253.952
SAU,M,2023,417,,356166.924
SAU,M,2023,418,,25582084.694
SAU,M,2023,422,LBN,230186.394
SAU,M,2023,426,,575608.519
SAU,M,2023,428,,35523466.845
SAU,M,2023,430,,6908834.494
SAU,M,2023,434,LBY,272545.327
SAU,M,2023,440,,168223608.328
SAU,M,2023,442,,82686835.799
SAU,M,2023,446,,550586.92
SAU,M,2023,450,,6204540.378
SAU,M,2023,454,,107573.064
SAU,M,2023,458,,1886861256.295
SAU,M,2023,462,MDV,366942.657
SAU,M,2023,466,,55691.199
SAU,M,2023,470,,50350653.141
SAU,M,2023,478,,145441.063
SAU,M,2023,480,,4789213.747
SAU,M,2023,484,,1559652278.875
SAU,M,2023,490,,1409102466.639
SAU,M,2023,496,,650208.517
SAU,M,2023,498,,13826220.454
SAU,M,2023,499,,192290.395
SAU,M,2023,500,,1927.467
SAU,M,2023,504,MAR,159794713.338
SAU,M,2023,508,,76163424.229
SAU,M,2023,512,OMN,3870223004.044
SAU,M,2023,516,,4066337.232
SAU,M,2023,520,,357276.791
SAU,M,2023,524,NPL,982833.042
SAU,M,2023,528,,2835413448.581
SAU,M,2023,531,,7956060.334
SAU,M,2023,533,,6465220.372
SAU,M,2023,534,,114.133
SAU,M,2023,540,,6208.8
SAU,M,2023,548,,373656.791
SAU,M,2023,554,,757572736.527
SAU,M,2023,558,,1805318.622
SAU,M,2023,562,,308442.926
SAU,M,2023,566,,19740670.706
SAU,M,2023,568,,260020591.633
SAU,M,2023,570,,13536.266
SAU,M,2023,574,,68915.732
SAU,M,2023,579,,366827700.963
SAU,M,2023,580,,471.467
SAU,M,2023,581,,205677.595
SAU,M,2023,583,,31782.933
SAU,M,2023,584,,16275.466
SAU,M,2023,585,,1326.667
SAU,M,2023,586,PAK,715125879.189
SAU,M,2023,591,,1667920.225
SAU,M,2023,598,,75309.598
SAU,M,2023,600,,8579766.452
SAU,M,2023,604,,24016167.133
SAU,M,2023,608,,201761917.623
SAU,M,2023,612,,7914.4
SAU,M,2023,616,,1499702012.107
SAU,M,2023,620,,280462271.922
SAU,M,2023,624,,13679.466
SAU,M,2023,626,,88286.398
SAU,M,2023,634,QAT,357128122.805
SAU,M,2023,642,,784725105.982
SAU,M,2023,643,,3702054374.115
SAU,M,2023,646,,2086646.081
SAU,M,2023,652,,266.133
SAU,M,2023,654,,37177.599
SAU,M,2023,659,,10286.133
SAU,M,2023,660,,110464.797
SAU,M,2023,670,,360.533
SAU,M,2023,674,,5921957.452
SAU,M,2023,678,,6406.933
SAU,M,2023,686,,556961.586
SAU,M,2023,688,,104273491.26
SAU,M,2023,690,,20903.733
SAU,M,2023,694,,499153.854
SAU,M,2023,699,IND,11618786256.73
SAU,M,2023,702,,1588073532.565
SAU,M,2023,703,,491224843.719
SAU,M,2023,704,,2744519743.387
SAU,M,2023,705,,92374937.157
SAU,M,2023,706,SOM,282553159.336
SAU,M,2023,710,,772202852.695
SAU,M,2023,716,,2522418.337
SAU,M,2023,724,,2480277909.993
SAU,M,2023,728,SSD,20538.933
SAU,M,2023,729,SDN,802374398.607
SAU,M,2023,740,,33123.199
SAU,M,2023,748,,3142581.255
SAU,M,2023,752,,1559320284.217
SAU,M,2023,757,,6612462667.222
SAU,M,2023,760,SYR,204262498.893
SAU,M,2023,762,,22141.333
SAU,M,2023,764,,3669729881.857
SAU,M,2023,768,,3662210.042
SAU,M,2023,772,,188.8
SAU,M,2023,776,,46682.932
SAU,M,2023,780,,71453.065
SAU,M,2023,784,ARE,13347356296.716
SAU,M,2023,788,TUN,70195469.712
SAU,M,2023,792,TUR,2623356968.816
SAU,M,2023,795,,103858.931
SAU,M,2023,796,,30931.999
SAU,M,2023,798,,560.0
SAU,M,2023,800,,9337868.567
SAU,M,2023,804,,423841252.071
SAU,M,2023,807,,9304346.167
SAU,M,2023,818,EGY,5268015191.5
SAU,M,2023,826,,4540372763.557
SAU,M,2023,834,,31370459.216
SAU,M,2023,842,,18901072632.54
SAU,M,2023,854,,42177.599
SAU,M,2023,858,,23951365.535
SAU,M,2023,860,,39151046.755
SAU,M,2023,862,,3374043.116
SAU,M,2023,882,,357.6
SAU,M,2023,887,YEM,176498188.654
SAU,M,2023,894,,63968662.134
SAU,M,2023,899,,3402221.248
SAU,X,2025,4,AFG,2939718.97
SAU,X,2025,8,,8068415.301
SAU,X,2025,12,DZA,973542356.436
SAU,X,2025,24,,35290978.308
SAU,X,2025,31,,24614764.841
SAU,X,2025,32,,94059404.109
SAU,X,2025,36,,846412578.58
SAU,X,2025,40,,9277820.916
SAU,X,2025,44,,178854.669
SAU,X,2025,48,BHR,2857211869.582
SAU,X,2025,50,BGD,940608395.224
SAU,X,2025,51,,264906.67
SAU,X,2025,52,,13545.067
SAU,X,2025,56,,2242276976.828
SAU,X,2025,60,,2098.133
SAU,X,2025,68,,687690.409
SAU,X,2025,70,,2921052.57
SAU,X,2025,72,,60418.134
SAU,X,2025,76,,1102699073.25
SAU,X,2025,96,,3462116.843
SAU,X,2025,100,,47098422.722
SAU,X,2025,104,,15952786.599
SAU,X,2025,108,,169325.869
SAU,X,2025,112,,18468253.564
SAU,X,2025,116,,12971708.962
SAU,X,2025,120,,25445948.585
SAU,X,2025,124,,107494333.61
SAU,X,2025,132,,2628133.9
SAU,X,2025,136,,42190.134
SAU,X,2025,140,,1683014.421
SAU,X,2025,144,LKA,77129318.831
SAU,X,2025,148,,7080141.155
SAU,X,2025,152,,14739193.784
SAU,X,2025,156,,7750586896.882
SAU,X,2025,170,,22609619.483
SAU,X,2025,174,,939602.412
SAU,X,2025,178,,9087231.047
SAU,X,2025,180,,32032856.134
SAU,X,2025,188,,4494202.99
SAU,X,2025,191,,35242688.174
SAU,X,2025,192,,1506796.286
SAU,X,2025,196,,87578634.161
SAU,X,2025,203,,18495842.898
SAU,X,2025,204,,5829153.673
SAU,X,2025,208,,42381351.196
SAU,X,2025,212,,881669.611
SAU,X,2025,214,,21330698.933
SAU,X,2025,218,,25692352.588
SAU,X,2025,222,,9531272.652
SAU,X,2025,226,,424053.072
SAU,X,2025,231,ETH,44588218.957
SAU,X,2025,232,ERI,3105448.572
SAU,X,2025,233,,9845490.79
SAU,X,2025,246,,9903401.457
SAU,X,2025,251,,1041519655.686
SAU,X,2025,262,DJI,513234820.282
SAU,X,2025,266,,7315564.625
SAU,X,2025,268,,13673786.571
SAU,X,2025,270,,10075721.193
SAU,X,2025,275,PSE,56000505.5
SAU,X,2025,276,,540325977.421
SAU,X,2025,288,,141834079.106
SAU,X,2025,300,,195404983.243
SAU,X,2025,320,,15926156.466
SAU,X,2025,324,,101310886.866
SAU,X,2025,328,,2843006.436
SAU,X,2025,332,,237894.136
SAU,X,2025,340,,14623810.049
SAU,X,2025,344,,204993210.029
SAU,X,2025,348,,64168316.002
SAU,X,2025,352,,900477.345
SAU,X,2025,360,,728976444.846
SAU,X,2025,364,IRN,612.533
SAU,X,2025,368,IRQ,1624631616.841
SAU,X,2025,372,,38474641.548
SAU,X,2025,380,,913433611.151
SAU,X,2025,384,,170554261.065
SAU,X,2025,388,,185945.869
SAU,X,2025,392,,687134044.589
SAU,X,2025,398,,10659138.533
SAU,X,2025,400,JOR,2109377453.034
SAU,X,2025,404,,445917046.107
SAU,X,2025,410,,1078679547.35
SAU,X,2025,414,KWT,2332935353.962
SAU,X,2025,417,,631073.075
SAU,X,2025,422,LBN,248800329.243
SAU,X,2025,428,,8743587.043
SAU,X,2025,430,,23272705.624
SAU,X,2025,434,LBY,189395374.901
SAU,X,2025,440,,7207762.49
SAU,X,2025,442,,4634436.858
SAU,X,2025,450,,5456890.735
SAU,X,2025,454,,3433137.11
SAU,X,2025,458,,800573346.54
SAU,X,2025,462,MDV,2395545.097
SAU,X,2025,466,,3130398.172
SAU,X,2025,470,,5687490.471
SAU,X,2025,473,,2410495085.065
SAU,X,2025,478,,33867409.49
SAU,X,2025,480,,17930375.957
SAU,X,2025,484,,193898213.09
SAU,X,2025,490,,154819489249.91
SAU,X,2025,496,,174010.136
SAU,X,2025,498,,53769.867
SAU,X,2025,499,,2600215.766
SAU,X,2025,504,MAR,804057660.984
SAU,X,2025,508,,65591961.887
SAU,X,2025,512,OMN,1517794904.306
SAU,X,2025,516,,4138996.052
SAU,X,2025,524,NPL,8862580.911
SAU,X,2025,527,,54292.267
SAU,X,2025,528,,673274967.083
SAU,X,2025,531,,18066407.692
SAU,X,2025,533,,788071.21
SAU,X,2025,554,,149405028.001
SAU,X,2025,558,,768226.41
SAU,X,2025,562,,667408.275
SAU,X,2025,566,,465460223.152
SAU,X,2025,568,,30505133565.314
SAU,X,2025,577,,14497470555.352
SAU,X,2025,579,,28136072.618
SAU,X,2025,583,,27076.0
SAU,X,2025,584,,70912.268
SAU,X,2025,586,PAK,1137993899.025
SAU,X,2025,591,,1128600.014
SAU,X,2025,598,,75148.801
SAU,X,2025,600,,4722009.926
SAU,X,2025,604,,36045904.451
SAU,X,2025,608,,84148642.919
SAU,X,2025,616,,257004244.546
SAU,X,2025,620,,140500644.69
SAU,X,2025,624,,2559912.832
SAU,X,2025,634,QAT,2094434254.447
SAU,X,2025,637,,12605101413.564
SAU,X,2025,642,,36863826.061
SAU,X,2025,643,,72933948.645
SAU,X,2025,646,,5313308.333
SAU,X,2025,659,,13680.534
SAU,X,2025,660,,20964.534
SAU,X,2025,670,,28039.734
SAU,X,2025,678,,44278.667
SAU,X,2025,686,,42197042.127
SAU,X,2025,688,,782881.343
SAU,X,2025,690,,1399731.484
SAU,X,2025,694,,11026668.671
SAU,X,2025,699,IND,8949345954.8
SAU,X,2025,702,,2351156286.189
SAU,X,2025,703,,1159848.548
SAU,X,2025,704,,715227305.207
SAU,X,2025,705,,31263975.057
SAU,X,2025,706,SOM,32449060.939
SAU,X,2025,710,,573010862.363
SAU,X,2025,716,,892860.011
SAU,X,2025,724,,759009277.221
SAU,X,2025,728,SSD,1070107.213
SAU,X,2025,729,SDN,840493635.573
SAU,X,2025,740,,1027073.346
SAU,X,2025,748,,134160.002
SAU,X,2025,752,,72431872.639
SAU,X,2025,757,,1251968837.516
SAU,X,2025,760,SYR,401312416.216
SAU,X,2025,762,,353646.671
SAU,X,2025,764,,922567819.532
SAU,X,2025,768,,80652604.208
SAU,X,2025,780,,1023928.279
SAU,X,2025,784,ARE,28044661593.758
SAU,X,2025,788,TUN,253723777.572
SAU,X,2025,792,TUR,3232739146.809
SAU,X,2025,795,,7813219.031
SAU,X,2025,800,,29802224.106
SAU,X,2025,804,,14003656.175
SAU,X,2025,807,,152081.069
SAU,X,2025,818,EGY,2872724344.976
SAU,X,2025,826,,1373846279.306
SAU,X,2025,834,,269608208.437
SAU,X,2025,842,,2522051899.259
SAU,X,2025,854,,4512052.59
SAU,X,2025,858,,4103470.185
SAU,X,2025,860,,24326746.704
SAU,X,2025,862,,1267447.483
SAU,X,2025,887,YEM,1612971841.495
SAU,X,2025,894,,4475588.589
SAU,X,2025,899,,78000.001
TUN,M,2023,4,AFG,66935.091
TUN,M,2023,8,,616229.337
TUN,M,2023,12,DZA,1811173329.978
TUN,M,2023,16,,26645.597
TUN,M,2023,20,,310.85
TUN,M,2023,31,,184973599.909
TUN,M,2023,32,,79572881.758
TUN,M,2023,36,,17854489.752
TUN,M,2023,40,,112935301.016
TUN,M,2023,48,BHR,36821501.513
TUN,M,2023,50,BGD,14592734.96
TUN,M,2023,51,,9363.155
TUN,M,2023,52,,410.505
TUN,M,2023,56,,290326761.062
TUN,M,2023,60,,2047.256
TUN,M,2023,64,BTN,151.499
TUN,M,2023,68,,96576.097
TUN,M,2023,70,,946938.531
TUN,M,2023,76,,458801679.403
TUN,M,2023,84,,1224423.631
TUN,M,2023,96,,794.141
TUN,M,2023,100,,175991547.59
TUN,M,2023,104,,1137594.323
TUN,M,2023,112,,5642761.735
TUN,M,2023,116,,2545083.833
TUN,M,2023,120,,1228617.628
TUN,M,2023,124,,202981659.089
TUN,M,2023,140,,115380.879
TUN,M,2023,144,LKA,2198414.088
TUN,M,2023,148,,15559.8
TUN,M,2023,152,,1990503.063
TUN,M,2023,156,,2740226525.456
TUN,M,2023,170,,987176.098
TUN,M,2023,174,,20453.153
TUN,M,2023,178,,38951.56
TUN,M,2023,188,,3010260.749
TUN,M,2023,191,,9136516.895
TUN,M,2023,192,,583586.943
TUN,M,2023,196,,3022969.287
TUN,M,2023,203,,169287632.781
TUN,M,2023,208,,57280081.563
TUN,M,2023,214,,1909688.102
TUN,M,2023,218,,7133386.04
TUN,M,2023,222,,813432.874
TUN,M,2023,226,,144839.452
TUN,M,2023,231,ETH,2034379.611
TUN,M,2023,232,ERI,429.5
TUN,M,2023,233,,3951391.016
TUN,M,2023,238,,2294.098
TUN,M,2023,246,,67189778.829
TUN,M,2023,251,,2766692500.032
TUN,M,2023,258,,4805.113
TUN,M,2023,266,,1110913.846
TUN,M,2023,268,,598442.402
TUN,M,2023,270,,23022.135
TUN,M,2023,276,,1797611003.726
TUN,M,2023,288,,10519995.914
TUN,M,2023,300,,234285088.53
TUN,M,2023,308,,141525.622
TUN,M,2023,320,,17558998.861
TUN,M,2023,324,,2759955.834
TUN,M,2023,328,,662.497
TUN,M,2023,332,,2727.046
TUN,M,2023,340,,112993.777
TUN,M,2023,344,,31459544.368
TUN,M,2023,348,,118717111.317
TUN,M,2023,352,,1810158.909
TUN,M,2023,360,,122169446.098
TUN,M,2023,364,IRN,163482.231
TUN,M,2023,368,IRQ,120790.551
TUN,M,2023,372,,61630158.619
TUN,M,2023,376,ISR,2106948.992
TUN,M,2023,380,,3237147530.188
TUN,M,2023,384,,24438413.364
TUN,M,2023,388,,1043.847
TUN,M,2023,392,,203245111.552
TUN,M,2023,398,,69203359.254
TUN,M,2023,400,JOR,30223759.558
TUN,M,2023,404,,803886.112
TUN,M,2023,410,,196990481.293
TUN,M,2023,414,KWT,24384453.126
TUN,M,2023,418,,3611.011
TUN,M,2023,422,LBN,14119979.765
TUN,M,2023,426,,6607.633
TUN,M,2023,428,,18512281.682
TUN,M,2023,434,LBY,107867746.626
TUN,M,2023,440,,14282512.975
TUN,M,2023,442,,10734837.06
TUN,M,2023,446,,2716.278
TUN,M,2023,450,,1214562.824
TUN,M,2023,454,,1064571.656
TUN,M,2023,458,,61642287.864
TUN,M,2023,462,MDV,991219.229
TUN,M,2023,466,,21788.847
TUN,M,2023,470,,250469282.832
TUN,M,2023,478,,831859.441
TUN,M,2023,480,,2954726.346
TUN,M,2023,484,,56750841.863
TUN,M,2023,490,,103001715.202
TUN,M,2023,496,,109.997
TUN,M,2023,498,,10988414.216
TUN,M,2023,504,MAR,161115803.721
TUN,M,2023,508,,255836.588
TUN,M,2023,512,OMN,36280466.973
TUN,M,2023,516,,4.335
TUN,M,2023,520,,1120.37
TUN,M,2023,524,NPL,3156.45
TUN,M,2023,528,,260794038.711
TUN,M,2023,540,,9673.784
TUN,M,2023,554,,6098276.222
TUN,M,2023,558,,8199.169
TUN,M,2023,562,,78.27
TUN,M,2023,566,,42381496.675
TUN,M,2023,579,,26283171.184
TUN,M,2023,586,PAK,28497822.932
TUN,M,2023,591,,1860893.886
TUN,M,2023,600,,9824704.895
TUN,M,2023,604,,8208908.563
TUN,M,2023,608,,25005858.835
TUN,M,2023,616,,165722099.025
TUN,M,2023,620,,176261460.92
TUN,M,2023,634,QAT,51391672.908
TUN,M,2023,642,,236301917.298
TUN,M,2023,643,,2121541122.17
TUN,M,2023,646,,411.74
TUN,M,2023,670,,178.96
TUN,M,2023,674,,532680.745
TUN,M,2023,678,,297.891
TUN,M,2023,682,SAU,231655697.707
TUN,M,2023,686,,8806165.552
TUN,M,2023,688,,61433909.625
TUN,M,2023,690,,3950568.699
TUN,M,2023,694,,132142.273
TUN,M,2023,699,IND,564122968.825
TUN,M,2023,702,,36394720.824
TUN,M,2023,703,,69040593.362
TUN,M,2023,704,,84901427.458
TUN,M,2023,705,,23864527.625
TUN,M,2023,706,SOM,40.995
TUN,M,2023,710,,12153112.942
TUN,M,2023,716,,8221366.581
TUN,M,2023,724,,950313553.769
TUN,M,2023,729,SDN,18964800.053
TUN,M,2023,740,,29470.916
TUN,M,2023,748,,5253.279
TUN,M,2023,752,,104910441.498
TUN,M,2023,757,,268155593.412
TUN,M,2023,760,SYR,6594045.435
TUN,M,2023,762,,1122.223
TUN,M,2023,764,,105397645.118
TUN,M,2023,768,,2094.944
TUN,M,2023,780,,26832.887
TUN,M,2023,784,ARE,197806670.613
TUN,M,2023,788,TUN,134057904.273
TUN,M,2023,792,TUR,1216779172.407
TUN,M,2023,795,,51310.037
TUN,M,2023,800,,6489552.963
TUN,M,2023,804,,367863685.183
TUN,M,2023,807,,1002026.53
TUN,M,2023,818,EGY,326347819.237
TUN,M,2023,826,,249086077.744
TUN,M,2023,834,,964544.971
TUN,M,2023,842,,655909587.118
TUN,M,2023,854,,155396.194
TUN,M,2023,858,,10203782.993
TUN,M,2023,860,,1377907.31
TUN,M,2023,862,,10694962.897
TUN,M,2023,882,,48.651
TUN,M,2023,887,YEM,932184.074
TUN,M,2023,894,,1165824.766
TUN,M,2023,899,,749981978.663
TUN,X,2023,4,AFG,424528.593
TUN,X,2023,8,,16980471.637
TUN,X,2023,12,DZA,397484637.075
TUN,X,2023,20,,2082.627
TUN,X,2023,24,,7189700.406
TUN,X,2023,31,,3102445.469
TUN,X,2023,32,,16587801.628
TUN,X,2023,36,,18966281.826
TUN,X,2023,40,,156711919.783
TUN,X,2023,48,BHR,2484091.726
TUN,X,2023,50,BGD,50417979.89
TUN,X,2023,51,,27884.106
TUN,X,2023,52,,37943.066
TUN,X,2023,56,,349017804.237
TUN,X,2023,68,,42006.488
TUN,X,2023,70,,705203.758
TUN,X,2023,76,,39033319.872
TUN,X,2023,84,,307257.945
TUN,X,2023,100,,34009721.923
TUN,X,2023,108,,656886.795
TUN,X,2023,112,,39212.479
TUN,X,2023,116,,320436.574
TUN,X,2023,120,,38325051.258
TUN,X,2023,124,,108980005.829
TUN,X,2023,132,,502479.538
TUN,X,2023,140,,885465.952
TUN,X,2023,144,LKA,67723.638
TUN,X,2023,148,,5819869.024
TUN,X,2023,152,,2083430.675
TUN,X,2023,156,,20928394.282
TUN,X,2023,170,,708665.62
TUN,X,2023,174,,576685.6
TUN,X,2023,178,,16846521.474
TUN,X,2023,180,,10499043.685
TUN,X,2023,188,,72906.966
TUN,X,2023,191,,7618214.023
TUN,X,2023,192,,226536.177
TUN,X,2023,196,,5436627.851
TUN,X,2023,203,,96256613.208
TUN,X,2023,204,,17397054.753
TUN,X,2023,208,,14216725.764
TUN,X,2023,214,,2306959.983
TUN,X,2023,218,,40012.601
TUN,X,2023,226,,5325786.846
TUN,X,2023,231,ETH,15551792.572
TUN,X,2023,232,ERI,2137.129
TUN,X,2023,233,,680735.216
TUN,X,2023,234,,106163.26
TUN,X,2023,246,,3228046.003
TUN,X,2023,251,,4571290269.229
TUN,X,2023,258,,355547.421
TUN,X,2023,262,DJI,540609.004
TUN,X,2023,266,,27306552.696
TUN,X,2023,268,,288127.981
TUN,X,2023,270,,2908288.991
TUN,X,2023,276,,2636702746.075
TUN,X,2023,288,,13198590.295
TUN,X,2023,292,,8995.798
TUN,X,2023,300,,90667467.617
TUN,X,2023,320,,79282.141
TUN,X,2023,324,,29863314.629
TUN,X,2023,328,,135827.662
TUN,X,2023,340,,14710014.139
TUN,X,2023,344,,25577845.912
TUN,X,2023,348,,47681501.165
TUN,X,2023,352,,1467436.917
TUN,X,2023,360,,48447552.427
TUN,X,2023,364,IRN,82166.26
TUN,X,2023,368,IRQ,14431322.169
TUN,X,2023,372,,119814608.682
TUN,X,2023,380,,3673222153.464
TUN,X,2023,384,,65120962.631
TUN,X,2023,388,,18332.359
TUN,X,2023,392,,32179335.135
TUN,X,2023,398,,692950.625
TUN,X,2023,400,JOR,14552342.064
TUN,X,2023,404,,17458931.624
TUN,X,2023,410,,27338604.742
TUN,X,2023,414,KWT,2897540.095
TUN,X,2023,422,LBN,19317354.379
TUN,X,2023,428,,683004.713
TUN,X,2023,430,,2400884.778
TUN,X,2023,434,LBY,855397325.783
TUN,X,2023,440,,33812737.562
TUN,X,2023,442,,1686065.225
TUN,X,2023,446,,172653.305
TUN,X,2023,450,,7930941.383
TUN,X,2023,458,,14962742.058
TUN,X,2023,462,MDV,586311.782
TUN,X,2023,466,,15028311.157
TUN,X,2023,470,,149477132.209
TUN,X,2023,478,,21004122.412
TUN,X,2023,480,,5474150.805
TUN,X,2023,484,,34604129.687
TUN,X,2023,490,,3069668.767
TUN,X,2023,498,,248009.92
TUN,X,2023,504,MAR,267051598.838
TUN,X,2023,508,,267635.277
TUN,X,2023,512,OMN,11943144.677
TUN,X,2023,516,,97855.079
TUN,X,2023,528,,458150664.455
TUN,X,2023,540,,116928.776
TUN,X,2023,554,,5123038.0
TUN,X,2023,558,,139588.998
TUN,X,2023,562,,6037111.554
TUN,X,2023,566,,13781273.413
TUN,X,2023,579,,13311799.039
TUN,X,2023,586,PAK,7792609.953
TUN,X,2023,591,,1865199.285
TUN,X,2023,600,,138432.038
TUN,X,2023,604,,4554302.305
TUN,X,2023,608,,6046418.771
TUN,X,2023,616,,204423598.382
TUN,X,2023,620,,99021956.478
TUN,X,2023,624,,5014223.737
TUN,X,2023,634,QAT,26204393.49
TUN,X,2023,642,,115463479.983
TUN,X,2023,643,,17581355.684
TUN,X,2023,646,,915766.715
TUN,X,2023,674,,254593.403
TUN,X,2023,682,SAU,41590371.283
TUN,X,2023,686,,86088801.477
TUN,X,2023,688,,5361496.104
TUN,X,2023,690,,8475878.102
TUN,X,2023,694,,6381220.952
TUN,X,2023,699,IND,263711883.335
TUN,X,2023,702,,48970716.672
TUN,X,2023,703,,123532364.689
TUN,X,2023,704,,4839930.388
TUN,X,2023,705,,6860784.545
TUN,X,2023,706,SOM,264944.939
TUN,X,2023,710,,20554977.871
TUN,X,2023,716,,209923.577
TUN,X,2023,724,,1055407765.286
TUN,X,2023,729,SDN,1395936.668
TUN,X,2023,740,,113962.352
TUN,X,2023,752,,47529999.458
TUN,X,2023,757,,318478576.276
TUN,X,2023,760,SYR,3600233.517
TUN,X,2023,762,,66416.944
TUN,X,2023,764,,11920670.748
TUN,X,2023,768,,10524058.226
TUN,X,2023,784,ARE,108235511.015
TUN,X,2023,792,TUR,211527690.069
TUN,X,2023,795,,177087.996
TUN,X,2023,800,,360015.979
TUN,X,2023,804,,1525807.211
TUN,X,2023,807,,1292085.214
TUN,X,2023,818,EGY,50609743.515
TUN,X,2023,826,,318289079.569
TUN,X,2023,834,,1648938.602
TUN,X,2023,842,,627160035.505
TUN,X,2023,854,,22778231.809
TUN,X,2023,858,,479652.591
TUN,X,2023,860,,864127.982
TUN,X,2023,862,,129476.846
TUN,X,2023,887,YEM,4129042.44
TUN,X,2023,894,,223087.181
TUN,X,2023,899,,1244914094.889
ARE,M,2023,4,AFG,38606727.856
ARE,M,2023,8,,37147929.146
ARE,M,2023,10,,478977.729
ARE,M,2023,12,DZA,10714326.388
ARE,M,2023,16,,1402008.878
ARE,M,2023,20,,329708.516
ARE,M,2023,24,,1586225999.691
ARE,M,2023,28,,63625.795
ARE,M,2023,31,,68291953.84
ARE,M,2023,32,,356249349.831
ARE,M,2023,36,,3422871816.299
ARE,M,2023,40,,1305665376.871
ARE,M,2023,44,,203394.578
ARE,M,2023,48,BHR,2832312289.695
ARE,M,2023,50,BGD,820465850.36
ARE,M,2023,51,,3360769812.53
ARE,M,2023,52,,311094.894
ARE,M,2023,56,,3597919176.01
ARE,M,2023,60,,22924.963
ARE,M,2023,64,BTN,24603.651
ARE,M,2023,68,,923955805.03
ARE,M,2023,70,,38730585.274
ARE,M,2023,72,,1851563309.205
ARE,M,2023,74,,477.764
ARE,M,2023,76,,3786966618.81
ARE,M,2023,84,,263873.302
ARE,M,2023,86,,3077.59
ARE,M,2023,90,,361469.281
ARE,M,2023,92,,1642.334
ARE,M,2023,96,,362064.886
ARE,M,2023,100,,169120788.609
ARE,M,2023,104,,113833491.525
ARE,M,2023,108,,117489427.017
ARE,M,2023,112,,76252950.206
ARE,M,2023,116,,327027052.907
ARE,M,2023,120,,899022877.656
ARE,M,2023,124,,2579906946.14
ARE,M,2023,132,,229143.49
ARE,M,2023,136,,8059.088
ARE,M,2023,140,,122884346.916
ARE,M,2023,144,LKA,274221073.826
ARE,M,2023,148,,1114014493.302
ARE,M,2023,152,,199831297.159
ARE,M,2023,156,,77419156210.182
ARE,M,2023,162,,10507.844
ARE,M,2023,166,,7348.896
ARE,M,2023,170,,464069174.126
ARE,M,2023,174,,11035561.342
ARE,M,2023,178,,2704304080.142
ARE,M,2023,180,,1452207730.222
ARE,M,2023,184,,29193.633
ARE,M,2023,188,,46297563.859
ARE,M,2023,191,,52013416.712
ARE,M,2023,192,,3422070.957
ARE,M,2023,196,,38499100.39
ARE,M,2023,203,,1100961554.492
ARE,M,2023,204,,805605444.673
ARE,M,2023,208,,603193682.361
ARE,M,2023,212,,217856.244
ARE,M,2023,214,,30197006.051
ARE,M,2023,218,,635749367.407
ARE,M,2023,222,,3935783.893
ARE,M,2023,226,,2448030.646
ARE,M,2023,231,ETH,301474468.581
ARE,M,2023,232,ERI,137112196.217
ARE,M,2023,233,,108076914.706
ARE,M,2023,238,,359430.59
ARE,M,2023,239,,5913.77
ARE,M,2023,242,,2908622.201
ARE,M,2023,246,,327321097.433
ARE,M,2023,251,,8584648473.368
ARE,M,2023,258,,791005.456
ARE,M,2023,260,,334.693
ARE,M,2023,262,DJI,5431831.685
ARE,M,2023,266,,53137701.144
ARE,M,2023,268,,15109946.944
ARE,M,2023,270,,1639002.348
ARE,M,2023,275,PSE,14270555.985
ARE,M,2023,276,,11298662859.085
ARE,M,2023,288,,3254002919.245
ARE,M,2023,292,,6047.322
ARE,M,2023,296,,1743611.491
ARE,M,2023,300,,330500634.921
ARE,M,2023,304,,715537.429
ARE,M,2023,308,,347443.612
ARE,M,2023,316,,358.189
ARE,M,2023,320,,102551277.294
ARE,M,2023,324,,9047661687.031
ARE,M,2023,328,,678378828.781
ARE,M,2023,332,,2214337.517
ARE,M,2023,334,,2513.955
ARE,M,2023,340,,12226999.435
ARE,M,2023,344,,3822065615.137
ARE,M,2023,348,,913008597.962
ARE,M,2023,352,,1917974.816
ARE,M,2023,360,,3759953351.766
ARE,M,2023,364,IRN,453102918.007
ARE,M,2023,368,IRQ,5651169461.214
ARE,M,2023,372,,945178115.659
ARE,M,2023,376,ISR,665166359.111
ARE,M,2023,380,,10073225232.96
ARE,M,2023,384,,77503099.704
ARE,M,2023,388,,625237.309
ARE,M,2023,392,,15171997163.08
ARE,M,2023,398,,164076500.458
ARE,M,2023,400,JOR,758208727.214
ARE,M,2023,404,,841047145.276
ARE,M,2023,410,,4642107023.673
ARE,M,2023,414,KWT,2551818606.448
ARE,M,2023,417,,926578375.223
ARE,M,2023,418,,15496593.961
ARE,M,2023,422,LBN,940421190.539
ARE,M,2023,426,,95271602.464
ARE,M,2023,428,,50085413.218
ARE,M,2023,430,,67928133.164
ARE,M,2023,434,LBY,1850195169.145
ARE,M,2023,440,,198236020.713
ARE,M,2023,442,,175640430.861
ARE,M,2023,446,,11179390.392
ARE,M,2023,450,,116773767.378
ARE,M,2023,454,,25127847.701
ARE,M,2023,458,,3008957920.152
ARE,M,2023,462,MDV,1529516.728
ARE,M,2023,466,,4831720725.295
ARE,M,2023,470,,45747449.475
ARE,M,2023,478,,236947730.87
ARE,M,2023,480,,13048038.508
ARE,M,2023,484,,2113734040.497
ARE,M,2023,490,,2139672747.604
ARE,M,2023,496,,524662.044
ARE,M,2023,498,,9220290.288
ARE,M,2023,499,,989342.665
ARE,M,2023,500,,16253.865
ARE,M,2023,504,MAR,209196506.583
ARE,M,2023,508,,610534543.896
ARE,M,2023,512,OMN,2975842475.309
ARE,M,2023,516,,305449577.393
ARE,M,2023,520,,53132.48
ARE,M,2023,524,NPL,4564527.584
ARE,M,2023,528,,1953582113.68
ARE,M,2023,531,,3691973.917
ARE,M,2023,533,,405024.084
ARE,M,2023,535,,195.221
ARE,M,2023,540,,36622.071
ARE,M,2023,548,,2195.169
ARE,M,2023,554,,655464978.213
ARE,M,2023,558,,18208383.276
ARE,M,2023,562,,433301097.882
ARE,M,2023,566,,1320738065.637
ARE,M,2023,570,,149.666
ARE,M,2023,574,,10.56
ARE,M,2023,579,,418525240.383
ARE,M,2023,580,,166.952
ARE,M,2023,581,,127303.528
ARE,M,2023,583,,11427.319
ARE,M,2023,584,,355999.023
ARE,M,2023,585,,184399.001
ARE,M,2023,586,PAK,3656974967.385
ARE,M,2023,591,,2740436.798
ARE,M,2023,598,,35789932.0
ARE,M,2023,600,,147482251.07
ARE,M,2023,604,,1164704431.122
ARE,M,2023,608,,806374999.241
ARE,M,2023,612,,1433.203
ARE,M,2023,616,,1746549848.069
ARE,M,2023,620,,410662898.21
ARE,M,2023,624,,4671.635
ARE,M,2023,626,,687.818
ARE,M,2023,634,QAT,2115980033.916
ARE,M,2023,637,,1741.321
ARE,M,2023,642,,680233260.931
ARE,M,2023,643,,6447189609.542
ARE,M,2023,646,,895328456.67
ARE,M,2023,652,,86917.923
ARE,M,2023,654,,851.172
ARE,M,2023,659,,106299.885
ARE,M,2023,660,,133069.434
ARE,M,2023,662,,4901.419
ARE,M,2023,666,,3485.364
ARE,M,2023,670,,114910.276
ARE,M,2023,674,,8825523.468
ARE,M,2023,678,,1953368.095
ARE,M,2023,682,SAU,7870108774.653
ARE,M,2023,686,,239580383.758
ARE,M,2023,688,,75650896.913
ARE,M,2023,690,,4118548.604
ARE,M,2023,694,,47760152.183
ARE,M,2023,699,IND,30449187408.881
ARE,M,2023,702,,2432029653.58
ARE,M,2023,703,,739104771.042
ARE,M,2023,704,,11053924926.421
ARE,M,2023,705,,171181969.393
ARE,M,2023,706,SOM,359532729.519
ARE,M,2023,710,,5022254957.227
ARE,M,2023,716,,2323774396.258
ARE,M,2023,724,,2260435904.766
ARE,M,2023,728,SSD,67031610.109
ARE,M,2023,729,SDN,1086180147.95
ARE,M,2023,732,,8637.026
ARE,M,2023,740,,651205960.489
ARE,M,2023,748,,8560082.707
ARE,M,2023,752,,1528725812.905
ARE,M,2023,757,,11209525120.246
ARE,M,2023,760,SYR,69104518.231
ARE,M,2023,762,,12135918.556
ARE,M,2023,764,,5547852159.034
ARE,M,2023,768,,2652286503.868
ARE,M,2023,772,,229370.695
ARE,M,2023,776,,1961724.188
ARE,M,2023,780,,723597.965
ARE,M,2023,788,TUN,130353416.747
ARE,M,2023,792,TUR,17655819581.594
ARE,M,2023,795,,16100771.697
ARE,M,2023,796,,703382.273
ARE,M,2023,798,,8068.596
ARE,M,2023,800,,926307121.806
ARE,M,2023,804,,264303176.124
ARE,M,2023,807,,6279337.891
ARE,M,2023,818,EGY,2417192926.087
ARE,M,2023,826,,8817346677.713
ARE,M,2023,834,,1572809484.079
ARE,M,2023,842,,26869233419.732
ARE,M,2023,854,,471380545.971
ARE,M,2023,858,,21339144.196
ARE,M,2023,860,,396268828.185
ARE,M,2023,862,,18293452.069
ARE,M,2023,876,,166.878
ARE,M,2023,882,,1256.496
ARE,M,2023,887,YEM,293828969.595
ARE,M,2023,894,,1927533734.027
ARE,M,2023,899,,78757209754.965
YEM,M,2023,4,AFG,251502.923
YEM,M,2023,8,,11003.84
YEM,M,2023,12,DZA,1114706.048
YEM,M,2023,16,,2816.267
YEM,M,2023,20,,17463.784
YEM,M,2023,31,,55937.788
YEM,M,2023,32,,3925982.315
YEM,M,2023,36,,51933003.985
YEM,M,2023,40,,1862650.697
YEM,M,2023,48,BHR,7272217.33
YEM,M,2023,50,BGD,709158.569
YEM,M,2023,56,,11919928.969
YEM,M,2023,70,,412837.144
YEM,M,2023,76,,103846978.272
YEM,M,2023,100,,723814.696
YEM,M,2023,104,,525121.858
YEM,M,2023,112,,128199.011
YEM,M,2023,116,,6541.546
YEM,M,2023,120,,12951.945
YEM,M,2023,124,,9339771.658
YEM,M,2023,140,,14125.239
YEM,M,2023,144,LKA,129648.859
YEM,M,2023,148,,44355.753
YEM,M,2023,152,,14966.138
YEM,M,2023,156,,297955358.357
YEM,M,2023,170,,238278.91
YEM,M,2023,174,,11891.426
YEM,M,2023,196,,238478.42
YEM,M,2023,203,,559573.756
YEM,M,2023,208,,12861713.298
YEM,M,2023,231,ETH,1984459.207
YEM,M,2023,233,,64486.004
YEM,M,2023,246,,3477426.654
YEM,M,2023,251,,22435761.647
YEM,M,2023,262,DJI,241230.051
YEM,M,2023,268,,13909.703
YEM,M,2023,276,,14572558.15
YEM,M,2023,288,,8746.32
YEM,M,2023,300,,568695.312
YEM,M,2023,320,,230088.998
YEM,M,2023,348,,394736.812
YEM,M,2023,360,,27312247.183
YEM,M,2023,364,IRN,4138967.056
YEM,M,2023,368,IRQ,1982344.369
YEM,M,2023,372,,4162311.403
YEM,M,2023,380,,6740968.55
YEM,M,2023,384,,62443.616
YEM,M,2023,392,,51432205.689
YEM,M,2023,400,JOR,14920868.858
YEM,M,2023,404,,12881351.26
YEM,M,2023,408,,112125.435
YEM,M,2023,410,,25393166.569
YEM,M,2023,414,KWT,1562390.646
YEM,M,2023,422,LBN,1629598.804
YEM,M,2023,428,,40686.067
YEM,M,2023,440,,487881.744
YEM,M,2023,446,,7590.914
YEM,M,2023,450,,196960.551
YEM,M,2023,458,,23905243.692
YEM,M,2023,462,MDV,95745.906
YEM,M,2023,470,,261403.157
YEM,M,2023,484,,365190.917
YEM,M,2023,490,,1685961.368
YEM,M,2023,498,,5543.507
YEM,M,2023,504,MAR,186642.638
YEM,M,2023,508,,500453.82
YEM,M,2023,512,OMN,36045448.276
YEM,M,2023,524,NPL,17683.646
YEM,M,2023,528,,7305651.865
YEM,M,2023,531,,6.091
YEM,M,2023,533,,42222.586
YEM,M,2023,554,,4193569.439
YEM,M,2023,562,,10348.62
YEM,M,2023,566,,334001.5
YEM,M,2023,579,,5131.988
YEM,M,2023,586,PAK,31348715.948
YEM,M,2023,600,,603.96
YEM,M,2023,604,,11132.212
YEM,M,2023,608,,1809295.285
YEM,M,2023,616,,5754560.349
YEM,M,2023,620,,123335.58
YEM,M,2023,634,QAT,604544.343
YEM,M,2023,642,,4386268.138
YEM,M,2023,643,,97256185.156
YEM,M,2023,646,,4043.955
YEM,M,2023,654,,62171.314
YEM,M,2023,659,,531.525
YEM,M,2023,682,SAU,186946486.261
YEM,M,2023,686,,79.512
YEM,M,2023,688,,34821.587
YEM,M,2023,699,IND,203001758.955
YEM,M,2023,702,,1038289.207
YEM,M,2023,703,,85036.671
YEM,M,2023,704,,6163554.227
YEM,M,2023,705,,363514.567
YEM,M,2023,706,SOM,5149993.07
YEM,M,2023,710,,6072729.501
YEM,M,2023,716,,1755614.123
YEM,M,2023,724,,8506774.514
YEM,M,2023,729,SDN,2398393.381
YEM,M,2023,740,,1619.867
YEM,M,2023,748,,2865.742
YEM,M,2023,752,,11032199.598
YEM,M,2023,757,,892192.761
YEM,M,2023,760,SYR,5504406.367
YEM,M,2023,764,,29691777.906
YEM,M,2023,772,,3166.406
YEM,M,2023,784,ARE,250356069.239
YEM,M,2023,788,TUN,1604072.788
YEM,M,2023,792,TUR,91933567.209
YEM,M,2023,795,,8552.277
YEM,M,2023,798,,2398.918
YEM,M,2023,800,,531.525
YEM,M,2023,804,,8947209.233
YEM,M,2023,807,,93816.15
YEM,M,2023,818,EGY,43250722.752
YEM,M,2023,826,,7853483.386
YEM,M,2023,834,,379144.777
YEM,M,2023,842,,17813130.315
YEM,M,2023,858,,48606.61
YEM,M,2023,860,,36873.577
YEM,M,2023,899,,55450744.029
YEM,X,2023,16,,5844.376
YEM,X,2023,31,,2631.236
YEM,X,2023,36,,32578.503
YEM,X,2023,48,BHR,2564474.339
YEM,X,2023,50,BGD,330465.593
YEM,X,2023,56,,734425.957
YEM,X,2023,104,,330137.346
YEM,X,2023,120,,263012.279
YEM,X,2023,124,,32043.66
YEM,X,2023,136,,52522.081
YEM,X,2023,144,LKA,349677.637
YEM,X,2023,152,,54356.4
YEM,X,2023,156,,1025671.294
YEM,X,2023,178,,61668.86
YEM,X,2023,204,,169859.937
YEM,X,2023,208,,5618.97
YEM,X,2023,231,ETH,223673.396
YEM,X,2023,232,ERI,15217.501
YEM,X,2023,251,,885191.597
YEM,X,2023,262,DJI,2479630.3
YEM,X,2023,276,,686681.949
YEM,X,2023,288,,1886288.36
YEM,X,2023,300,,358835.537
YEM,X,2023,324,,198336.08
YEM,X,2023,344,,3018587.056
YEM,X,2023,360,,238541.394
YEM,X,2023,368,IRQ,1905517.211
YEM,X,2023,372,,6125.263
YEM,X,2023,380,,3688147.161
YEM,X,2023,384,,743953.85
YEM,X,2023,392,,953712.537
YEM,X,2023,400,JOR,73947384.764
YEM,X,2023,404,,32096.554
YEM,X,2023,408,,5357.625
YEM,X,2023,410,,2244667.845
YEM,X,2023,414,KWT,5085878.047
YEM,X,2023,422,LBN,4867.328
YEM,X,2023,430,,599483.585
YEM,X,2023,434,LBY,11383.745
YEM,X,2023,440,,123617.34
YEM,X,2023,458,,26472902.65
YEM,X,2023,484,,103544.025
YEM,X,2023,490,,1913076.331
YEM,X,2023,508,,242255.794
YEM,X,2023,512,OMN,15205896.63
YEM,X,2023,516,,18964.024
YEM,X,2023,528,,8165102.781
YEM,X,2023,533,,1164.855
YEM,X,2023,566,,155089.84
YEM,X,2023,586,PAK,61159.622
YEM,X,2023,591,,54065.257
YEM,X,2023,598,,34437.849
YEM,X,2023,620,,80529.806
YEM,X,2023,634,QAT,1766129.629
YEM,X,2023,646,,5618.97
YEM,X,2023,682,SAU,255832534.554
YEM,X,2023,686,,51507.774
YEM,X,2023,699,IND,974444.272
YEM,X,2023,702,,73536.01
YEM,X,2023,704,,2319944.555
YEM,X,2023,706,SOM,12430122.982
YEM,X,2023,710,,53297.309
YEM,X,2023,716,,2929.005
YEM,X,2023,724,,1792895.457
YEM,X,2023,729,SDN,226344.988
YEM,X,2023,740,,6071.375
YEM,X,2023,760,SYR,59477.544
YEM,X,2023,764,,8510380.381
YEM,X,2023,768,,22586.655
YEM,X,2023,784,ARE,15856441.465
YEM,X,2023,788,TUN,23508.992
YEM,X,2023,792,TUR,656042.132
YEM,X,2023,800,,9054.614
YEM,X,2023,818,EGY,8973495.124
YEM,X,2023,826,,236034.971
YEM,X,2023,834,,70207.287
YEM,X,2023,842,,1755065.097
YEM,X,2023,899,,160881.363
BTN,M,2025,4,AFG,1824.142
BTN,M,2025,8,,248.747
BTN,M,2025,16,,301.642
BTN,M,2025,32,,7564.026
BTN,M,2025,36,,3472063.903
BTN,M,2025,40,,1192257.901
BTN,M,2025,48,BHR,11.641
BTN,M,2025,50,BGD,16083054.681
BTN,M,2025,51,,345.504
BTN,M,2025,56,,565042.574
BTN,M,2025,64,BTN,71526.206
BTN,M,2025,70,,435.301
BTN,M,2025,76,,1709220.678
BTN,M,2025,86,,21443.513
BTN,M,2025,100,,5312.368
BTN,M,2025,104,,466.287
BTN,M,2025,112,,8180.022
BTN,M,2025,116,,2317.23
BTN,M,2025,124,,338001.841
BTN,M,2025,144,LKA,89696.881
BTN,M,2025,148,,397.388
BTN,M,2025,152,,197314.926
BTN,M,2025,156,,426692722.393
BTN,M,2025,170,,437.259
BTN,M,2025,188,,10223.671
BTN,M,2025,191,,926.894
BTN,M,2025,196,,12289.808
BTN,M,2025,203,,166824.311
BTN,M,2025,208,,777413.569
BTN,M,2025,233,,73897.925
BTN,M,2025,246,,1696558.437
BTN,M,2025,251,,5567948.415
BTN,M,2025,258,,12.21
BTN,M,2025,268,,406751.145
BTN,M,2025,270,,1.236
BTN,M,2025,276,,6185319.195
BTN,M,2025,300,,10200.034
BTN,M,2025,344,,13832201.448
BTN,M,2025,348,,778648.038
BTN,M,2025,352,,623.912
BTN,M,2025,360,,3815510.914
BTN,M,2025,364,IRN,265.576
BTN,M,2025,372,,19436.698
BTN,M,2025,376,ISR,427111.467
BTN,M,2025,380,,2618120.091
BTN,M,2025,392,,18278938.034
BTN,M,2025,398,,28.197
BTN,M,2025,400,JOR,116.429
BTN,M,2025,404,,62805.457
BTN,M,2025,408,,76965.288
BTN,M,2025,410,,7421871.301
BTN,M,2025,414,KWT,44814.251
BTN,M,2025,418,,910.304
BTN,M,2025,428,,54582.382
BTN,M,2025,440,,6101.221
BTN,M,2025,442,,265.509
BTN,M,2025,446,,54.087
BTN,M,2025,450,,1557.893
BTN,M,2025,458,,54472246.451
BTN,M,2025,470,,4932.385
BTN,M,2025,484,,771449.937
BTN,M,2025,490,,663719.666
BTN,M,2025,496,,132.123
BTN,M,2025,504,MAR,3920.328
BTN,M,2025,516,,8124.133
BTN,M,2025,524,NPL,5837742.714
BTN,M,2025,528,,1341076.943
BTN,M,2025,554,,658947.873
BTN,M,2025,579,,1400953.427
BTN,M,2025,581,,2609.54
BTN,M,2025,585,,341.238
BTN,M,2025,586,PAK,1284.525
BTN,M,2025,604,,123.471
BTN,M,2025,608,,212261.301
BTN,M,2025,616,,171503.472
BTN,M,2025,620,,231464.641
BTN,M,2025,634,QAT,160.977
BTN,M,2025,642,,41671.758
BTN,M,2025,643,,121840.024
BTN,M,2025,654,,28.843
BTN,M,2025,660,,173.656
BTN,M,2025,688,,183.983
BTN,M,2025,699,IND,1182654961.086
BTN,M,2025,702,,27328192.68
BTN,M,2025,703,,749321.773
BTN,M,2025,704,,262195726.199
BTN,M,2025,705,,739955.78
BTN,M,2025,710,,12876837.329
BTN,M,2025,724,,177114.619
BTN,M,2025,748,,219319.603
BTN,M,2025,752,,5617507.249
BTN,M,2025,757,,1083252.113
BTN,M,2025,764,,22474533.771
BTN,M,2025,784,ARE,2502626.584
BTN,M,2025,788,TUN,3032.218
BTN,M,2025,792,TUR,474754.67
BTN,M,2025,804,,2481.264
BTN,M,2025,818,EGY,6033.117
BTN,M,2025,826,,7781986.828
BTN,M,2025,834,,116.622
BTN,M,2025,842,,10242782.167
BTN,M,2025,860,,44317.549
SSD,X,2025,36,,1946.316
SSD,X,2025,76,,722.0
SSD,X,2025,124,,4667.304
SSD,X,2025,156,,358138453.718
SSD,X,2025,178,,15000.0
SSD,X,2025,203,,5584.0
SSD,X,2025,251,,388124.34
SSD,X,2025,372,,17.446
SSD,X,2025,380,,383106451.72
SSD,X,2025,392,,22080.0
SSD,X,2025,404,,1509837.831
SSD,X,2025,428,,50.671
SSD,X,2025,458,,1204867826.204
SSD,X,2025,512,OMN,40825201.68
SSD,X,2025,554,,803.051
SSD,X,2025,566,,10000.0
SSD,X,2025,579,,11760.13
SSD,X,2025,616,,23261.0
SSD,X,2025,620,,53.714
SSD,X,2025,646,,8916.753
SSD,X,2025,699,IND,32260823.17
SSD,X,2025,702,,570066769.07
SSD,X,2025,710,,231.204
SSD,X,2025,757,,881.399
SSD,X,2025,764,,36962988.48
SSD,X,2025,784,ARE,629860992.06
SSD,X,2025,800,,21514193.28
SSD,X,2025,818,EGY,600.0
SSD,X,2025,826,,74000.0
SSD,X,2025,834,,137884.0
SSD,X,2025,842,,66400.0
ETH,M,2023,4,AFG,3609.749
ETH,M,2023,8,,405207.936
ETH,M,2023,12,DZA,458676.277
ETH,M,2023,20,,72956.448
ETH,M,2023,24,,63610.112
ETH,M,2023,28,,12587.106
ETH,M,2023,32,,2749728.124
ETH,M,2023,36,,7675134.149
ETH,M,2023,40,,26898175.024
ETH,M,2023,44,,18207.553
ETH,M,2023,48,BHR,32494245.773
ETH,M,2023,50,BGD,4241463.491
ETH,M,2023,51,,6783.255
ETH,M,2023,56,,141228981.862
ETH,M,2023,68,,277385.685
ETH,M,2023,70,,24638.024
ETH,M,2023,72,,591.729
ETH,M,2023,76,,40473355.082
ETH,M,2023,84,,339856.634
ETH,M,2023,100,,7792867.048
ETH,M,2023,104,,327506.355
ETH,M,2023,112,,81256.117
ETH,M,2023,116,,477104.973
ETH,M,2023,120,,108802.265
ETH,M,2023,124,,42739329.887
ETH,M,2023,136,,13229.044
ETH,M,2023,144,LKA,4209799.853
ETH,M,2023,148,,2578.089
ETH,M,2023,152,,1876373.564
ETH,M,2023,156,,5572385918.438
ETH,M,2023,170,,1944595.762
ETH,M,2023,178,,12712.539
ETH,M,2023,180,,44247.548
ETH,M,2023,188,,4787272.385
ETH,M,2023,191,,70735.27
ETH,M,2023,192,,39110.266
ETH,M,2023,196,,6669538.534
ETH,M,2023,203,,19539591.638
ETH,M,2023,204,,618.568
ETH,M,2023,208,,21900677.695
ETH,M,2023,212,,1642.778
ETH,M,2023,214,,184504.029
ETH,M,2023,218,,123599.813
ETH,M,2023,222,,75555.644
ETH,M,2023,232,ERI,8328.389
ETH,M,2023,233,,6098126.435
ETH,M,2023,246,,9001339.7
ETH,M,2023,251,,200085234.387
ETH,M,2023,262,DJI,205791226.955
ETH,M,2023,268,,168400.803
ETH,M,2023,270,,4499.725
ETH,M,2023,275,PSE,158276.942
ETH,M,2023,276,,175500668.477
ETH,M,2023,288,,400385.955
ETH,M,2023,292,,69.691
ETH,M,2023,300,,5257279.497
ETH,M,2023,320,,161259.596
ETH,M,2023,324,,401976.26
ETH,M,2023,332,,162562.608
ETH,M,2023,336,,1012.872
ETH,M,2023,340,,14734.211
ETH,M,2023,344,,70977552.469
ETH,M,2023,348,,19867367.374
ETH,M,2023,352,,184650.697
ETH,M,2023,360,,331469689.59
ETH,M,2023,364,IRN,1644754.944
ETH,M,2023,368,IRQ,17759292.681
ETH,M,2023,372,,20336199.098
ETH,M,2023,376,ISR,16368606.852
ETH,M,2023,380,,249006392.816
ETH,M,2023,384,,2225459.518
ETH,M,2023,388,,28990.697
ETH,M,2023,392,,381941037.156
ETH,M,2023,398,,3028826.407
ETH,M,2023,400,JOR,4694234.438
ETH,M,2023,404,,79501568.792
ETH,M,2023,408,,497361.494
ETH,M,2023,410,,178147341.714
ETH,M,2023,414,KWT,1327406433.618
ETH,M,2023,417,,3451.268
ETH,M,2023,418,,44502.87
ETH,M,2023,422,LBN,2409655.86
ETH,M,2023,426,,15093.404
ETH,M,2023,428,,1559990.101
ETH,M,2023,430,,139.072
ETH,M,2023,434,LBY,167.117
ETH,M,2023,440,,2438121.836
ETH,M,2023,442,,3559396.379
ETH,M,2023,446,,2620.777
ETH,M,2023,450,,505879.11
ETH,M,2023,454,,11922.107
ETH,M,2023,458,,264094621.836
ETH,M,2023,466,,31535.374
ETH,M,2023,470,,402988.748
ETH,M,2023,478,,58.097
ETH,M,2023,480,,154182.093
ETH,M,2023,484,,17562982.485
ETH,M,2023,490,,29051505.006
ETH,M,2023,498,,141414.03
ETH,M,2023,504,MAR,676621797.556
ETH,M,2023,508,,93528.233
ETH,M,2023,512,OMN,149622118.752
ETH,M,2023,516,,162907.98
ETH,M,2023,520,,314252.662
ETH,M,2023,524,NPL,788.917
ETH,M,2023,528,,99873748.854
ETH,M,2023,531,,115149.277
ETH,M,2023,540,,23984.947
ETH,M,2023,554,,6134698.323
ETH,M,2023,558,,26.219
ETH,M,2023,562,,56129.706
ETH,M,2023,566,,35965030.368
ETH,M,2023,579,,4018231.904
ETH,M,2023,586,PAK,46997305.02
ETH,M,2023,591,,39226.644
ETH,M,2023,604,,888850.008
ETH,M,2023,608,,12943903.545
ETH,M,2023,616,,42972911.661
ETH,M,2023,620,,8544966.49
ETH,M,2023,624,,8054.699
ETH,M,2023,634,QAT,6827320.808
ETH,M,2023,642,,34503606.914
ETH,M,2023,643,,18780665.834
ETH,M,2023,646,,1778686.578
ETH,M,2023,674,,36905.776
ETH,M,2023,678,,346.978
ETH,M,2023,682,SAU,1129206584.727
ETH,M,2023,686,,251885.584
ETH,M,2023,688,,1681308.264
ETH,M,2023,694,,156742.015
ETH,M,2023,699,IND,1637773788.221
ETH,M,2023,702,,34719296.071
ETH,M,2023,703,,5830652.742
ETH,M,2023,704,,46644220.602
ETH,M,2023,705,,3280386.448
ETH,M,2023,706,SOM,1085297.615
ETH,M,2023,710,,153143129.967
ETH,M,2023,716,,1470626.318
ETH,M,2023,724,,62596796.369
ETH,M,2023,728,SSD,84986.534
ETH,M,2023,729,SDN,8959881.087
ETH,M,2023,748,,908884.053
ETH,M,2023,752,,27361757.416
ETH,M,2023,757,,16843014.328
ETH,M,2023,764,,107143411.163
ETH,M,2023,768,,949.607
ETH,M,2023,772,,9357.182
ETH,M,2023,780,,96.02
ETH,M,2023,784,ARE,471919481.77
ETH,M,2023,788,TUN,5426842.377
ETH,M,2023,792,TUR,619977258.677
ETH,M,2023,800,,4478026.257
ETH,M,2023,804,,83479429.596
ETH,M,2023,807,,104183.259
ETH,M,2023,818,EGY,454682459.684
ETH,M,2023,826,,362511614.697
ETH,M,2023,834,,4821274.108
ETH,M,2023,842,,1080898775.733
ETH,M,2023,854,,13573.85
ETH,M,2023,858,,98642.856
ETH,M,2023,860,,78223.673
ETH,M,2023,876,,58.043
ETH,M,2023,887,YEM,1817194.544
ETH,M,2023,894,,219892.296
ETH,X,2023,12,DZA,258762.544
ETH,X,2023,20,,69813.416
ETH,X,2023,24,,100307.449
ETH,X,2023,31,,4688.197
ETH,X,2023,32,,52709.668
ETH,X,2023,36,,25954945.083
ETH,X,2023,40,,399061.455
ETH,X,2023,48,BHR,886250.692
ETH,X,2023,50,BGD,3022636.231
ETH,X,2023,51,,87504.056
ETH,X,2023,56,,92309491.24
ETH,X,2023,72,,9567.795
ETH,X,2023,76,,2317464.975
ETH,X,2023,84,,1247.106
ETH,X,2023,100,,3544317.639
ETH,X,2023,104,,10945.32
ETH,X,2023,108,,84800.828
ETH,X,2023,112,,47625.726
ETH,X,2023,116,,70597.112
ETH,X,2023,120,,96833.977
ETH,X,2023,124,,24774180.194
ETH,X,2023,140,,3397.083
ETH,X,2023,144,LKA,380514.636
ETH,X,2023,148,,198495.513
ETH,X,2023,152,,72127.598
ETH,X,2023,156,,131648664.172
ETH,X,2023,170,,13873.718
ETH,X,2023,174,,378.387
ETH,X,2023,178,,71099.657
ETH,X,2023,180,,5055319.356
ETH,X,2023,191,,1681926.046
ETH,X,2023,196,,249783.375
ETH,X,2023,203,,505997.86
ETH,X,2023,204,,2777.39
ETH,X,2023,208,,2211383.271
ETH,X,2023,214,,287932.26
ETH,X,2023,222,,2813924.391
ETH,X,2023,226,,205326.531
ETH,X,2023,232,ERI,20149.805
ETH,X,2023,233,,1085057.53
ETH,X,2023,246,,2496090.064
ETH,X,2023,251,,34816866.064
ETH,X,2023,262,DJI,98377418.38
ETH,X,2023,266,,47849.399
ETH,X,2023,268,,404391.996
ETH,X,2023,270,,3412.616
ETH,X,2023,276,,135401558.012
ETH,X,2023,288,,371828.611
ETH,X,2023,300,,9511180.009
ETH,X,2023,320,,282349.096
ETH,X,2023,340,,621263.99
ETH,X,2023,344,,21640048.94
ETH,X,2023,348,,205316.711
ETH,X,2023,352,,38558.668
ETH,X,2023,360,,23449869.863
ETH,X,2023,364,IRN,1317347.672
ETH,X,2023,368,IRQ,791680.263
ETH,X,2023,372,,271407.245
ETH,X,2023,376,ISR,104006746.026
ETH,X,2023,380,,56645403.954
ETH,X,2023,384,,282116.57
ETH,X,2023,388,,43152.898
ETH,X,2023,392,,104119341.675
ETH,X,2023,398,,26365.585
ETH,X,2023,400,JOR,39737412.45
ETH,X,2023,404,,64898245.539
ETH,X,2023,408,,1024.4
ETH,X,2023,410,,116131401.522
ETH,X,2023,414,KWT,5761725.817
ETH,X,2023,422,LBN,2630161.623
ETH,X,2023,426,,47048.18
ETH,X,2023,428,,6198080.307
ETH,X,2023,434,LBY,1317595.257
ETH,X,2023,440,,839201.928
ETH,X,2023,442,,664.778
ETH,X,2023,450,,1416450.088
ETH,X,2023,454,,193599.03
ETH,X,2023,458,,10832993.555
ETH,X,2023,462,MDV,1680.379
ETH,X,2023,466,,108810.194
ETH,X,2023,478,,1944.593
ETH,X,2023,480,,324824.822
ETH,X,2023,484,,410948.05
ETH,X,2023,490,,30664606.452
ETH,X,2023,496,,32720.088
ETH,X,2023,504,MAR,2738384.086
ETH,X,2023,508,,43166.733
ETH,X,2023,512,OMN,9973161.09
ETH,X,2023,516,,3263.47
ETH,X,2023,524,NPL,1112163.88
ETH,X,2023,528,,218711710.923
ETH,X,2023,554,,3362650.783
ETH,X,2023,562,,472271.023
ETH,X,2023,566,,1280195.149
ETH,X,2023,579,,5819450.85
ETH,X,2023,586,PAK,35918563.75
ETH,X,2023,591,,501.668
ETH,X,2023,608,,28133.725
ETH,X,2023,616,,4546263.19
ETH,X,2023,620,,4205575.666
ETH,X,2023,624,,2211.727
ETH,X,2023,634,QAT,7855740.968
ETH,X,2023,642,,1524879.158
ETH,X,2023,643,,12934262.357
ETH,X,2023,646,,121229.743
ETH,X,2023,682,SAU,297920261.054
ETH,X,2023,686,,37426.319
ETH,X,2023,688,,36202.869
ETH,X,2023,690,,225925.874
ETH,X,2023,694,,1453383.884
ETH,X,2023,699,IND,139250487.678
ETH,X,2023,702,,73469216.877
ETH,X,2023,703,,191738.456
ETH,X,2023,704,,47887434.249
ETH,X,2023,705,,951672.743
ETH,X,2023,706,SOM,142156892.409
ETH,X,2023,710,,9976816.545
ETH,X,2023,716,,347400.847
ETH,X,2023,724,,11535264.797
ETH,X,2023,728,SSD,2604973.909
ETH,X,2023,729,SDN,52840537.139
ETH,X,2023,748,,435570.137
ETH,X,2023,752,,7213921.133
ETH,X,2023,757,,4407546.019
ETH,X,2023,760,SYR,107447.912
ETH,X,2023,764,,7107771.618
ETH,X,2023,768,,51796.63
ETH,X,2023,784,ARE,163901925.094
ETH,X,2023,788,TUN,433287.989
ETH,X,2023,792,TUR,46367426.13
ETH,X,2023,800,,1711701.545
ETH,X,2023,804,,1394.992
ETH,X,2023,807,,27974.303
ETH,X,2023,818,EGY,8711754.285
ETH,X,2023,826,,41452027.206
ETH,X,2023,834,,180446.528
ETH,X,2023,842,,276456879.815
ETH,X,2023,854,,184687.743
ETH,X,2023,882,,1552.115
ETH,X,2023,887,YEM,31741030.051
ETH,X,2023,894,,86726.474
DJI,M,2023,4,AFG,4699.451
DJI,M,2023,8,,18614.324
DJI,M,2023,12,DZA,578609.718
DJI,M,2023,16,,94223.738
DJI,M,2023,20,,770919.33
DJI,M,2023,28,,103903.765
DJI,M,2023,31,,540.068
DJI,M,2023,32,,1081529.545
DJI,M,2023,36,,1947013.924
DJI,M,2023,40,,2556554.502
DJI,M,2023,48,BHR,845346.495
DJI,M,2023,50,BGD,533377.41
DJI,M,2023,56,,28384729.717
DJI,M,2023,68,,291.968
DJI,M,2023,76,,77537016.102
DJI,M,2023,84,,362185.501
DJI,M,2023,96,,93750.322
DJI,M,2023,100,,3132446.108
DJI,M,2023,116,,21424.099
DJI,M,2023,124,,38792528.862
DJI,M,2023,132,,527208.097
DJI,M,2023,144,LKA,6315.756
DJI,M,2023,148,,14991.999
DJI,M,2023,152,,480519.477
DJI,M,2023,156,,935978165.893
DJI,M,2023,170,,139322.219
DJI,M,2023,191,,46523.006
DJI,M,2023,203,,171705.992
DJI,M,2023,204,,17297.522
DJI,M,2023,208,,2873648.083
DJI,M,2023,231,ETH,128259041.73
DJI,M,2023,232,ERI,252151.565
DJI,M,2023,233,,495.93
DJI,M,2023,246,,3875458.051
DJI,M,2023,251,,67029655.851
DJI,M,2023,268,,6119.289
DJI,M,2023,276,,31461966.276
DJI,M,2023,288,,158122.813
DJI,M,2023,300,,193617.704
DJI,M,2023,332,,41410.14
DJI,M,2023,344,,1737386.218
DJI,M,2023,348,,160034.401
DJI,M,2023,352,,346459.685
DJI,M,2023,360,,293692519.353
DJI,M,2023,364,IRN,1720836.44
DJI,M,2023,368,IRQ,4777176.428
DJI,M,2023,372,,669434.056
DJI,M,2023,376,ISR,118265.337
DJI,M,2023,380,,20119319.998
DJI,M,2023,384,,2084784.239
DJI,M,2023,392,,216564801.268
DJI,M,2023,400,JOR,4162164.161
DJI,M,2023,404,,3576570.211
DJI,M,2023,410,,23342030.496
DJI,M,2023,414,KWT,384427.423
DJI,M,2023,418,,41371.043
DJI,M,2023,422,LBN,633344.92
DJI,M,2023,430,,827015.006
DJI,M,2023,442,,22036.57
DJI,M,2023,450,,317282.52
DJI,M,2023,458,,224316869.085
DJI,M,2023,470,,1487569.92
DJI,M,2023,480,,62906.63
DJI,M,2023,484,,1279865.86
DJI,M,2023,490,,2102143.719
DJI,M,2023,498,,131304.582
DJI,M,2023,504,MAR,506501.103
DJI,M,2023,508,,376710.026
DJI,M,2023,512,OMN,215623736.958
DJI,M,2023,516,,353775.612
DJI,M,2023,528,,6214937.298
DJI,M,2023,554,,2216706.896
DJI,M,2023,558,,4914.008
DJI,M,2023,562,,34627.489
DJI,M,2023,566,,390.88
DJI,M,2023,570,,975.57
DJI,M,2023,579,,185812.903
DJI,M,2023,586,PAK,74947956.464
DJI,M,2023,591,,268953.719
DJI,M,2023,608,,6760.379
DJI,M,2023,612,,10316.992
DJI,M,2023,616,,3205574.28
DJI,M,2023,620,,934764.251
DJI,M,2023,634,QAT,5126956.077
DJI,M,2023,642,,1652433.497
DJI,M,2023,643,,358075.45
DJI,M,2023,646,,81.98
DJI,M,2023,654,,50305.419
DJI,M,2023,666,,155181.49
DJI,M,2023,682,SAU,451982594.264
DJI,M,2023,686,,14772.304
DJI,M,2023,694,,1277.29
DJI,M,2023,699,IND,766990398.561
DJI,M,2023,702,,142690327.094
DJI,M,2023,704,,6945769.48
DJI,M,2023,705,,415045.894
DJI,M,2023,706,SOM,84194189.774
DJI,M,2023,710,,13937858.748
DJI,M,2023,724,,12217129.896
DJI,M,2023,728,SSD,5482.819
DJI,M,2023,729,SDN,79602.018
DJI,M,2023,732,,33519.341
DJI,M,2023,748,,1245277.096
DJI,M,2023,752,,3347797.008
DJI,M,2023,757,,4627198.061
DJI,M,2023,760,SYR,17256.884
DJI,M,2023,764,,13178532.527
DJI,M,2023,768,,46929.18
DJI,M,2023,772,,185450.384
DJI,M,2023,784,ARE,605929033.665
DJI,M,2023,788,TUN,310215.16
DJI,M,2023,792,TUR,490570728.771
DJI,M,2023,795,,556.145
DJI,M,2023,796,,23822.63
DJI,M,2023,800,,11774.948
DJI,M,2023,804,,35479811.893
DJI,M,2023,818,EGY,118794294.353
DJI,M,2023,826,,22433416.236
DJI,M,2023,834,,35316.836
DJI,M,2023,842,,66404660.785
DJI,M,2023,858,,50480.942
DJI,M,2023,876,,17812.561
DJI,M,2023,887,YEM,4557965.423
DJI,M,2023,894,,25165.165
DJI,M,2023,899,,2830721.332
DJI,X,2023,8,,43149.186
DJI,X,2023,16,,5.627
DJI,X,2023,24,,203089.352
DJI,X,2023,40,,5896.455
DJI,X,2023,48,BHR,179540.689
DJI,X,2023,56,,636982.078
DJI,X,2023,70,,50.08
DJI,X,2023,72,,1119766.4
DJI,X,2023,76,,300.482
DJI,X,2023,112,,1783.86
DJI,X,2023,116,,852121.149
DJI,X,2023,120,,23046.116
DJI,X,2023,124,,22211279.242
DJI,X,2023,140,,168810.0
DJI,X,2023,144,LKA,407121.952
DJI,X,2023,148,,5635324.139
DJI,X,2023,156,,115903496.199
DJI,X,2023,170,,869.371
DJI,X,2023,178,,524046.01
DJI,X,2023,192,,44989.114
DJI,X,2023,204,,192641.707
DJI,X,2023,208,,28.135
DJI,X,2023,231,ETH,3995002544.061
DJI,X,2023,232,ERI,71285.711
DJI,X,2023,233,,746117.591
DJI,X,2023,246,,959.533
DJI,X,2023,251,,84347226.911
DJI,X,2023,266,,916822.854
DJI,X,2023,268,,8032.807
DJI,X,2023,270,,14668.52
DJI,X,2023,276,,1349213.711
DJI,X,2023,288,,0.006
DJI,X,2023,300,,132142.881
DJI,X,2023,324,,243838.983
DJI,X,2023,344,,211682.113
DJI,X,2023,352,,2239.073
DJI,X,2023,360,,924067.859
DJI,X,2023,368,IRQ,9812.233
DJI,X,2023,380,,293726.547
DJI,X,2023,384,,510417.444
DJI,X,2023,392,,610429.728
DJI,X,2023,400,JOR,318107.353
DJI,X,2023,404,,13093160.743
DJI,X,2023,410,,799706.888
DJI,X,2023,414,KWT,484890.649
DJI,X,2023,426,,250401.5
DJI,X,2023,434,LBY,1368100.208
DJI,X,2023,450,,47483.22
DJI,X,2023,458,,1944688.161
DJI,X,2023,466,,1824602.951
DJI,X,2023,478,,42311.124
DJI,X,2023,480,,4398.063
DJI,X,2023,490,,1111.034
DJI,X,2023,496,,490711.499
DJI,X,2023,504,MAR,35328.889
DJI,X,2023,508,,5293.6
DJI,X,2023,512,OMN,37885596.855
DJI,X,2023,516,,456597.552
DJI,X,2023,528,,883662.004
DJI,X,2023,540,,10165.322
DJI,X,2023,562,,514806.718
DJI,X,2023,566,,4179129.538
DJI,X,2023,579,,1688.1
DJI,X,2023,586,PAK,0.006
DJI,X,2023,608,,963020.333
DJI,X,2023,616,,112.54
DJI,X,2023,620,,219747.776
DJI,X,2023,634,QAT,2256074.671
DJI,X,2023,642,,35453.476
DJI,X,2023,643,,1801.777
DJI,X,2023,646,,511805.456
DJI,X,2023,660,,1001.606
DJI,X,2023,682,SAU,4596386.174
DJI,X,2023,686,,302629.558
DJI,X,2023,690,,22835.694
DJI,X,2023,694,,356101.91
DJI,X,2023,699,IND,1406588.567
DJI,X,2023,702,,303338.318
DJI,X,2023,706,SOM,53985840.285
DJI,X,2023,710,,5582071.022
DJI,X,2023,716,,2226469.268
DJI,X,2023,724,,7617323.705
DJI,X,2023,728,SSD,39476.1
DJI,X,2023,729,SDN,4509957.361
DJI,X,2023,740,,393.89
DJI,X,2023,752,,10121.623
DJI,X,2023,757,,347676.259
DJI,X,2023,764,,140379.644
DJI,X,2023,768,,137278.509
DJI,X,2023,784,ARE,221977768.265
DJI,X,2023,792,TUR,31303304.79
DJI,X,2023,796,,5109.316
DJI,X,2023,800,,212864.109
DJI,X,2023,804,,1350.48
DJI,X,2023,818,EGY,109359.327
DJI,X,2023,826,,1704626.583
DJI,X,2023,834,,3267.514
DJI,X,2023,842,,76016270.758
DJI,X,2023,887,YEM,66164522.0
DJI,X,2023,894,,1607553.192
DJI,X,2023,899,,1844292.578
